{"allocation": {"FINAMEXO.MX": 2185, "GFMULTIO.MX": 94, "GMD.MX": 29, "CYDSASAA.MX": 25, "GNP.MX": 13, "AXTELCPO.MX": 59, "AEROMEX.MX": 6, "BIMBOA.MX": 4, "ORBIA.MX": 3, "ALFAA.MX": 4, "GAPB.MX": 1, "AUTLANB.MX": 5, "CHDRAUIB.MX": 2, "LAMOSA.MX": 1, "TMMA.MX": 8}, "qty": {"FINAMEXO.MX": 95812.24666595458, "GFMULTIO.MX": 940.0, "GMD.MX": 860.1399955749512, "CYDSASAA.MX": 686.9999885559082, "GNP.MX": 444.6000099182129, "AXTELCPO.MX": 238.3599977493286, "AEROMEX.MX": 190.68000411987305, "BIMBOA.MX": 173.8000030517578, "ORBIA.MX": 145.41000366210938, "ALFAA.MX": 83.08000183105469, "GAPB.MX": 185.4900054931641, "AUTLANB.MX": 87.34999656677246, "CHDRAUIB.MX": 72.55999755859376, "LAMOSA.MX": 41.52999877929688, "TMMA.MX": 37.20000076293945}, "pct": {"FINAMEXO.MX": 0.9581277682719641, "GFMULTIO.MX": 0.009400052013347423, "GMD.MX": 0.008601447550175494, "CYDSASAA.MX": 0.006870037899568747, "GNP.MX": 0.004446024700389342, "AXTELCPO.MX": 0.002383613166750068, "AEROMEX.MX": 0.0019068105921618166, "BIMBOA.MX": 0.0017380096474536855, "ORBIA.MX": 0.001454108082643476, "ALFAA.MX": 0.0008308046154052269, "GAPB.MX": 0.0018549103187147252, "AUTLANB.MX": 0.0008735047990355106, "CHDRAUIB.MX": 0.0007256039905735568, "LAMOSA.MX": 0.0004153022857868571, "TMMA.MX": 0.0003720020660299943}}