{"allocation": {"ACTINVRB.MX": 2470, "BAFARB.MX": 574, "MEDICAB.MX": 391, "ACCELSAB.MX": 494, "FRAGUAB.MX": 23, "VALUEGFO.MX": 41, "WMT.MX": 2, "MONEXB.MX": 175, "TS.MX": 6, "LABB.MX": 140, "RCENTROA.MX": 47, "CERAMICB.MX": 8}, "qty": {"ACTINVRB.MX": 30850.299434661865, "BAFARB.MX": 22673.0, "MEDICAB.MX": 13485.590656280518, "ACCELSAB.MX": 7014.7999057769775, "FRAGUAB.MX": 6095.0, "VALUEGFO.MX": 4920.0, "WMT.MX": 3978.0, "MONEXB.MX": 2327.500033378601, "TS.MX": 1878.0, "LABB.MX": 1754.1999626159668, "RCENTROA.MX": 681.5, "CERAMICB.MX": 408.0}, "pct": {"ACTINVRB.MX": 0.3211368721718155, "BAFARB.MX": 0.23601509340848895, "MEDICAB.MX": 0.14037855327529183, "ACCELSAB.MX": 0.07302071428588244, "FRAGUAB.MX": 0.06344603688637322, "VALUEGFO.MX": 0.05121484847923811, "WMT.MX": 0.04140907870943276, "MONEXB.MX": 0.02422816291563144, "TS.MX": 0.019549082407318934, "LABB.MX": 0.018260383188549164, "RCENTROA.MX": 0.007094089276138368, "CERAMICB.MX": 0.004247084995839257}}