{"allocation": {"GBMO.MX": 2448, "ACCELSAB.MX": 1314, "PASAB.MX": 437, "GFMULTIO.MX": 798, "MEDICAB.MX": 171, "IENOVA.MX": 61, "TS.MX": 14, "ARA.MX": 585, "WMT.MX": 1, "MONEXB.MX": 201, "URBI.MX": 26, "GMEXICOB.MX": 28, "CMOCTEZ.MX": 14, "AUTLANB.MX": 34}, "qty": {"GBMO.MX": 32313.599533081055, "ACCELSAB.MX": 17752.140300750732, "PASAB.MX": 10483.629899978638, "GFMULTIO.MX": 10374.0, "MEDICAB.MX": 6053.400260925293, "IENOVA.MX": 5672.3898696899405, "TS.MX": 4382.0, "ARA.MX": 3954.600133895874, "WMT.MX": 1851.0, "MONEXB.MX": 2383.8599309921265, "URBI.MX": 1811.8571472167969, "GMEXICOB.MX": 1510.6000213623047, "CMOCTEZ.MX": 1092.0, "AUTLANB.MX": 556.2400207519531}, "pct": {"GBMO.MX": 0.32251896134687885, "ACCELSAB.MX": 0.17718242270164963, "PASAB.MX": 0.1046361122048542, "GFMULTIO.MX": 0.10354190660768837, "MEDICAB.MX": 0.06041841184458098, "IENOVA.MX": 0.05661558339404602, "TS.MX": 0.043736324923355545, "ARA.MX": 0.03947048753948318, "WMT.MX": 0.018474654822713626, "MONEXB.MX": 0.023793079076595065, "URBI.MX": 0.018083973734682308, "GMEXICOB.MX": 0.015077155035036418, "CMOCTEZ.MX": 0.010899148063967197, "AUTLANB.MX": 0.005551778704468611}}