{"allocation": {"ACCELSAB.MX": 3074, "MEDICAB.MX": 465, "PASAB.MX": 519, "FRES.MX": 34, "LAMOSA.MX": 204, "ICHB.MX": 79, "VALUEGFO.MX": 44, "CREAL.MX": 144, "TEAKCPO.MX": 108, "GFMULTIO.MX": 129, "HOMEX.MX": 1895}, "qty": {"ACCELSAB.MX": 34828.41976547242, "MEDICAB.MX": 17665.35078048706, "PASAB.MX": 11937.0, "FRES.MX": 8755.0, "LAMOSA.MX": 8160.0, "ICHB.MX": 6978.07014465332, "VALUEGFO.MX": 5060.0, "CREAL.MX": 3785.7601318359375, "TEAKCPO.MX": 1684.8000411987307, "GFMULTIO.MX": 1677.0, "HOMEX.MX": 144.01999536901698}, "pct": {"ACCELSAB.MX": 0.3459475954338977, "MEDICAB.MX": 0.1754683579145421, "PASAB.MX": 0.11856915916662815, "FRES.MX": 0.08696263621545024, "LAMOSA.MX": 0.08105255414255555, "ICHB.MX": 0.0693125500257431, "VALUEGFO.MX": 0.05026052989722195, "CREAL.MX": 0.03760361863435791, "TEAKCPO.MX": 0.016734968941009797, "GFMULTIO.MX": 0.016657491825620794, "HOMEX.MX": 0.0014305378029727757}}