{"allocation": {"ACCELSAB.MX": 2219, "MEDICAB.MX": 421, "PASAB.MX": 567, "ACTINVRB.MX": 795, "FRES.MX": 27, "ICHB.MX": 70, "VALUEGFO.MX": 44, "TEAKCPO.MX": 293, "ALPEKA.MX": 98, "GFMULTIO.MX": 188, "BACHOCOB.MX": 24, "CULTIBAB.MX": 116, "ORBIA.MX": 18, "GRUMAB.MX": 3}, "qty": {"ACCELSAB.MX": 26694.569407463074, "MEDICAB.MX": 15678.040706634521, "PASAB.MX": 13608.0, "ACTINVRB.MX": 10891.499848365784, "FRES.MX": 6480.0, "ICHB.MX": 5231.100234985352, "VALUEGFO.MX": 4312.0, "TEAKCPO.MX": 4104.930067062378, "ALPEKA.MX": 2762.6200523376465, "GFMULTIO.MX": 2444.0, "BACHOCOB.MX": 2217.840087890625, "CULTIBAB.MX": 2162.239929199219, "ORBIA.MX": 1164.4200439453125, "GRUMAB.MX": 726.1500091552734}, "pct": {"ACCELSAB.MX": 0.2710730237782167, "MEDICAB.MX": 0.15920443729192477, "PASAB.MX": 0.13818397484780912, "ACTINVRB.MX": 0.11059896686518918, "FRES.MX": 0.06580189278467101, "ICHB.MX": 0.053119798890181084, "VALUEGFO.MX": 0.04378669161844158, "TEAKCPO.MX": 0.04168397656811898, "ALPEKA.MX": 0.028053337729738278, "GFMULTIO.MX": 0.024817874377428387, "BACHOCOB.MX": 0.02252130797483399, "CULTIBAB.MX": 0.02195670987591075, "ORBIA.MX": 0.011824235013582, "GRUMAB.MX": 0.007373772383954194}}