{"allocation": {"ACCELSAB.MX": 6044, "MEDICAB.MX": 437, "CREAL.MX": 169, "MFRISCOA-1.MX": 423, "BAFARB.MX": 95, "WMT.MX": 1, "BIMBOA.MX": 43, "ICHB.MX": 16, "MEGACPO.MX": 14, "GMEXICOB.MX": 15, "HOMEX.MX": 3525, "TMMA.MX": 114, "MONEXB.MX": 8}, "qty": {"ACCELSAB.MX": 62615.837924957275, "MEDICAB.MX": 17436.300666809082, "CREAL.MX": 4637.360090255737, "MFRISCOA-1.MX": 4259.609870910645, "BAFARB.MX": 3642.2862434387207, "WMT.MX": 1654.1500244140625, "BIMBOA.MX": 1871.7899475097659, "ICHB.MX": 1486.7199707031252, "MEGACPO.MX": 1204.0, "GMEXICOB.MX": 932.5499725341797, "HOMEX.MX": 599.250006303191, "TMMA.MX": 456.0, "MONEXB.MX": 127.91999816894531}, "pct": {"ACCELSAB.MX": 0.620427031204051, "MEDICAB.MX": 0.1727670285408379, "CREAL.MX": 0.04594913441659385, "MFRISCOA-1.MX": 0.0422062084270729, "BAFARB.MX": 0.036089476970990846, "WMT.MX": 0.01639009271173984, "BIMBOA.MX": 0.018546570942049128, "ICHB.MX": 0.014731117369387866, "MEGACPO.MX": 0.011929795564900397, "GMEXICOB.MX": 0.009240141633211166, "HOMEX.MX": 0.005937649557692975, "TMMA.MX": 0.004518261443184868, "MONEXB.MX": 0.0012674912182873343}}