{"allocation": {"ACCELSAB.MX": 4694, "MEDICAB.MX": 679, "FRES.MX": 19, "SIMECB.MX": 73, "GNP.MX": 119, "ALPEKA.MX": 137, "VALUEGFO.MX": 13, "MFRISCOA-1.MX": 201, "LAMOSA.MX": 20, "GFINBURO.MX": 7, "ALFAA.MX": 9}, "qty": {"ACCELSAB.MX": 48817.598209381096, "MEDICAB.MX": 26141.5, "FRES.MX": 6574.0, "SIMECB.MX": 4527.460033416748, "GNP.MX": 4284.0, "ALPEKA.MX": 4075.75, "VALUEGFO.MX": 1586.0, "MFRISCOA-1.MX": 1509.510046005249, "LAMOSA.MX": 792.3999786376953, "GFINBURO.MX": 197.19000053405762, "ALFAA.MX": 184.31999588012695}, "pct": {"ACCELSAB.MX": 0.4946573373762191, "MEDICAB.MX": 0.2648857227583866, "FRES.MX": 0.06661280880644314, "SIMECB.MX": 0.045875696620748786, "GNP.MX": 0.043408772882081295, "ALPEKA.MX": 0.04129862420031345, "VALUEGFO.MX": 0.01607056811180694, "MFRISCOA-1.MX": 0.015295513247026597, "LAMOSA.MX": 0.0080292041793767, "GFINBURO.MX": 0.0019980802866014, "ALFAA.MX": 0.0018676715309959362}}