{"allocation": {"ACCELSAB.MX": 6093, "MEDICAB.MX": 319, "CREAL.MX": 186, "MFRISCOA-1.MX": 399, "BAFARB.MX": 91, "MEGACPO.MX": 41, "BIMBOA.MX": 73, "ICHB.MX": 22, "GMEXICOB.MX": 25, "HOMEX.MX": 2005, "TMMA.MX": 176, "GFINBURO.MX": 7}, "qty": {"ACCELSAB.MX": 63062.55232429505, "MEDICAB.MX": 12696.199756622314, "CREAL.MX": 4858.320156097412, "MFRISCOA-1.MX": 4269.29992389679, "BAFARB.MX": 3443.616012573242, "MEGACPO.MX": 3442.770050048828, "BIMBOA.MX": 2903.9399108886723, "ICHB.MX": 1683.439926147461, "GMEXICOB.MX": 1513.7499809265137, "HOMEX.MX": 727.8150109946728, "TMMA.MX": 652.9600067138672, "GFINBURO.MX": 210.63000106811523}, "pct": {"ACCELSAB.MX": 0.6340156489166635, "MEDICAB.MX": 0.12764452168183735, "CREAL.MX": 0.04884437582819384, "MFRISCOA-1.MX": 0.042922508872614736, "BAFARB.MX": 0.03462128252602158, "MEGACPO.MX": 0.034612777423403504, "BIMBOA.MX": 0.02919550952440238, "ICHB.MX": 0.016924897864899948, "GMEXICOB.MX": 0.01521887619643595, "HOMEX.MX": 0.007317276093015069, "TMMA.MX": 0.006564701984220701, "GFINBURO.MX": 0.00211762308829151}}