{"allocation": {"ACCELSAB.MX": 5935, "MEDICAB.MX": 239, "ARA.MX": 913, "TEAKCPO.MX": 264, "BAFARB.MX": 124, "AEROMEX.MX": 136, "MFRISCOA-1.MX": 270, "WMT.MX": 1, "TLEVISACPO.MX": 16, "BIMBOA.MX": 23, "GMD.MX": 35, "MEGACPO.MX": 9, "HOMEX.MX": 1240, "TMMA.MX": 87, "GCC.MX": 3, "MONEXB.MX": 2}, "qty": {"ACCELSAB.MX": 61189.85249042511, "MEDICAB.MX": 9557.610401153564, "ARA.MX": 6692.289930343628, "TEAKCPO.MX": 5016.0, "BAFARB.MX": 4754.142044067383, "AEROMEX.MX": 3971.2001037597656, "MFRISCOA-1.MX": 3102.2999382019043, "WMT.MX": 1700.3299560546875, "TLEVISACPO.MX": 1032.1600341796875, "BIMBOA.MX": 1014.5300140380859, "GMD.MX": 902.9999732971191, "MEGACPO.MX": 750.9600219726562, "HOMEX.MX": 581.5600144863129, "TMMA.MX": 297.54000663757324, "GCC.MX": 299.009994506836, "MONEXB.MX": 29.0}, "pct": {"ACCELSAB.MX": 0.6064917424602243, "MEDICAB.MX": 0.0947315862030985, "ARA.MX": 0.06633156341630726, "TEAKCPO.MX": 0.04971678238081253, "BAFARB.MX": 0.04712134079193966, "AEROMEX.MX": 0.03936110274108541, "MFRISCOA-1.MX": 0.03074887777264598, "WMT.MX": 0.016853057097437688, "TLEVISACPO.MX": 0.010230397887058124, "BIMBOA.MX": 0.010055655487785925, "GMD.MX": 0.008950209960584609, "MEGACPO.MX": 0.007443244814414822, "HOMEX.MX": 0.005764213054545096, "TMMA.MX": 0.002949109202469247, "GCC.MX": 0.0029636791919027744, "MONEXB.MX": 0.0002874375376881107}}