{"allocation": {"ACCELSAB.MX": 4201, "GBMO.MX": 1314, "WMT.MX": 4, "GFMULTIO.MX": 724, "GRUMAB.MX": 26, "MEGACPO.MX": 45, "CREAL.MX": 135, "TLEVISACPO.MX": 39, "GMD.MX": 103, "FRES.MX": 7, "GCC.MX": 20, "HOMEX.MX": 2211, "TS.MX": 3, "GMEXICOB.MX": 6, "MONEXB.MX": 2}, "qty": {"ACCELSAB.MX": 43312.31176280975, "GBMO.MX": 17476.20025062561, "WMT.MX": 8030.720214843749, "GFMULTIO.MX": 7240.0, "GRUMAB.MX": 5779.800079345703, "MEGACPO.MX": 3832.200164794922, "CREAL.MX": 3375.0, "TLEVISACPO.MX": 3003.77986907959, "GMD.MX": 2935.5, "FRES.MX": 2446.5, "GCC.MX": 2095.20004272461, "HOMEX.MX": 1216.050026357174, "TS.MX": 1002.6000366210938, "GMEXICOB.MX": 395.88002014160156, "MONEXB.MX": 30.799999237060543}, "pct": {"ACCELSAB.MX": 0.42391341858774406, "GBMO.MX": 0.17104595646469126, "WMT.MX": 0.078599592620204, "GFMULTIO.MX": 0.07086052500228324, "GRUMAB.MX": 0.05656901492136393, "MEGACPO.MX": 0.03750714303745919, "CREAL.MX": 0.03303235799484889, "TLEVISACPO.MX": 0.02939909095500958, "GMD.MX": 0.028730810931519676, "FRES.MX": 0.023944789284266015, "GCC.MX": 0.020506488261363556, "HOMEX.MX": 0.011901925869711288, "TS.MX": 0.009812812840093799, "GMEXICOB.MX": 0.003874622384688999, "MONEXB.MX": 0.0003014508447524908}}