{"allocation": {"ACCELSAB.MX": 4420, "GBMO.MX": 922, "PASAB.MX": 469, "ALPEKA.MX": 337, "GNP.MX": 212, "GRUMAB.MX": 26, "TLEVISACPO.MX": 44, "AXTELCPO.MX": 492, "AEROMEX.MX": 28, "TEAKCPO.MX": 40, "BIMBOA.MX": 13, "SIMECB.MX": 8, "LABB.MX": 23, "VALUEGFO.MX": 3, "GCC.MX": 3, "TMMA.MX": 44, "CREAL.MX": 2, "HOMEX.MX": 24}, "qty": {"ACCELSAB.MX": 45526.000843048096, "GBMO.MX": 12262.600175857544, "PASAB.MX": 11725.0, "ALPEKA.MX": 7902.650257110596, "GNP.MX": 7208.0, "GRUMAB.MX": 6481.800079345703, "TLEVISACPO.MX": 3237.5200805664062, "AXTELCPO.MX": 1859.759985923767, "AEROMEX.MX": 800.5200042724609, "TEAKCPO.MX": 675.9999847412109, "BIMBOA.MX": 565.6299781799316, "SIMECB.MX": 490.4800109863281, "LABB.MX": 471.96001052856445, "VALUEGFO.MX": 288.0, "GCC.MX": 274.4100036621094, "TMMA.MX": 241.1200008392334, "CREAL.MX": 49.119998931884766, "HOMEX.MX": 15.023999691009521}, "pct": {"ACCELSAB.MX": 0.4549161127131564, "GBMO.MX": 0.12253337214899741, "PASAB.MX": 0.117161431331306, "ALPEKA.MX": 0.07896680728646405, "GNP.MX": 0.07202555198601737, "GRUMAB.MX": 0.0647690383709608, "TLEVISACPO.MX": 0.03235074512605589, "AXTELCPO.MX": 0.018583551546568707, "AEROMEX.MX": 0.007999153049885264, "TEAKCPO.MX": 0.006754893457758746, "BIMBOA.MX": 0.005652027108525047, "SIMECB.MX": 0.004901095106742252, "LABB.MX": 0.004716034999118539, "VALUEGFO.MX": 0.002877824496666621, "GCC.MX": 0.002742027189823596, "TMMA.MX": 0.002409378628650771, "CREAL.MX": 0.0004908289451472786, "HOMEX.MX": 0.00015012650815520467}}