{"allocation": {"ACCELSAB.MX": 3594, "MEDICAB.MX": 416, "GBMO.MX": 1039, "FRES.MX": 24, "PASAB.MX": 343, "BAFARB.MX": 198, "TEAKCPO.MX": 152, "VALUEGFO.MX": 20, "GMEXICOB.MX": 34, "TS.MX": 4, "MONEXB.MX": 21, "HOMEX.MX": 1987, "CREAL.MX": 3}, "qty": {"ACCELSAB.MX": 38815.2006855011, "MEDICAB.MX": 16577.59936523437, "GBMO.MX": 13818.700198173523, "FRES.MX": 8160.0, "PASAB.MX": 7882.139842987061, "BAFARB.MX": 7524.0, "TEAKCPO.MX": 2462.400115966797, "VALUEGFO.MX": 2300.0, "GMEXICOB.MX": 1917.2599792480469, "TS.MX": 1606.1199951171875, "MONEXB.MX": 294.0, "HOMEX.MX": 220.55700284242616, "CREAL.MX": 69.44999885559083}, "pct": {"ACCELSAB.MX": 0.38186112291132435, "MEDICAB.MX": 0.163089217548399, "GBMO.MX": 0.13594736808408592, "FRES.MX": 0.08027748685891355, "PASAB.MX": 0.07754391883155792, "BAFARB.MX": 0.07402056508902764, "TEAKCPO.MX": 0.02422491335182742, "VALUEGFO.MX": 0.022627232815625144, "GMEXICOB.MX": 0.01886186431240269, "TS.MX": 0.015800891764933617, "MONEXB.MX": 0.0028923506294755616, "HOMEX.MX": 0.0021698237619269885, "CREAL.MX": 0.0006832440405001537}}