{"allocation": {"ACTINVRB.MX": 2871, "LAMOSA.MX": 369, "ACCELSAB.MX": 947, "GNP.MX": 266, "GFMULTIO.MX": 383, "GMD.MX": 205, "ICHB.MX": 59, "MEDICAB.MX": 87, "TS.MX": 7, "FRAGUAB.MX": 7, "CREAL.MX": 63, "PE&OLES.MX": 5}, "qty": {"ACTINVRB.MX": 37323.0, "LAMOSA.MX": 14760.0, "ACCELSAB.MX": 13305.350180625916, "GNP.MX": 9576.0, "GFMULTIO.MX": 4979.0, "GMD.MX": 4391.100015640259, "ICHB.MX": 4298.740036010742, "MEDICAB.MX": 2784.0, "TS.MX": 2191.0, "FRAGUAB.MX": 1841.0, "CREAL.MX": 1464.1199855804443, "PE&OLES.MX": 1431.4999389648438}, "pct": {"ACTINVRB.MX": 0.37951163808729865, "LAMOSA.MX": 0.15008417807165897, "ACCELSAB.MX": 0.13529285540750946, "GNP.MX": 0.09737168626112509, "GFMULTIO.MX": 0.050627989337316395, "GMD.MX": 0.044650043135353465, "ICHB.MX": 0.04371089871601666, "MEDICAB.MX": 0.028308560416768196, "TS.MX": 0.022278755701558593, "FRAGUAB.MX": 0.018719849039967762, "CREAL.MX": 0.014887618200144321, "PE&OLES.MX": 0.014555927625282423}}