{"allocation": {"GBMO.MX": 4266, "FRES.MX": 33, "BAFARB.MX": 155, "KUOB.MX": 143, "VALUEGFO.MX": 47, "ACCELSAB.MX": 189, "MEGACPO.MX": 38, "WMT.MX": 1, "RCENTROA.MX": 254, "CULTIBAB.MX": 155, "ASURB.MX": 4, "BSMXB.MX": 34, "MONEXB.MX": 57, "TS.MX": 1, "MEDICAB.MX": 5}, "qty": {"GBMO.MX": 55458.0, "FRES.MX": 7260.0, "BAFARB.MX": 6277.5, "KUOB.MX": 6113.25, "VALUEGFO.MX": 4817.5, "ACCELSAB.MX": 3761.099927902222, "MEGACPO.MX": 3345.900115966797, "WMT.MX": 1916.4599609375, "RCENTROA.MX": 2463.7999515533447, "CULTIBAB.MX": 2325.0, "ASURB.MX": 1307.8800048828125, "BSMXB.MX": 899.9799766540526, "MONEXB.MX": 843.6000108718872, "TS.MX": 251.5800018310547, "MEDICAB.MX": 149.4999980926514}, "pct": {"GBMO.MX": 0.5706080964170731, "FRES.MX": 0.07469823614244926, "BAFARB.MX": 0.06458928063143599, "KUOB.MX": 0.06289931020631238, "VALUEGFO.MX": 0.04956732129700404, "ACCELSAB.MX": 0.038698006965535686, "MEGACPO.MX": 0.03442601060213996, "WMT.MX": 0.019718481917308326, "RCENTROA.MX": 0.025350070329047767, "CULTIBAB.MX": 0.023921955789420735, "ASURB.MX": 0.013456794690182372, "BSMXB.MX": 0.009259905898013829, "MONEXB.MX": 0.008679811683454683, "TS.MX": 0.0025885099704537106, "MEDICAB.MX": 0.001538207460168125}}