{"allocation": {"BAFARB.MX": 1229, "GFMULTIO.MX": 837, "IENOVA.MX": 111, "GNP.MX": 212, "MEDICAB.MX": 248, "CERAMICB.MX": 81, "WMT.MX": 1, "SIMECB.MX": 55, "VOLARA.MX": 62, "MONEXB.MX": 33, "HOMEX.MX": 1422}, "qty": {"BAFARB.MX": 50389.0, "GFMULTIO.MX": 10881.0, "IENOVA.MX": 8857.800338745117, "GNP.MX": 8289.19967651367, "MEDICAB.MX": 6423.199905395509, "CERAMICB.MX": 3888.0, "WMT.MX": 1990.0, "SIMECB.MX": 2888.600025177002, "VOLARA.MX": 1028.5800094604492, "MONEXB.MX": 445.8300075531006, "HOMEX.MX": 119.44799838960162}, "pct": {"BAFARB.MX": 0.5292925603572858, "GFMULTIO.MX": 0.11429542855082708, "IENOVA.MX": 0.09304347814856488, "GNP.MX": 0.0870708233958742, "MEDICAB.MX": 0.06747012093142282, "CERAMICB.MX": 0.040840053874240945, "WMT.MX": 0.020903216874932993, "SIMECB.MX": 0.03034222753327225, "VOLARA.MX": 0.010804337191443417, "MONEXB.MX": 0.004683055948359536, "HOMEX.MX": 0.0012546971937761255}}