{"allocation": {"POCHTECB.MX": 3550, "BAFARB.MX": 549, "MEGACPO.MX": 196, "FRES.MX": 60, "KUOB.MX": 123, "ACCELSAB.MX": 259, "MEDICAB.MX": 156, "WMT.MX": 1, "VOLARA.MX": 122, "GFMULTIO.MX": 78, "GRUMAB.MX": 5, "TS.MX": 3, "ALEATIC.MX": 20}, "qty": {"POCHTECB.MX": 23252.500677108765, "BAFARB.MX": 22509.0, "MEGACPO.MX": 17653.719940185547, "FRES.MX": 12471.000366210936, "KUOB.MX": 5510.399906158447, "ACCELSAB.MX": 5283.599901199342, "MEDICAB.MX": 4368.0, "WMT.MX": 1887.0, "VOLARA.MX": 2014.220027923584, "GFMULTIO.MX": 1014.0, "GRUMAB.MX": 990.9999847412109, "TS.MX": 754.7400054931641, "ALEATIC.MX": 412.59998321533203}, "pct": {"POCHTECB.MX": 0.23697593428663669, "BAFARB.MX": 0.2293986087315384, "MEGACPO.MX": 0.1799164242398499, "FRES.MX": 0.1270971670664754, "KUOB.MX": 0.0561587841319982, "ACCELSAB.MX": 0.05384737067080824, "MEDICAB.MX": 0.04451611013103024, "WMT.MX": 0.019231204170616772, "VOLARA.MX": 0.02052775654559823, "GFMULTIO.MX": 0.010334096994703449, "GRUMAB.MX": 0.010099694244640347, "TS.MX": 0.007691870239200563, "ALEATIC.MX": 0.004204978546903606}}