{"allocation": {"GNP.MX": 1011, "CERAMICB.MX": 268, "GFMULTIO.MX": 928, "MEDICAB.MX": 387, "ANB.MX": 4, "MEGACPO.MX": 58, "FRES.MX": 22, "ACCELSAB.MX": 108, "MONEXB.MX": 143, "AZTECACPO.MX": 619, "PINFRA.MX": 2, "LABB.MX": 7}, "qty": {"GNP.MX": 41451.0, "CERAMICB.MX": 12850.600204467773, "GFMULTIO.MX": 12064.0, "MEDICAB.MX": 8123.1299114227295, "ANB.MX": 6210.1201171875, "MEGACPO.MX": 4015.919876098633, "FRES.MX": 3223.6599731445312, "ACCELSAB.MX": 2170.8000411987305, "MONEXB.MX": 1724.580060005188, "AZTECACPO.MX": 483.43901121616364, "PINFRA.MX": 373.8800048828125, "LABB.MX": 127.6099967956543}, "pct": {"GNP.MX": 0.44658008026033263, "CERAMICB.MX": 0.1384483382959317, "GFMULTIO.MX": 0.12997375427035904, "MEDICAB.MX": 0.08751605528957736, "ANB.MX": 0.06690588744203758, "MEGACPO.MX": 0.04326626186550849, "FRES.MX": 0.03473070202260275, "ACCELSAB.MX": 0.023387519158226882, "MONEXB.MX": 0.018580084958444577, "AZTECACPO.MX": 0.005208420362111655, "PINFRA.MX": 0.00402806597158814, "LABB.MX": 0.001374830103279151}}