{"allocation": {"BAFARB.MX": 1310, "GNP.MX": 240, "FRAGUAB.MX": 26, "MEGACPO.MX": 74, "FRES.MX": 22, "BACHOCOB.MX": 37, "MEDICAB.MX": 148, "ANB.MX": 2, "BSMXB.MX": 61, "VALUEGFO.MX": 18, "VOLARA.MX": 30, "MONEXB.MX": 48, "HOMEX.MX": 5628}, "qty": {"BAFARB.MX": 54365.0, "GNP.MX": 9840.0, "FRAGUAB.MX": 5980.0, "MEGACPO.MX": 5848.219909667969, "FRES.MX": 3894.0, "BACHOCOB.MX": 3196.059898376465, "MEDICAB.MX": 3182.0, "ANB.MX": 3097.199951171875, "BSMXB.MX": 1575.629995346069, "VALUEGFO.MX": 1530.0, "VOLARA.MX": 626.399974822998, "MONEXB.MX": 576.0, "HOMEX.MX": 461.49601274728775}, "pct": {"BAFARB.MX": 0.5772947020887019, "GNP.MX": 0.10448965085170288, "FRAGUAB.MX": 0.06350082439971373, "MEGACPO.MX": 0.06210146915296579, "FRES.MX": 0.04134986792850925, "BACHOCOB.MX": 0.033938534845781076, "MEDICAB.MX": 0.03378923465549985, "ANB.MX": 0.0328887542190915, "BSMXB.MX": 0.01673140529320945, "VALUEGFO.MX": 0.01624686644340502, "VOLARA.MX": 0.006651657994183997, "MONEXB.MX": 0.006116467366928949, "HOMEX.MX": 0.004900564760306618}}