{"allocation": {"BAFARB.MX": 1258, "ACTINVRB.MX": 1002, "IENOVA.MX": 97, "GFMULTIO.MX": 557, "SIMECB.MX": 70, "GNP.MX": 92, "FRAGUAB.MX": 11, "MEDICAB.MX": 110, "RCENTROA.MX": 197, "TEAKCPO.MX": 150, "MONEXB.MX": 31, "ACCELSAB.MX": 16}, "qty": {"BAFARB.MX": 52207.0, "ACTINVRB.MX": 13015.9797706604, "IENOVA.MX": 7312.829940795898, "GFMULTIO.MX": 7241.0, "SIMECB.MX": 3679.200096130371, "GNP.MX": 3680.0, "FRAGUAB.MX": 2804.890060424805, "MEDICAB.MX": 2585.0, "RCENTROA.MX": 1773.0, "TEAKCPO.MX": 1453.4999370574951, "MONEXB.MX": 381.30000591278076, "ACCELSAB.MX": 340.79998779296875}, "pct": {"BAFARB.MX": 0.5411481801812157, "ACTINVRB.MX": 0.13491627111629462, "IENOVA.MX": 0.07580065153018575, "GFMULTIO.MX": 0.07505610306457339, "SIMECB.MX": 0.038136503467801335, "GNP.MX": 0.038144794818067956, "FRAGUAB.MX": 0.029073901044060442, "MEDICAB.MX": 0.026794645273017843, "RCENTROA.MX": 0.018377913372944154, "TEAKCPO.MX": 0.015066156757373054, "MONEXB.MX": 0.003952339806975848, "ACCELSAB.MX": 0.003532539567489907}}