{"allocation": {"FINAMEXO.MX": 1498, "BAFARB.MX": 350, "ACCELSAB.MX": 340, "MEDICAB.MX": 176, "FRAGUAB.MX": 14, "VALUEGFO.MX": 24, "CULTIBAB.MX": 144, "MONEXB.MX": 101, "RCENTROA.MX": 141}, "qty": {"FINAMEXO.MX": 60968.6011428833, "BAFARB.MX": 14175.0, "ACCELSAB.MX": 6085.999870300293, "MEDICAB.MX": 5459.520080566406, "FRAGUAB.MX": 3640.0, "VALUEGFO.MX": 2616.0, "CULTIBAB.MX": 2167.2000274658203, "MONEXB.MX": 1414.0, "RCENTROA.MX": 1410.0}, "pct": {"FINAMEXO.MX": 0.6225330954327194, "BAFARB.MX": 0.14473690493699062, "ACCELSAB.MX": 0.06214241867190058, "MEDICAB.MX": 0.05574561121005511, "FRAGUAB.MX": 0.03716700768752351, "VALUEGFO.MX": 0.026711234096308108, "CULTIBAB.MX": 0.022128664857478934, "MONEXB.MX": 0.014437952986307212, "RCENTROA.MX": 0.014397110120716526}}