{"allocation": {"GBMO.MX": 5891, "BAFARB.MX": 257, "CERAMICB.MX": 91, "WMT.MX": 1, "FRES.MX": 14, "VALUEGFO.MX": 22, "ICHB.MX": 23, "GFMULTIO.MX": 20, "VOLARA.MX": 3}, "qty": {"GBMO.MX": 75993.89775276183, "BAFARB.MX": 10537.0, "CERAMICB.MX": 4368.0, "WMT.MX": 1959.56005859375, "FRES.MX": 2909.9000854492183, "VALUEGFO.MX": 2486.0, "ICHB.MX": 2033.890007019043, "GFMULTIO.MX": 260.0, "VOLARA.MX": 51.75}, "pct": {"GBMO.MX": 0.7554065540380421, "BAFARB.MX": 0.10474155287829767, "CERAMICB.MX": 0.0434194840061122, "WMT.MX": 0.0194787286225109, "FRES.MX": 0.02892544876821128, "VALUEGFO.MX": 0.024711730137178325, "ICHB.MX": 0.020217594924440193, "GFMULTIO.MX": 0.0025844930956019168, "VOLARA.MX": 0.0005144135296053815}}