{"allocation": {"BAFARB.MX": 1240, "GNP.MX": 216, "GFMULTIO.MX": 624, "LABB.MX": 241, "WMT.MX": 1, "VALUEGFO.MX": 31, "CEMEXCPO.MX": 411, "RCENTROA.MX": 532, "MEDICAB.MX": 146, "MONEXB.MX": 192, "VOLARA.MX": 85, "BACHOCOB.MX": 14, "CHDRAUIB.MX": 14, "FRAGUAB.MX": 2}, "qty": {"BAFARB.MX": 51460.0, "GNP.MX": 8640.0, "GFMULTIO.MX": 8112.0, "LABB.MX": 4046.39022064209, "WMT.MX": 2303.0, "VALUEGFO.MX": 3084.5, "CEMEXCPO.MX": 3070.1699137687683, "RCENTROA.MX": 3011.119918823242, "MEDICAB.MX": 2920.0, "MONEXB.MX": 2304.0, "VOLARA.MX": 1509.600019454956, "BACHOCOB.MX": 1283.1000213623047, "CHDRAUIB.MX": 392.97999572753906, "FRAGUAB.MX": 440.0}, "pct": {"BAFARB.MX": 0.5558624471611511, "GNP.MX": 0.09332785743242024, "GFMULTIO.MX": 0.08762448836710567, "LABB.MX": 0.04370844092916949, "WMT.MX": 0.02487662681329442, "VALUEGFO.MX": 0.033318261140081046, "CEMEXCPO.MX": 0.033163469908046014, "RCENTROA.MX": 0.03252562158516856, "MEDICAB.MX": 0.03154135922484573, "MONEXB.MX": 0.024887428648645397, "VOLARA.MX": 0.016306450855980436, "BACHOCOB.MX": 0.013859835169587562, "CHDRAUIB.MX": 0.004244905210075565, "FRAGUAB.MX": 0.004752807554428808}}