{"allocation": {"BAFARB.MX": 1357, "GFMULTIO.MX": 510, "FRAGUAB.MX": 25, "ANB.MX": 2, "SIMECB.MX": 64, "LABB.MX": 190, "GISSAA.MX": 150, "MEDICAB.MX": 129, "VALUEGFO.MX": 21, "MONEXB.MX": 136, "ALPEKA.MX": 66, "GNP.MX": 28, "CREAL.MX": 28, "VOLARA.MX": 23, "AZTECACPO.MX": 255}, "qty": {"BAFARB.MX": 56315.5, "GFMULTIO.MX": 6630.0, "FRAGUAB.MX": 6000.0, "ANB.MX": 3838.159912109375, "SIMECB.MX": 3546.239990234375, "LABB.MX": 3321.1999130249023, "GISSAA.MX": 2850.0, "MEDICAB.MX": 2759.309921264649, "VALUEGFO.MX": 1753.5, "MONEXB.MX": 1632.0, "ALPEKA.MX": 1363.5599899291992, "GNP.MX": 1120.0, "CREAL.MX": 620.7600021362305, "VOLARA.MX": 431.9400157928467, "AZTECACPO.MX": 392.6999902725219}, "pct": {"BAFARB.MX": 0.6083238373583384, "GFMULTIO.MX": 0.07161770812095752, "FRAGUAB.MX": 0.06481240553932807, "ANB.MX": 0.04146006279140411, "SIMECB.MX": 0.03830672406447553, "LABB.MX": 0.03587582594002518, "GISSAA.MX": 0.03078589263118084, "MEDICAB.MX": 0.02980625227094931, "VALUEGFO.MX": 0.01894142551886863, "MONEXB.MX": 0.017628974306697236, "ALPEKA.MX": 0.014729267174082229, "GNP.MX": 0.012098315700674574, "CREAL.MX": 0.006705491500174589, "VOLARA.MX": 0.004665845245371626, "AZTECACPO.MX": 0.004241971837472147}}