{"allocation": {"BAFARB.MX": 1494, "GFMULTIO.MX": 493, "CMOCTEZ.MX": 101, "BACHOCOB.MX": 54, "FRAGUAB.MX": 13, "CEMEXCPO.MX": 360, "VALUEGFO.MX": 29, "MONEXB.MX": 136, "VOLARA.MX": 66, "RCENTROA.MX": 197, "MEDICAB.MX": 37, "GFINBURO.MX": 21, "MEGACPO.MX": 7, "AZTECACPO.MX": 458, "GNP.MX": 9}, "qty": {"BAFARB.MX": 62001.0, "GFMULTIO.MX": 6409.0, "CMOCTEZ.MX": 5858.0, "BACHOCOB.MX": 4690.440032958984, "FRAGUAB.MX": 2990.0, "CEMEXCPO.MX": 2768.4000205993652, "VALUEGFO.MX": 2697.0, "MONEXB.MX": 1632.0, "VOLARA.MX": 1298.2200050354004, "RCENTROA.MX": 1241.100037574768, "MEDICAB.MX": 784.4000282287598, "GFINBURO.MX": 527.1000080108643, "MEGACPO.MX": 556.2900085449219, "AZTECACPO.MX": 441.96998798847204, "GNP.MX": 360.0}, "pct": {"BAFARB.MX": 0.6578012045968752, "GFMULTIO.MX": 0.06799645038404821, "CMOCTEZ.MX": 0.06215060170849655, "BACHOCOB.MX": 0.04976334420041333, "FRAGUAB.MX": 0.03172248192359247, "CEMEXCPO.MX": 0.02937141124104896, "VALUEGFO.MX": 0.028613890885594948, "MONEXB.MX": 0.017314745986388935, "VOLARA.MX": 0.013773498542669436, "RCENTROA.MX": 0.013167482778373082, "MEDICAB.MX": 0.008322112279716474, "GFINBURO.MX": 0.005592281095668926, "MEGACPO.MX": 0.005901973157304811, "AZTECACPO.MX": 0.0046890919581052464, "GNP.MX": 0.0038194292617034415}}