{"allocation": {"FINAMEXO.MX": 1608, "ACCELSAB.MX": 1004, "SIMECB.MX": 75, "MEDICAB.MX": 113, "GFMULTIO.MX": 199, "LAMOSA.MX": 67, "FRAGUAB.MX": 3, "TS.MX": 3, "URBI.MX": 14, "ICHB.MX": 2}, "qty": {"FINAMEXO.MX": 65445.60122680664, "ACCELSAB.MX": 14357.200191497803, "SIMECB.MX": 4588.500022888184, "MEDICAB.MX": 3842.0, "GFMULTIO.MX": 2587.0, "LAMOSA.MX": 2412.0, "FRAGUAB.MX": 810.0, "TS.MX": 939.0, "URBI.MX": 671.9113998413086, "ICHB.MX": 169.97999572753906}, "pct": {"FINAMEXO.MX": 0.6829828905648736, "ACCELSAB.MX": 0.14983011697341217, "SIMECB.MX": 0.04788506714345108, "MEDICAB.MX": 0.04009467735587768, "GFMULTIO.MX": 0.026997639333590718, "LAMOSA.MX": 0.02517135913127979, "FRAGUAB.MX": 0.008453068364982018, "TS.MX": 0.009799297771256934, "URBI.MX": 0.007011991355641172, "ICHB.MX": 0.0017738920056348632}}