{"allocation": {"BAFARB.MX": 1140, "MONEXB.MX": 1005, "FRAGUAB.MX": 43, "SIMECB.MX": 131, "WMT.MX": 2, "BACHOCOB.MX": 55, "AMXL.MX": 160, "AXTELCPO.MX": 173, "VOLARA.MX": 50, "LABB.MX": 42, "GRUMAB.MX": 3, "MAXCOMA.MX": 66}, "qty": {"BAFARB.MX": 44460.0, "MONEXB.MX": 10150.500383377077, "FRAGUAB.MX": 9374.0, "SIMECB.MX": 8384.0, "WMT.MX": 5859.5, "BACHOCOB.MX": 3653.099899291992, "AMXL.MX": 2065.5999755859375, "AXTELCPO.MX": 1368.429973602295, "VOLARA.MX": 830.5000305175781, "LABB.MX": 790.0199775695801, "GRUMAB.MX": 676.8300018310548, "MAXCOMA.MX": 79.86000251770021}, "pct": {"BAFARB.MX": 0.5069998117981956, "MONEXB.MX": 0.11575127719365028, "FRAGUAB.MX": 0.10689645154737486, "SIMECB.MX": 0.09560698205389277, "WMT.MX": 0.06681883484551344, "BACHOCOB.MX": 0.04165814128252469, "AMXL.MX": 0.023555078697085646, "AXTELCPO.MX": 0.015604897415100617, "VOLARA.MX": 0.00947061086753954, "LABB.MX": 0.009008996400013312, "GRUMAB.MX": 0.007718233997924364, "MAXCOMA.MX": 0.0009106839011848277}}