{"allocation": {"CMOCTEZ.MX": 423, "WMT.MX": 5, "GNP.MX": 267, "FRAGUAB.MX": 51, "SIMECB.MX": 177, "PINFRA.MX": 36, "ACCELSAB.MX": 271, "TMMA.MX": 929, "TLEVISACPO.MX": 189, "KUOB.MX": 64}, "qty": {"CMOCTEZ.MX": 19881.0, "WMT.MX": 14275.0, "GNP.MX": 16153.5, "FRAGUAB.MX": 10965.0, "SIMECB.MX": 8258.819972991943, "PINFRA.MX": 5881.68017578125, "ACCELSAB.MX": 4878.0, "TMMA.MX": 4821.510053157806, "TLEVISACPO.MX": 4706.099927902223, "KUOB.MX": 3199.360107421875}, "pct": {"CMOCTEZ.MX": 0.21372829887272454, "WMT.MX": 0.1534616702584449, "GNP.MX": 0.173656258530283, "FRAGUAB.MX": 0.11787791344195084, "SIMECB.MX": 0.08878545060729585, "PINFRA.MX": 0.06323029518048157, "ACCELSAB.MX": 0.05244035219059154, "TMMA.MX": 0.05183306381264311, "TLEVISACPO.MX": 0.050592361144589995, "KUOB.MX": 0.03439433596099465}}