{"allocation": {"GFMULTIO.MX": 7405, "GISSAA.MX": 3, "AXTELCPO.MX": 11}, "qty": {"GFMULTIO.MX": 95524.49717521666, "GISSAA.MX": 50.10000228881836, "AXTELCPO.MX": 43.34000062942505}, "pct": {"GFMULTIO.MX": 0.9990227774654439, "GISSAA.MX": 0.0005239602920473252, "AXTELCPO.MX": 0.0004532622425087797}}