{"allocation": {"GFMULTIO.MX": 7316, "GNP.MX": 11, "AXTELCPO.MX": 51, "LABB.MX": 4, "SIMECB.MX": 1, "VESTA.MX": 2}, "qty": {"GFMULTIO.MX": 94376.39720916747, "GNP.MX": 451.0, "AXTELCPO.MX": 145.349995136261, "LABB.MX": 75.4800033569336, "SIMECB.MX": 56.0, "VESTA.MX": 54.86000061035156}, "pct": {"GFMULTIO.MX": 0.9917749316217115, "GNP.MX": 0.004739431758239901, "AXTELCPO.MX": 0.0015274420909286266, "LABB.MX": 0.0007931980599155331, "SIMECB.MX": 0.0005884882005796773, "VESTA.MX": 0.0005765082686247462}}