{"allocation": {"GFMULTIO.MX": 7983, "KUOB.MX": 6, "AMXL.MX": 8, "AXTELCPO.MX": 5, "GISSAA.MX": 2, "Q.MX": 1}, "qty": {"GFMULTIO.MX": 102980.69695472716, "KUOB.MX": 286.13999176025385, "AMXL.MX": 111.04000091552734, "AXTELCPO.MX": 35.15000104904175, "GISSAA.MX": 36.5, "Q.MX": 83.38999938964844}, "pct": {"GFMULTIO.MX": 0.9946662374692614, "KUOB.MX": 0.0027637586208877607, "AMXL.MX": 0.0010725091515722258, "AXTELCPO.MX": 0.0003395055609874278, "GISSAA.MX": 0.000352544882111147, "Q.MX": 0.0008054443151800611}}