{"allocation": {"GFMULTIO.MX": 7275, "GNP.MX": 32, "MAXCOMA.MX": 35, "AXTELCPO.MX": 13, "KUOB.MX": 1, "LABB.MX": 2}, "qty": {"GFMULTIO.MX": 93847.49722480772, "GNP.MX": 1404.800048828125, "MAXCOMA.MX": 68.25000166893007, "AXTELCPO.MX": 36.399999380111694, "KUOB.MX": 47.79999923706055, "LABB.MX": 38.81999969482422}, "pct": {"GFMULTIO.MX": 0.9832773428906586, "GNP.MX": 0.014718645676778368, "MAXCOMA.MX": 0.0007150822587474289, "AXTELCPO.MX": 0.00038137718884459227, "KUOB.MX": 0.0005008194957762625, "LABB.MX": 0.00040673248919474464}}