{"allocation": {"GFMULTIO.MX": 7295, "GNP.MX": 23, "KUOB.MX": 3, "MAXCOMA.MX": 51, "ICHB.MX": 1}, "qty": {"GFMULTIO.MX": 94105.49721717833, "GNP.MX": 1058.0, "KUOB.MX": 143.06999588012692, "MAXCOMA.MX": 76.5, "ICHB.MX": 78.30999755859375}, "pct": {"GFMULTIO.MX": 0.985796559477167, "GNP.MX": 0.011083016303711267, "KUOB.MX": 0.0014987212636213144, "MAXCOMA.MX": 0.0008013712166672135, "ICHB.MX": 0.0008203317388331608}}