{"allocation": {"BAFARB.MX": 1429, "GFMULTIO.MX": 1079, "CMOCTEZ.MX": 63, "VESTA.MX": 68, "FRES.MX": 13, "AXTELCPO.MX": 602, "CERAMICB.MX": 32, "BACHOCOB.MX": 20, "HERDEZ.MX": 40, "ANB.MX": 1, "FRAGUAB.MX": 6, "CREAL.MX": 56, "VITROA.MX": 30, "ACCELSAB.MX": 11}, "qty": {"BAFARB.MX": 58589.0, "GFMULTIO.MX": 14027.0, "CMOCTEZ.MX": 3631.950096130371, "VESTA.MX": 2348.0399169921875, "FRES.MX": 2060.4349365234375, "AXTELCPO.MX": 1920.3800344467163, "CERAMICB.MX": 1534.4000244140625, "BACHOCOB.MX": 1514.2999267578125, "HERDEZ.MX": 1500.5999755859375, "ANB.MX": 1422.0999755859375, "FRAGUAB.MX": 1423.5, "CREAL.MX": 1323.2799530029297, "VITROA.MX": 1221.8999862670898, "ACCELSAB.MX": 220.9900016784668}, "pct": {"BAFARB.MX": 0.631769922580747, "GFMULTIO.MX": 0.15125427476215908, "CMOCTEZ.MX": 0.03916361144667807, "VESTA.MX": 0.025319104210255475, "FRES.MX": 0.022217836459575663, "AXTELCPO.MX": 0.020707613130246535, "CERAMICB.MX": 0.0165455594844078, "BACHOCOB.MX": 0.016328818506747243, "HERDEZ.MX": 0.01618109082593317, "ANB.MX": 0.01533461898100343, "FRAGUAB.MX": 0.015349715557420223, "CREAL.MX": 0.014269034690152, "VITROA.MX": 0.01317584631458764, "ACCELSAB.MX": 0.0023829530500866056}}