{"allocation": {"BAFARB.MX": 1845, "FRAGUAB.MX": 62, "WMT.MX": 2, "Q.MX": 42, "SIMECB.MX": 72, "ORBIA.MX": 70, "URBI.MX": 71, "SORIANAB.MX": 24}, "qty": {"BAFARB.MX": 75645.0, "FRAGUAB.MX": 13547.0, "WMT.MX": 6044.0, "Q.MX": 3613.6800384521484, "SIMECB.MX": 3335.0399780273438, "ORBIA.MX": 2461.1999893188477, "URBI.MX": 1029.5, "SORIANAB.MX": 368.87999725341797}, "pct": {"BAFARB.MX": 0.7133339556942059, "FRAGUAB.MX": 0.12774849755819165, "WMT.MX": 0.0569950482942135, "Q.MX": 0.034077079469128975, "SIMECB.MX": 0.03144949778471231, "ORBIA.MX": 0.023209168142446307, "URBI.MX": 0.009708206852894242, "SORIANAB.MX": 0.003478546204207131}}