{"allocation": {"GNP.MX": 1070, "CERAMICB.MX": 360, "GFMULTIO.MX": 1162, "ANB.MX": 3, "FRES.MX": 27, "MEGACPO.MX": 43, "AZTECACPO.MX": 4028, "HERDEZ.MX": 55}, "qty": {"GNP.MX": 43870.0, "CERAMICB.MX": 17262.000274658203, "GFMULTIO.MX": 15106.0, "ANB.MX": 4698.75, "FRES.MX": 4310.820098876953, "MEGACPO.MX": 3320.4600524902344, "AZTECACPO.MX": 2904.1880633831024, "HERDEZ.MX": 2069.099941253662}, "pct": {"GNP.MX": 0.46899061009620896, "CERAMICB.MX": 0.1845387745678796, "GFMULTIO.MX": 0.16149013348788085, "ANB.MX": 0.05023181283769231, "FRES.MX": 0.04608466259829729, "MEGACPO.MX": 0.03549725520441042, "AZTECACPO.MX": 0.031047114923185976, "HERDEZ.MX": 0.022119636284444612}}