{"allocation": {"PASAB.MX": 1032, "LAMOSA.MX": 210, "MEGACPO.MX": 110, "CYDSASAA.MX": 218, "VALUEGFO.MX": 54, "CERAMICB.MX": 66, "GCC.MX": 34, "BBVA.MX": 19, "AUTLANB.MX": 135, "GMD.MX": 75, "AMXL.MX": 138, "ORBIA.MX": 44, "CMOCTEZ.MX": 29, "ACCELSAB.MX": 195, "AC.MX": 15, "FINAMEXO.MX": 40, "MFRISCOA-1.MX": 107, "KUOB.MX": 31, "MEDICAB.MX": 30, "BIMBOA.MX": 24, "FEMSAUBD.MX": 6, "CHDRAUIB.MX": 27, "RCENTROA.MX": 83, "GAPB.MX": 5, "GNP.MX": 25, "PINFRA.MX": 5, "LABB.MX": 38, "ASURB.MX": 3, "AXTELCPO.MX": 172, "SORIANAB.MX": 14, "AEROMEX.MX": 16, "VITROA.MX": 7, "OMAB.MX": 5, "RA.MX": 5, "TEAKCPO.MX": 24, "VESTA.MX": 17, "GFNORTEO.MX": 3, "CEMEXCPO.MX": 23, "ALFAA.MX": 14, "TMMA.MX": 62, "GISSAA.MX": 8, "PE&OLES.MX": 1, "BSMXB.MX": 7, "TLEVISACPO.MX": 3, "HOMEX.MX": 209, "GENTERA.MX": 3}, "qty": {"PASAB.MX": 26316.0, "LAMOSA.MX": 8721.299743652346, "MEGACPO.MX": 8660.300369262695, "CYDSASAA.MX": 5990.6399002075195, "VALUEGFO.MX": 5184.0, "CERAMICB.MX": 3418.799949645996, "GCC.MX": 3155.539916992188, "BBVA.MX": 2983.189895629883, "AUTLANB.MX": 2358.4499073028564, "GMD.MX": 2224.499988555908, "AMXL.MX": 2206.6199684143066, "ORBIA.MX": 2132.6800537109375, "CMOCTEZ.MX": 2116.7099380493164, "ACCELSAB.MX": 2010.4500818252563, "AC.MX": 1914.1500091552734, "FINAMEXO.MX": 1753.9999389648435, "MFRISCOA-1.MX": 1277.5799551010132, "KUOB.MX": 1240.0, "MEDICAB.MX": 1170.0, "BIMBOA.MX": 1042.8000183105469, "FEMSAUBD.MX": 1009.5599670410156, "CHDRAUIB.MX": 979.5599670410159, "RCENTROA.MX": 987.6999683380126, "GAPB.MX": 927.4500274658204, "GNP.MX": 855.0000190734863, "PINFRA.MX": 937.0500183105468, "LABB.MX": 839.03999710083, "ASURB.MX": 1001.5199890136719, "AXTELCPO.MX": 694.8799934387207, "SORIANAB.MX": 567.2800064086914, "AEROMEX.MX": 508.4800109863281, "VITROA.MX": 484.05001068115234, "OMAB.MX": 472.2000122070312, "RA.MX": 508.0500030517578, "TEAKCPO.MX": 419.75999450683594, "VESTA.MX": 398.14000129699707, "GFNORTEO.MX": 327.9000091552734, "CEMEXCPO.MX": 327.9800052642822, "ALFAA.MX": 290.7800064086914, "TMMA.MX": 288.30000591278076, "GISSAA.MX": 262.8800048828125, "PE&OLES.MX": 390.9400024414063, "BSMXB.MX": 211.6099967956543, "TLEVISACPO.MX": 209.94001007080078, "HOMEX.MX": 154.4510046839714, "GENTERA.MX": 51.30000114440918}, "pct": {"PASAB.MX": 0.2632034004838495, "LAMOSA.MX": 0.08722738064934725, "MEGACPO.MX": 0.08661728630496576, "CYDSASAA.MX": 0.05991627879650585, "VALUEGFO.MX": 0.05184854947971865, "CERAMICB.MX": 0.034193637799089516, "GCC.MX": 0.03156060330273856, "BBVA.MX": 0.02983681884856533, "AUTLANB.MX": 0.023588388640862268, "GMD.MX": 0.022248668542491235, "AMXL.MX": 0.022069838853253157, "ORBIA.MX": 0.021330317764128193, "CMOCTEZ.MX": 0.021170590269514306, "ACCELSAB.MX": 0.020107816462967054, "AC.MX": 0.019144656917687325, "FINAMEXO.MX": 0.017542892095455665, "MFRISCOA-1.MX": 0.012777906542506098, "KUOB.MX": 0.012402045014438874, "MEDICAB.MX": 0.011701929570075388, "BIMBOA.MX": 0.010429719974310551, "FEMSAUBD.MX": 0.010097264641950082, "CHDRAUIB.MX": 0.009797215165794305, "RCENTROA.MX": 0.009878628603296679, "GAPB.MX": 0.009276029830059415, "GNP.MX": 0.008551410261206026, "PINFRA.MX": 0.009372045570861428, "LABB.MX": 0.008391783720128351, "ASURB.MX": 0.010016851602103133, "AXTELCPO.MX": 0.006949945934080648, "SORIANAB.MX": 0.005673735625219164, "AEROMEX.MX": 0.005085638697737754, "VITROA.MX": 0.004841298404602636, "OMAB.MX": 0.004722778876782408, "RA.MX": 0.005081337909220732, "TEAKCPO.MX": 0.004198292215430962, "VESTA.MX": 0.003982056627527508, "GFNORTEO.MX": 0.0032795408659504993, "CEMEXCPO.MX": 0.003280340958970586, "ALFAA.MX": 0.002908279619983399, "TMMA.MX": 0.002883475524994597, "GISSAA.MX": 0.002629233591897219, "PE&OLES.MX": 0.0039100447646961, "BSMXB.MX": 0.002116448956262073, "TLEVISACPO.MX": 0.0020997463348627595, "HOMEX.MX": 0.0015447647682386473, "GENTERA.MX": 0.0005130846156723615}}