{"allocation": {"GFMULTIO.MX": 1296, "ACCELSAB.MX": 1216, "ALPEKA.MX": 369, "WMT.MX": 6, "VALUEGFO.MX": 28, "BAFARB.MX": 59, "ALEATIC.MX": 76, "CHDRAUIB.MX": 45, "MEGACPO.MX": 23, "TEAKCPO.MX": 132, "CMOCTEZ.MX": 23, "CERAMICB.MX": 32, "PASAB.MX": 74, "ORBIA.MX": 25, "ASURB.MX": 4, "FRES.MX": 5, "MEDICAB.MX": 28, "KUOB.MX": 20, "BACHOCOB.MX": 10, "AXTELCPO.MX": 249, "SIMECB.MX": 16, "BSMXB.MX": 27, "TLEVISACPO.MX": 11, "GRUMAB.MX": 3, "SORIANAB.MX": 19, "AUTLANB.MX": 41, "HERDEZ.MX": 15, "AC.MX": 4, "AZTECACPO.MX": 224, "CYDSASAA.MX": 16, "ARA.MX": 63, "BBVA.MX": 2, "ICHB.MX": 4, "MONEXB.MX": 6}, "qty": {"GFMULTIO.MX": 16848.0, "ACCELSAB.MX": 14628.479675292969, "ALPEKA.MX": 10402.11019706726, "WMT.MX": 11016.0, "VALUEGFO.MX": 2744.0, "BAFARB.MX": 2271.5, "ALEATIC.MX": 2202.479965209961, "CHDRAUIB.MX": 2040.300006866455, "MEGACPO.MX": 2067.0100631713867, "TEAKCPO.MX": 1849.3200302124023, "CMOCTEZ.MX": 1797.4500350952148, "CERAMICB.MX": 1833.5999755859375, "PASAB.MX": 1776.0, "ORBIA.MX": 1617.2500610351562, "ASURB.MX": 1431.6800537109375, "FRES.MX": 1200.0, "MEDICAB.MX": 1042.7200469970703, "KUOB.MX": 960.0, "BACHOCOB.MX": 924.1000366210938, "AXTELCPO.MX": 951.1799833774567, "SIMECB.MX": 869.760009765625, "BSMXB.MX": 816.4799938201904, "TLEVISACPO.MX": 758.3400268554688, "GRUMAB.MX": 726.1500091552734, "SORIANAB.MX": 665.1899681091309, "AUTLANB.MX": 688.3900375366211, "HERDEZ.MX": 617.2500228881836, "AC.MX": 470.23999023437506, "AZTECACPO.MX": 515.1999893188477, "CYDSASAA.MX": 501.76000976562494, "ARA.MX": 408.24000120162964, "BBVA.MX": 239.17999267578125, "ICHB.MX": 298.9200134277344, "MONEXB.MX": 71.15999794006348}, "pct": {"GFMULTIO.MX": 0.1931015254968216, "ACCELSAB.MX": 0.16766273391490513, "ALPEKA.MX": 0.11922265832382073, "WMT.MX": 0.12625868974792182, "VALUEGFO.MX": 0.03145005852108728, "BAFARB.MX": 0.02603455099513475, "ALEATIC.MX": 0.025243485348897792, "CHDRAUIB.MX": 0.02338467733838367, "MEGACPO.MX": 0.023690811753067212, "TEAKCPO.MX": 0.021195781040232852, "CMOCTEZ.MX": 0.02060127871445878, "CERAMICB.MX": 0.021015607338353476, "PASAB.MX": 0.02035543146262792, "ORBIA.MX": 0.018535936247371588, "ASURB.MX": 0.016409045726196198, "FRES.MX": 0.013753669907181026, "MEDICAB.MX": 0.011951022776664993, "KUOB.MX": 0.011002935925744821, "BACHOCOB.MX": 0.010591472387417018, "AXTELCPO.MX": 0.010901846261409562, "SIMECB.MX": 0.00996866006065246, "BSMXB.MX": 0.009357996934016753, "TLEVISACPO.MX": 0.008691632005644092, "GRUMAB.MX": 0.008322689607515091, "SORIANAB.MX": 0.007624002705784383, "AUTLANB.MX": 0.007889907786392201, "HERDEZ.MX": 0.007074544220836675, "AC.MX": 0.00538960466903302, "AZTECACPO.MX": 0.0059049088243955175, "CYDSASAA.MX": 0.005750867955783611, "ARA.MX": 0.004678998516195333, "BBVA.MX": 0.0027413355563872255, "ICHB.MX": 0.0034260393277793155, "MONEXB.MX": 0.0008155926018860957}}