{"allocation": {"VALUEGFO.MX": 152, "ALPEKA.MX": 439, "FRES.MX": 15, "LAMOSA.MX": 95, "GFMULTIO.MX": 265, "CMOCTEZ.MX": 42, "CERAMICB.MX": 58, "BACHOCOB.MX": 31, "IENOVA.MX": 33, "ACCELSAB.MX": 219, "GNP.MX": 63, "MEGACPO.MX": 25, "SIMECB.MX": 32, "PASAB.MX": 82, "ORBIA.MX": 33, "TS.MX": 4, "DINEA.MX": 137, "AUTLANB.MX": 80, "MEDICAB.MX": 35, "GFINBURO.MX": 47, "ALEATIC.MX": 47, "ARA.MX": 183, "BBVA.MX": 8, "AZTECACPO.MX": 380, "AMXL.MX": 61, "GFNORTEO.MX": 9, "URBI.MX": 8, "CYDSASAA.MX": 31, "HERDEZ.MX": 21, "FEMSAUBD.MX": 5, "KUOB.MX": 20, "ASURB.MX": 3, "GCARSOA1.MX": 11, "AC.MX": 6, "PE&OLES.MX": 2, "GMEXICOB.MX": 12, "BIMBOA.MX": 16, "VITROA.MX": 10, "GAPB.MX": 3, "MFRISCOA-1.MX": 58, "ALFAA.MX": 20}, "qty": {"VALUEGFO.MX": 18544.0, "ALPEKA.MX": 13060.25, "FRES.MX": 5190.0, "LAMOSA.MX": 3763.8998985290527, "GFMULTIO.MX": 3445.0, "CMOCTEZ.MX": 3170.160140991211, "CERAMICB.MX": 2958.0, "BACHOCOB.MX": 2824.099952697754, "IENOVA.MX": 2750.2198791503906, "ACCELSAB.MX": 2277.5999164581294, "GNP.MX": 2268.0, "MEGACPO.MX": 2125.0, "SIMECB.MX": 1984.6400146484375, "PASAB.MX": 1959.7999687194826, "ORBIA.MX": 1854.2699546813963, "TS.MX": 1606.1199951171875, "DINEA.MX": 1507.0, "AUTLANB.MX": 1409.6000671386719, "MEDICAB.MX": 1347.5, "GFINBURO.MX": 1323.9900035858154, "ALEATIC.MX": 1264.299982070923, "ARA.MX": 1178.520010471344, "BBVA.MX": 1100.8800048828125, "AZTECACPO.MX": 999.4000434875488, "AMXL.MX": 945.5, "GFNORTEO.MX": 955.7999725341798, "URBI.MX": 872.3330078125, "CYDSASAA.MX": 864.8999881744386, "HERDEZ.MX": 828.0300064086914, "FEMSAUBD.MX": 831.25, "KUOB.MX": 760.0, "ASURB.MX": 949.9800109863281, "GCARSOA1.MX": 683.8699798583984, "AC.MX": 718.0800018310547, "PE&OLES.MX": 673.760009765625, "GMEXICOB.MX": 594.2400054931641, "BIMBOA.MX": 608.9600219726562, "VITROA.MX": 543.4000015258789, "GAPB.MX": 509.82000732421875, "MFRISCOA-1.MX": 435.5800132751465, "ALFAA.MX": 409.59999084472656}, "pct": {"VALUEGFO.MX": 0.20135214993762957, "ALPEKA.MX": 0.1418091790456712, "FRES.MX": 0.05635341124764331, "LAMOSA.MX": 0.04086870883945484, "GFMULTIO.MX": 0.03740606970098867, "CMOCTEZ.MX": 0.034421837793095295, "CERAMICB.MX": 0.032118186988541214, "BACHOCOB.MX": 0.030664290180891434, "IENOVA.MX": 0.02986209477287203, "ACCELSAB.MX": 0.024730351589549712, "GNP.MX": 0.02462611497295858, "MEGACPO.MX": 0.02307341019291754, "SIMECB.MX": 0.02154937089094648, "PASAB.MX": 0.02127965579968545, "ORBIA.MX": 0.020133802951890104, "TS.MX": 0.01743937198418145, "DINEA.MX": 0.016363119605047872, "AUTLANB.MX": 0.015305543791555142, "MEDICAB.MX": 0.014631256581155945, "GFINBURO.MX": 0.014375983267791945, "ALEATIC.MX": 0.0137278645144568, "ARA.MX": 0.012796459116313785, "BBVA.MX": 0.011953438082749268, "AZTECACPO.MX": 0.010851561011862514, "AMXL.MX": 0.010266310276425192, "GFNORTEO.MX": 0.01037814815466374, "URBI.MX": 0.009471857559566754, "CYDSASAA.MX": 0.009391149271999223, "HERDEZ.MX": 0.008990812230546765, "FEMSAUBD.MX": 0.009025775163700097, "KUOB.MX": 0.008252137292525802, "ASURB.MX": 0.010314954573439934, "GCARSOA1.MX": 0.007425511794774156, "AC.MX": 0.0077969667922724245, "PE&OLES.MX": 0.007315736977367714, "GMEXICOB.MX": 0.006452302776369575, "BIMBOA.MX": 0.006612133824970906, "VITROA.MX": 0.0059002781807240565, "GAPB.MX": 0.0055356640722578464, "MFRISCOA-1.MX": 0.004729560620298316, "ALFAA.MX": 0.004447467578247362}}