{"allocation": {"VALUEGFO.MX": 267, "LAMOSA.MX": 198, "DINEA.MX": 522, "CMOCTEZ.MX": 79, "ORBIA.MX": 89, "PASAB.MX": 198, "GCC.MX": 37, "ACCELSAB.MX": 362, "GFMULTIO.MX": 227, "FRES.MX": 8, "ARA.MX": 293, "BAFARB.MX": 48, "TS.MX": 4, "MEDICAB.MX": 24, "OMAB.MX": 7, "AUTLANB.MX": 35, "AXTELCPO.MX": 152, "ASURB.MX": 2, "ICHB.MX": 6, "GMEXICOB.MX": 8, "MONEXB.MX": 35, "GFINBURO.MX": 16, "AZTECACPO.MX": 205, "CYDSASAA.MX": 14, "AC.MX": 4, "FEMSAUBD.MX": 3, "GRUMAB.MX": 2, "BACHOCOB.MX": 4, "RA.MX": 3, "GFNORTEO.MX": 2, "GAPB.MX": 2, "AEROMEX.MX": 9, "BSMXB.MX": 8, "CREAL.MX": 9, "GCARSOA1.MX": 3, "PE&OLES.MX": 1, "TEAKCPO.MX": 13, "HERDEZ.MX": 4, "URBI.MX": 2, "HOMEX.MX": 1219}, "qty": {"VALUEGFO.MX": 30705.0, "LAMOSA.MX": 7920.0, "DINEA.MX": 6264.0, "CMOCTEZ.MX": 6177.799758911133, "ORBIA.MX": 5807.25, "PASAB.MX": 4554.0, "GCC.MX": 4478.109954833984, "ACCELSAB.MX": 4101.459972381593, "GFMULTIO.MX": 2951.0, "FRES.MX": 2060.0, "ARA.MX": 2042.2099385261536, "BAFARB.MX": 1824.4799194335938, "TS.MX": 1606.1199951171875, "MEDICAB.MX": 911.7600402832031, "OMAB.MX": 793.5900192260743, "AUTLANB.MX": 598.1500053405762, "AXTELCPO.MX": 588.2399826049805, "ASURB.MX": 663.1799926757812, "ICHB.MX": 529.9800109863281, "GMEXICOB.MX": 468.7999877929687, "MONEXB.MX": 521.4999866485595, "GFINBURO.MX": 491.20001220703125, "AZTECACPO.MX": 481.7499804496765, "CYDSASAA.MX": 448.0, "AC.MX": 494.8800048828125, "FEMSAUBD.MX": 548.519989013672, "GRUMAB.MX": 482.4800109863282, "BACHOCOB.MX": 369.8399963378906, "RA.MX": 339.95999908447266, "GFNORTEO.MX": 259.9200134277344, "GAPB.MX": 352.239990234375, "AEROMEX.MX": 256.9499931335449, "BSMXB.MX": 245.44000244140625, "CREAL.MX": 236.6100082397461, "GCARSOA1.MX": 232.5300064086914, "PE&OLES.MX": 316.010009765625, "TEAKCPO.MX": 202.80000495910647, "HERDEZ.MX": 161.9600067138672, "URBI.MX": 141.6773223876953, "HOMEX.MX": 92.64399702101937}, "pct": {"VALUEGFO.MX": 0.33476141279178556, "LAMOSA.MX": 0.0863478387660297, "DINEA.MX": 0.0682932906604053, "CMOCTEZ.MX": 0.06735349211000954, "ORBIA.MX": 0.06331357154975076, "PASAB.MX": 0.04965000729046708, "GCC.MX": 0.04882261570158553, "ACCELSAB.MX": 0.04471618742430939, "GFMULTIO.MX": 0.03217329194426182, "FRES.MX": 0.02245916008308348, "ARA.MX": 0.022265203850787844, "BAFARB.MX": 0.019891401251907928, "TS.MX": 0.01751073110824183, "MEDICAB.MX": 0.009940468301980147, "OMAB.MX": 0.008652119068997913, "AUTLANB.MX": 0.006521333360990893, "AXTELCPO.MX": 0.006413289289609466, "ASURB.MX": 0.007230323116215292, "ICHB.MX": 0.0057781096638719835, "GMEXICOB.MX": 0.005111094161548479, "MONEXB.MX": 0.00568565615702228, "GFINBURO.MX": 0.005355310537364212, "AZTECACPO.MX": 0.005252281519874574, "CYDSASAA.MX": 0.004884322192825922, "AC.MX": 0.0053954316755243795, "FEMSAUBD.MX": 0.0059802418650627435, "GRUMAB.MX": 0.0052602406813737, "BACHOCOB.MX": 0.004032182370329949, "RA.MX": 0.0037064155540209153, "GFNORTEO.MX": 0.0028337792186265507, "GAPB.MX": 0.003840298217639607, "AEROMEX.MX": 0.0028013985578317895, "BSMXB.MX": 0.002675910827972788, "CREAL.MX": 0.0025796417729690093, "GCARSOA1.MX": 0.0025351595330355475, "PE&OLES.MX": 0.0034453006782441484, "TEAKCPO.MX": 0.0022110280467119883, "HERDEZ.MX": 0.0017657697659436984, "URBI.MX": 0.00154463770079994, "HOMEX.MX": 0.0010100516309863026}}