{"allocation": {"CYDSASAA.MX": 1361, "TEAKCPO.MX": 458, "WMT.MX": 4, "URBI.MX": 41, "AUTLANB.MX": 160, "MONEXB.MX": 159, "BOLSAA.MX": 60, "ARA.MX": 273, "ACCELSAB.MX": 157, "BAFARB.MX": 41, "MEDICAB.MX": 40, "CMOCTEZ.MX": 21, "MEGACPO.MX": 17, "BIMBOA.MX": 24, "PINFRA.MX": 5, "FEMSAUBD.MX": 5, "SIMECB.MX": 14, "GCC.MX": 9, "OMAB.MX": 9, "PASAB.MX": 33, "PE&OLES.MX": 2, "VITROA.MX": 11, "BBVA.MX": 5, "LAMOSA.MX": 19, "BACHOCOB.MX": 8, "GAPB.MX": 4, "GFINBURO.MX": 24, "ASURB.MX": 2, "MFRISCOA-1.MX": 59, "AEROMEX.MX": 23, "SORIANAB.MX": 17, "GMD.MX": 25, "CERAMICB.MX": 13, "GFNORTEO.MX": 5, "AZTECACPO.MX": 168, "DINEA.MX": 43, "BSMXB.MX": 15, "GISSAA.MX": 12, "RCENTROA.MX": 34, "TLEVISACPO.MX": 5, "CEMEXCPO.MX": 25, "TMMA.MX": 76, "HOMEX.MX": 531}, "qty": {"CYDSASAA.MX": 44913.0, "TEAKCPO.MX": 8702.0, "WMT.MX": 6801.31982421875, "URBI.MX": 5391.608856201172, "AUTLANB.MX": 2943.999938964844, "MONEXB.MX": 2305.5, "BOLSAA.MX": 2096.399917602539, "ARA.MX": 2001.089979171753, "ACCELSAB.MX": 1618.6700658798218, "BAFARB.MX": 1571.9340629577637, "MEDICAB.MX": 1599.6000671386719, "CMOCTEZ.MX": 1529.6399230957031, "MEGACPO.MX": 1418.4800415039062, "BIMBOA.MX": 1058.6400146484375, "PINFRA.MX": 961.9000244140625, "FEMSAUBD.MX": 872.6000213623047, "SIMECB.MX": 866.6000213623047, "GCC.MX": 897.0299835205079, "OMAB.MX": 828.9900054931641, "PASAB.MX": 798.600025177002, "PE&OLES.MX": 823.8800048828126, "VITROA.MX": 746.5700302124023, "BBVA.MX": 777.9000091552734, "LAMOSA.MX": 760.0, "BACHOCOB.MX": 733.280029296875, "GAPB.MX": 728.47998046875, "GFINBURO.MX": 722.8800201416016, "ASURB.MX": 668.0599975585938, "MFRISCOA-1.MX": 677.9099864959717, "AEROMEX.MX": 671.6000175476074, "SORIANAB.MX": 646.0, "GMD.MX": 644.9999809265137, "CERAMICB.MX": 650.0, "GFNORTEO.MX": 565.8000183105469, "AZTECACPO.MX": 462.0, "DINEA.MX": 450.21001148223877, "BSMXB.MX": 399.1500091552734, "GISSAA.MX": 360.59999084472656, "RCENTROA.MX": 355.29999351501465, "TLEVISACPO.MX": 322.55001068115234, "CEMEXCPO.MX": 311.2499952316284, "TMMA.MX": 259.92000579833984, "HOMEX.MX": 249.039006203413}, "pct": {"CYDSASAA.MX": 0.439612469729368, "TEAKCPO.MX": 0.08517595599458866, "WMT.MX": 0.0665719280685796, "URBI.MX": 0.052773550755668294, "AUTLANB.MX": 0.028816135284916257, "MONEXB.MX": 0.022566440651060005, "BOLSAA.MX": 0.02051975030208839, "ARA.MX": 0.01958684808172208, "ACCELSAB.MX": 0.015843687692615217, "BAFARB.MX": 0.0153862315068818, "MEDICAB.MX": 0.015657028835617627, "CMOCTEZ.MX": 0.01497225267492135, "MEGACPO.MX": 0.013884209790202138, "BIMBOA.MX": 0.010362063353459666, "PINFRA.MX": 0.009415163657858647, "FEMSAUBD.MX": 0.008541087223676486, "SIMECB.MX": 0.008482358685872817, "GCC.MX": 0.008780209883034863, "OMAB.MX": 0.008114228479411578, "PASAB.MX": 0.007816768628103161, "PE&OLES.MX": 0.008064211335407944, "VITROA.MX": 0.007307494373735958, "BBVA.MX": 0.007614155015858387, "LAMOSA.MX": 0.007438948121798136, "BACHOCOB.MX": 0.007177410653539567, "GAPB.MX": 0.007130427345362567, "GFINBURO.MX": 0.007075614431733902, "ASURB.MX": 0.006539031136956537, "MFRISCOA-1.MX": 0.006635443711568959, "AEROMEX.MX": 0.00657368116991496, "SORIANAB.MX": 0.006323105903528416, "GMD.MX": 0.006313317627201477, "CERAMICB.MX": 0.006362258262064195, "GFNORTEO.MX": 0.0055381012941113075, "AZTECACPO.MX": 0.004522097410882551, "DINEA.MX": 0.0044066959464875224, "BSMXB.MX": 0.0039069160670017495, "GISSAA.MX": 0.0035295850323878997, "RCENTROA.MX": 0.003477708183465011, "TLEVISACPO.MX": 0.003157148415977009, "CEMEXCPO.MX": 0.0030465428518921065, "TMMA.MX": 0.002544120314409633, "HOMEX.MX": 0.0024376161150675706}}