{"allocation": {"ACCELSAB.MX": 1789, "TS.MX": 42, "VALUEGFO.MX": 64, "GFMULTIO.MX": 539, "MONEXB.MX": 317, "WMT.MX": 2, "BAFARB.MX": 99, "FRAGUAB.MX": 11, "GCARSOA1.MX": 42, "RCENTROA.MX": 143, "MEGACPO.MX": 20, "MEDICAB.MX": 47, "HERDEZ.MX": 32, "ALEATIC.MX": 35, "GRUMAB.MX": 4, "CERAMICB.MX": 14, "GFINBURO.MX": 26, "CMOCTEZ.MX": 10, "PINFRA.MX": 4, "GCC.MX": 6, "CYDSASAA.MX": 20, "VESTA.MX": 24, "CEMEXCPO.MX": 59, "IENOVA.MX": 8, "AC.MX": 6, "AXTELCPO.MX": 167, "BSMXB.MX": 21, "GISSAA.MX": 19, "BACHOCOB.MX": 6, "HOMEX.MX": 2063, "GENTERA.MX": 27, "ARA.MX": 71, "LABB.MX": 30, "GMEXICOB.MX": 8, "RA.MX": 3, "GAPB.MX": 2, "GFNORTEO.MX": 2, "ASURB.MX": 1}, "qty": {"ACCELSAB.MX": 25403.79965877533, "TS.MX": 13146.0, "VALUEGFO.MX": 7680.0, "GFMULTIO.MX": 7007.0, "MONEXB.MX": 4216.100060462952, "WMT.MX": 3978.0, "BAFARB.MX": 3910.5, "FRAGUAB.MX": 2915.0, "GCARSOA1.MX": 2743.439987182617, "RCENTROA.MX": 2073.5, "MEGACPO.MX": 1863.3999633789065, "MEDICAB.MX": 1621.0300788879395, "HERDEZ.MX": 1337.280029296875, "ALEATIC.MX": 927.5, "GRUMAB.MX": 891.5999755859376, "CERAMICB.MX": 714.0, "GFINBURO.MX": 712.9200019836426, "CMOCTEZ.MX": 690.0, "PINFRA.MX": 721.9199829101561, "GCC.MX": 637.1999816894532, "CYDSASAA.MX": 599.7999954223633, "VESTA.MX": 608.8800201416016, "CEMEXCPO.MX": 617.7300157546997, "IENOVA.MX": 619.6799926757812, "AC.MX": 630.9000091552734, "AXTELCPO.MX": 531.0600111484528, "BSMXB.MX": 524.7899951934814, "GISSAA.MX": 463.21998405456543, "BACHOCOB.MX": 425.40000915527344, "HOMEX.MX": 437.3559948354959, "GENTERA.MX": 407.43000411987305, "ARA.MX": 378.4299945831299, "LABB.MX": 375.89999198913574, "GMEXICOB.MX": 335.8399963378906, "RA.MX": 263.2800064086914, "GAPB.MX": 282.2200012207031, "GFNORTEO.MX": 186.3000030517578, "ASURB.MX": 273.4200134277344}, "pct": {"ACCELSAB.MX": 0.27869765029160165, "TS.MX": 0.14422091812819857, "VALUEGFO.MX": 0.08425503204203293, "GFMULTIO.MX": 0.07687174603105791, "MONEXB.MX": 0.04625359969879205, "WMT.MX": 0.043641473628021746, "BAFARB.MX": 0.04290095088546481, "FRAGUAB.MX": 0.031979611771162236, "GCARSOA1.MX": 0.030097477086649196, "RCENTROA.MX": 0.022747761580619176, "MEGACPO.MX": 0.020442815575730827, "MEDICAB.MX": 0.017783846515338868, "HERDEZ.MX": 0.014670907775726424, "ALEATIC.MX": 0.010175331018097075, "GRUMAB.MX": 0.009781482358290228, "CERAMICB.MX": 0.00783308501015775, "GFINBURO.MX": 0.0078212366680388, "CMOCTEZ.MX": 0.007569788035026396, "PINFRA.MX": 0.00791997282446342, "GCC.MX": 0.006990534488857771, "CYDSASAA.MX": 0.006580230186604482, "VESTA.MX": 0.006679844480050039, "CEMEXCPO.MX": 0.006776935191502308, "IENOVA.MX": 0.006798327817539672, "AC.MX": 0.006921419334205265, "AXTELCPO.MX": 0.005826103939525424, "BSMXB.MX": 0.005757317429735037, "GISSAA.MX": 0.005081850859248359, "BACHOCOB.MX": 0.004666938984643055, "HOMEX.MX": 0.004798104603989569, "GENTERA.MX": 0.004469795319271551, "ARA.MX": 0.004151644703029682, "LABB.MX": 0.0041238887851099675, "GMEXICOB.MX": 0.003684402298495468, "RA.MX": 0.002888367887498819, "GAPB.MX": 0.003096153026790744, "GFNORTEO.MX": 0.0020438428029370685, "ASURB.MX": 0.0029996109364956816}}