{"allocation": {"PASAB.MX": 948, "CMOCTEZ.MX": 145, "VALUEGFO.MX": 86, "MEGACPO.MX": 85, "CYDSASAA.MX": 214, "ALPEKA.MX": 248, "BBVA.MX": 25, "AXTELCPO.MX": 676, "ACCELSAB.MX": 245, "CERAMICB.MX": 47, "GFMULTIO.MX": 215, "BIMBOA.MX": 49, "KUOB.MX": 46, "GMD.MX": 67, "GBMO.MX": 130, "AMXL.MX": 93, "MEDICAB.MX": 33, "LABB.MX": 63, "GNP.MX": 34, "GCC.MX": 10, "AC.MX": 7, "SIMECB.MX": 15, "ASURB.MX": 3, "PINFRA.MX": 4, "VITROA.MX": 10, "TEAKCPO.MX": 39, "OMAB.MX": 6, "TMMA.MX": 113, "GRUMAB.MX": 3, "VESTA.MX": 24, "GFNORTEO.MX": 5, "PE&OLES.MX": 2, "TLEVISACPO.MX": 6, "MFRISCOA-1.MX": 40, "AEROMEX.MX": 15, "GISSAA.MX": 13, "CEMEXCPO.MX": 28, "RA.MX": 3, "CREAL.MX": 14, "BSMXB.MX": 10, "GCARSOA1.MX": 4, "HOMEX.MX": 277, "GENTERA.MX": 6}, "qty": {"PASAB.MX": 23700.0, "CMOCTEZ.MX": 10728.549690246582, "VALUEGFO.MX": 8256.0, "MEGACPO.MX": 6800.85018157959, "CYDSASAA.MX": 6420.0, "ALPEKA.MX": 5815.600189208984, "BBVA.MX": 4200.0, "AXTELCPO.MX": 2555.279980659485, "ACCELSAB.MX": 2523.5000467300415, "CERAMICB.MX": 2467.5, "GFMULTIO.MX": 2150.0, "BIMBOA.MX": 2131.989917755127, "KUOB.MX": 1945.7999649047852, "GMD.MX": 1909.5, "GBMO.MX": 1729.0000247955322, "AMXL.MX": 1576.3500709533691, "MEDICAB.MX": 1352.0100402832031, "LABB.MX": 1292.7600288391113, "GNP.MX": 1156.0, "GCC.MX": 914.7000122070312, "AC.MX": 951.5099487304688, "SIMECB.MX": 919.6500205993652, "ASURB.MX": 1074.2100219726562, "PINFRA.MX": 778.5599975585938, "VITROA.MX": 704.4999694824219, "TEAKCPO.MX": 659.0999851226807, "OMAB.MX": 610.019989013672, "TMMA.MX": 619.240002155304, "GRUMAB.MX": 747.9000091552734, "VESTA.MX": 584.6400146484374, "GFNORTEO.MX": 539.1500091552733, "PE&OLES.MX": 819.2999877929688, "TLEVISACPO.MX": 441.4800109863281, "MFRISCOA-1.MX": 457.2000122070312, "AEROMEX.MX": 428.85000228881836, "GISSAA.MX": 437.70997619628906, "CEMEXCPO.MX": 411.5999946594238, "RA.MX": 322.0499954223633, "CREAL.MX": 343.83999252319336, "BSMXB.MX": 287.2999954223633, "GCARSOA1.MX": 259.7200012207031, "HOMEX.MX": 173.4019964337349, "GENTERA.MX": 98.33999633789062}, "pct": {"PASAB.MX": 0.23168364329805283, "CMOCTEZ.MX": 0.10487888099327107, "VALUEGFO.MX": 0.08070802358939765, "MEGACPO.MX": 0.06648294293639592, "CYDSASAA.MX": 0.06275987299466242, "ALPEKA.MX": 0.05685145315615118, "BBVA.MX": 0.04105786083762961, "AXTELCPO.MX": 0.024979602344547148, "ACCELSAB.MX": 0.024668931843427114, "CERAMICB.MX": 0.024121493242107397, "GFMULTIO.MX": 0.021017714476405637, "BIMBOA.MX": 0.020841653654861764, "KUOB.MX": 0.01902152004212506, "GMD.MX": 0.01866666315939375, "GBMO.MX": 0.016902152953884076, "AMXL.MX": 0.015409895677283571, "MEDICAB.MX": 0.013216819067863277, "LABB.MX": 0.012637609847744353, "GNP.MX": 0.011300687411499961, "GCC.MX": 0.008941815668898666, "AC.MX": 0.009301657871570399, "SIMECB.MX": 0.00899020537264094, "ASURB.MX": 0.010501134664890565, "PINFRA.MX": 0.007610954293691904, "VITROA.MX": 0.006886967073124664, "TEAKCPO.MX": 0.006443151301726374, "OMAB.MX": 0.005963360908832307, "TMMA.MX": 0.00605349281752046, "GRUMAB.MX": 0.00731123202294265, "VESTA.MX": 0.005715254371796496, "GFNORTEO.MX": 0.00527055858250094, "PE&OLES.MX": 0.008009215448351275, "TLEVISACPO.MX": 0.004315767822302822, "MFRISCOA-1.MX": 0.004469441541942583, "AEROMEX.MX": 0.004192300884331297, "GISSAA.MX": 0.0042789131642641445, "CEMEXCPO.MX": 0.0040236703098799325, "RA.MX": 0.003148258070193011, "CREAL.MX": 0.0033612701341497334, "BSMXB.MX": 0.002808553150167385, "GCARSOA1.MX": 0.0025389399206830056, "HOMEX.MX": 0.0016951226282246271, "GENTERA.MX": 0.0009613404486700284}}