{"allocation": {"ACCELSAB.MX": 4787, "AUTLANB.MX": 546, "TS.MX": 25, "GNP.MX": 49, "HERDEZ.MX": 28, "CREAL.MX": 17, "CYDSASAA.MX": 9, "MEDICAB.MX": 8, "FRAGUAB.MX": 1, "ORBIA.MX": 2, "SIMECB.MX": 2, "CMOCTEZ.MX": 2, "MEGACPO.MX": 1, "VESTA.MX": 4, "RA.MX": 1, "LABB.MX": 5, "ICHB.MX": 1, "CHDRAUIB.MX": 2, "OMAB.MX": 1, "IENOVA.MX": 1, "GCC.MX": 1, "GRUMAB.MX": 1, "BACHOCOB.MX": 1, "LAMOSA.MX": 1, "PASAB.MX": 2, "AXTELCPO.MX": 14, "GMD.MX": 2, "BOLSAA.MX": 1, "BIMBOA.MX": 1, "SORIANAB.MX": 1, "ARA.MX": 7, "BSMXB.MX": 1, "ALFAA.MX": 1, "DINEA.MX": 3, "GFINBURO.MX": 1, "GISSAA.MX": 1, "TMMA.MX": 2}, "qty": {"ACCELSAB.MX": 67257.35091304779, "AUTLANB.MX": 7638.539875030518, "TS.MX": 7825.0, "GNP.MX": 1764.0, "HERDEZ.MX": 1056.7200469970703, "CREAL.MX": 395.0799961090088, "CYDSASAA.MX": 282.509994506836, "MEDICAB.MX": 256.0, "FRAGUAB.MX": 263.0, "ORBIA.MX": 107.31999969482422, "SIMECB.MX": 110.30000305175781, "CMOCTEZ.MX": 148.0399932861328, "MEGACPO.MX": 90.06999969482422, "VESTA.MX": 99.19999694824219, "RA.MX": 98.93000030517578, "LABB.MX": 65.25000095367432, "ICHB.MX": 72.86000061035156, "CHDRAUIB.MX": 71.81999969482422, "OMAB.MX": 106.29000091552734, "IENOVA.MX": 79.62999725341797, "GCC.MX": 109.47000122070312, "GRUMAB.MX": 212.0, "BACHOCOB.MX": 74.51000213623047, "LAMOSA.MX": 40.0, "PASAB.MX": 44.0, "AXTELCPO.MX": 46.339999198913574, "GMD.MX": 42.84000015258789, "BOLSAA.MX": 30.61000061035156, "BIMBOA.MX": 38.04999923706055, "SORIANAB.MX": 26.520000457763672, "ARA.MX": 37.72999906539917, "BSMXB.MX": 25.32999992370605, "ALFAA.MX": 21.40999984741211, "DINEA.MX": 30.0, "GFINBURO.MX": 26.32999992370605, "GISSAA.MX": 24.76000022888184, "TMMA.MX": 14.399999618530273}, "pct": {"ACCELSAB.MX": 0.7588364353209004, "AUTLANB.MX": 0.08618243643462062, "TS.MX": 0.08828618769214869, "GNP.MX": 0.01990247093788502, "HERDEZ.MX": 0.011922528358752656, "CREAL.MX": 0.004457521621711607, "CYDSASAA.MX": 0.003187441584656667, "MEDICAB.MX": 0.002888340453570615, "FRAGUAB.MX": 0.002967318512847937, "ORBIA.MX": 0.0012108464710771363, "SIMECB.MX": 0.0012444685970443533, "CMOCTEZ.MX": 0.0016702730521666394, "MEGACPO.MX": 0.0010162219678580226, "VESTA.MX": 0.001119231891326912, "RA.MX": 0.0011161856326296583, "LABB.MX": 0.0007361883490235108, "ICHB.MX": 0.0008220487781642897, "CHDRAUIB.MX": 0.0008103148847421486, "OMAB.MX": 0.0011992254275561538, "IENOVA.MX": 0.0008984318061904848, "GCC.MX": 0.0012351040350710215, "GRUMAB.MX": 0.0023919069381131658, "BACHOCOB.MX": 0.0008406650522097946, "LAMOSA.MX": 0.00045130319587040866, "PASAB.MX": 0.0004964335154574495, "AXTELCPO.MX": 0.0005228347433775468, "GMD.MX": 0.00048334572449879276, "BOLSAA.MX": 0.00034535977752617045, "BIMBOA.MX": 0.0004293021564638009, "SORIANAB.MX": 0.00029921402402683614, "ARA.MX": 0.00042569172896005444, "BSMXB.MX": 0.0002857877479241437, "ALFAA.MX": 0.00024156003386805117, "DINEA.MX": 0.00033847739690280647, "GFINBURO.MX": 0.0002970703278209039, "GISSAA.MX": 0.0002793566808261606, "TMMA.MX": 0.00016246914620938444}}