{"allocation": {"ACCELSAB.MX": 1887, "GFMULTIO.MX": 1370, "TS.MX": 44, "MEGACPO.MX": 45, "IENOVA.MX": 38, "LAMOSA.MX": 65, "CERAMICB.MX": 30, "CMOCTEZ.MX": 22, "WMT.MX": 1, "TMMA.MX": 208, "CHDRAUIB.MX": 34, "PASAB.MX": 56, "ORBIA.MX": 18, "GCC.MX": 9, "ALEATIC.MX": 33, "MONEXB.MX": 78, "AXTELCPO.MX": 241, "MEDICAB.MX": 25, "AC.MX": 5, "BACHOCOB.MX": 6, "BSMXB.MX": 18, "AUTLANB.MX": 30, "SORIANAB.MX": 14, "ARA.MX": 67, "GCARSOA1.MX": 6, "AZTECACPO.MX": 159, "GFINBURO.MX": 12, "CREAL.MX": 13, "URBI.MX": 4, "AMXL.MX": 20, "HERDEZ.MX": 7, "GAPB.MX": 2, "VITROA.MX": 5, "GMEXICOB.MX": 3}, "qty": {"ACCELSAB.MX": 25493.370431900024, "GFMULTIO.MX": 17810.0, "TS.MX": 13772.0, "MEGACPO.MX": 4332.599945068359, "IENOVA.MX": 3533.6199188232417, "LAMOSA.MX": 2600.0, "CERAMICB.MX": 1718.9999771118164, "CMOCTEZ.MX": 1716.0, "WMT.MX": 1851.0, "TMMA.MX": 1512.1599960327148, "CHDRAUIB.MX": 1422.2200622558594, "PASAB.MX": 1343.4399871826172, "ORBIA.MX": 1158.4800109863281, "GCC.MX": 1105.289978027344, "ALEATIC.MX": 938.850025177002, "MONEXB.MX": 925.0799732208252, "AXTELCPO.MX": 898.9300045967102, "MEDICAB.MX": 885.0000381469727, "AC.MX": 604.3999862670897, "BACHOCOB.MX": 504.11997985839844, "BSMXB.MX": 524.519989013672, "AUTLANB.MX": 490.8000183105469, "SORIANAB.MX": 459.8999786376953, "ARA.MX": 452.920015335083, "GCARSOA1.MX": 372.4199981689453, "AZTECACPO.MX": 362.5199954509735, "GFINBURO.MX": 352.3200073242187, "CREAL.MX": 333.84000396728516, "URBI.MX": 278.74725341796875, "AMXL.MX": 300.79999923706055, "HERDEZ.MX": 296.3100128173828, "GAPB.MX": 409.1600036621094, "VITROA.MX": 273.29999923706055, "GMEXICOB.MX": 161.85000228881836}, "pct": {"ACCELSAB.MX": 0.2858162418831639, "GFMULTIO.MX": 0.19967494221829193, "TS.MX": 0.15440332982764268, "MEGACPO.MX": 0.048574488696602997, "IENOVA.MX": 0.03961680814780664, "LAMOSA.MX": 0.0291496266012105, "CERAMICB.MX": 0.019272387484730324, "CMOCTEZ.MX": 0.01923875355679893, "WMT.MX": 0.02075229186109255, "TMMA.MX": 0.016953422786785226, "CHDRAUIB.MX": 0.015945070676734098, "PASAB.MX": 0.015061836149041658, "ORBIA.MX": 0.012988176825083731, "GCC.MX": 0.012391842363675859, "ALEATIC.MX": 0.010525818334017955, "MONEXB.MX": 0.010371436844478794, "AXTELCPO.MX": 0.01007825922100713, "MEDICAB.MX": 0.009922084866938963, "AC.MX": 0.0067761668913316996, "BACHOCOB.MX": 0.0056518881442623355, "BSMXB.MX": 0.005880600701776759, "AUTLANB.MX": 0.005502552796007584, "SORIANAB.MX": 0.00515612025045904, "ARA.MX": 0.00507786512585854, "GCARSOA1.MX": 0.004175347648249329, "AZTECACPO.MX": 0.004064354808795541, "GFINBURO.MX": 0.003949998714475662, "CREAL.MX": 0.0037428121000742283, "URBI.MX": 0.0031251455204795334, "AMXL.MX": 0.003372387561309507, "HERDEZ.MX": 0.0033220485507025406, "GAPB.MX": 0.004587254356500157, "VITROA.MX": 0.003064074203027473, "GMEXICOB.MX": 0.0018145642815862}}