{"allocation": {"WMT.MX": 9, "CYDSASAA.MX": 271, "BACHOCOB.MX": 56, "KUOB.MX": 91, "GFNORTEO.MX": 31, "GCC.MX": 34, "CMOCTEZ.MX": 43, "CERAMICB.MX": 57, "VALUEGFO.MX": 33, "AUTLANB.MX": 177, "MEGACPO.MX": 36, "GMD.MX": 105, "PINFRA.MX": 15, "FRES.MX": 8, "GISSAA.MX": 75, "URBI.MX": 19, "ACCELSAB.MX": 235, "MEDICAB.MX": 56, "VITROA.MX": 32, "GBMO.MX": 166, "BSMXB.MX": 74, "GAPB.MX": 11, "AZTECACPO.MX": 624, "TMMA.MX": 327, "CEMEXCPO.MX": 115, "SORIANAB.MX": 43, "GRUMAB.MX": 8, "OMAB.MX": 18, "HOMEX.MX": 2868, "MONEXB.MX": 99, "CREAL.MX": 58, "PE&OLES.MX": 3, "TLEVISACPO.MX": 16, "GMEXICOB.MX": 17, "ALEATIC.MX": 34, "TS.MX": 3}, "qty": {"WMT.MX": 18069.120483398434, "CYDSASAA.MX": 8606.96006202698, "BACHOCOB.MX": 5356.400085449219, "KUOB.MX": 3831.099861145019, "GFNORTEO.MX": 3706.980056762695, "GCC.MX": 3561.8400726318364, "CMOCTEZ.MX": 3206.9400787353516, "CERAMICB.MX": 3183.449913024902, "VALUEGFO.MX": 3135.0, "AUTLANB.MX": 3118.7401485443115, "MEGACPO.MX": 3065.7601318359375, "GMD.MX": 2992.5, "PINFRA.MX": 2861.699981689453, "FRES.MX": 2796.0, "GISSAA.MX": 2553.000068664551, "URBI.MX": 2476.665481567383, "ACCELSAB.MX": 2422.8500986099243, "MEDICAB.MX": 2227.1200256347656, "VITROA.MX": 2233.60009765625, "GBMO.MX": 2207.8000316619873, "BSMXB.MX": 2168.1999435424805, "GAPB.MX": 2140.4899597167973, "AZTECACPO.MX": 2096.639934539795, "TMMA.MX": 1788.6899313926697, "CEMEXCPO.MX": 1780.1999473571777, "SORIANAB.MX": 1744.5099868774414, "GRUMAB.MX": 1778.4000244140625, "OMAB.MX": 1709.8199615478513, "HOMEX.MX": 1577.4000341892242, "MONEXB.MX": 1524.5999622344968, "CREAL.MX": 1450.0, "PE&OLES.MX": 1294.0500183105469, "TLEVISACPO.MX": 1232.3199462890625, "GMEXICOB.MX": 1121.660057067871, "ALEATIC.MX": 1076.0999870300295, "TS.MX": 1002.6000366210938}, "pct": {"WMT.MX": 0.16871385969189293, "CYDSASAA.MX": 0.08036436823877068, "BACHOCOB.MX": 0.05001344328299898, "KUOB.MX": 0.035771505593352716, "GFNORTEO.MX": 0.034612581932359665, "GCC.MX": 0.03325738996599719, "CMOCTEZ.MX": 0.029943639978557642, "CERAMICB.MX": 0.029724309075016803, "VALUEGFO.MX": 0.029271925582656007, "AUTLANB.MX": 0.029120105116373408, "MEGACPO.MX": 0.02862542342372416, "GMD.MX": 0.0279413835107171, "PINFRA.MX": 0.026720085774769295, "FRES.MX": 0.026106636022043446, "GISSAA.MX": 0.023837712287867435, "URBI.MX": 0.023124965763819245, "ACCELSAB.MX": 0.022622484141767298, "MEDICAB.MX": 0.020794925567471707, "VITROA.MX": 0.02085543088995437, "GBMO.MX": 0.02061453213020583, "BSMXB.MX": 0.02024478066848308, "GAPB.MX": 0.019986048743621195, "AZTECACPO.MX": 0.019576615035876762, "TMMA.MX": 0.016701243560501535, "CEMEXCPO.MX": 0.01662197141348882, "SORIANAB.MX": 0.016288729350582672, "GRUMAB.MX": 0.016605165285755046, "OMAB.MX": 0.015964823819511472, "HOMEX.MX": 0.01472840077029219, "MONEXB.MX": 0.0142353992465226, "CREAL.MX": 0.013538849153062587, "PE&OLES.MX": 0.01208272275477543, "TLEVISACPO.MX": 0.01150634059387435, "GMEXICOB.MX": 0.010473094009418952, "ALEATIC.MX": 0.010047693377939433, "TS.MX": 0.009361414245977941}}