{"allocation": {"KUOB.MX": 675, "BACHOCOB.MX": 151, "HERDEZ.MX": 279, "ALEATIC.MX": 321, "CYDSASAA.MX": 234, "CREAL.MX": 163, "MEGACPO.MX": 22, "ACCELSAB.MX": 176, "MONEXB.MX": 117, "GBMO.MX": 97, "CMOCTEZ.MX": 15, "MEDICAB.MX": 27, "BAFARB.MX": 25, "GFINBURO.MX": 31, "LAMOSA.MX": 19, "BOLSAA.MX": 21, "LABB.MX": 31, "GCC.MX": 6, "GFNORTEO.MX": 5, "PASAB.MX": 20, "FEMSAUBD.MX": 2, "CERAMICB.MX": 8, "GMEXICOB.MX": 6, "TS.MX": 1, "AC.MX": 3, "WMT.MX": 1, "GAPB.MX": 2, "OMAB.MX": 3, "VITROA.MX": 5, "BSMXB.MX": 11, "SIMECB.MX": 5, "DINEA.MX": 27, "BIMBOA.MX": 7, "BBVA.MX": 2, "ICHB.MX": 3, "MFRISCOA-1.MX": 25, "GCARSOA1.MX": 4, "TMMA.MX": 42, "TLEVISACPO.MX": 2, "AZTECACPO.MX": 48, "HOMEX.MX": 263}, "qty": {"KUOB.MX": 28350.0, "BACHOCOB.MX": 14390.300460815428, "HERDEZ.MX": 12831.210468292236, "ALEATIC.MX": 10958.939804077148, "CYDSASAA.MX": 7371.0, "CREAL.MX": 4257.560136795044, "MEGACPO.MX": 1847.3400268554688, "ACCELSAB.MX": 1821.600067138672, "MONEXB.MX": 1638.0, "GBMO.MX": 1290.1000185012817, "CMOCTEZ.MX": 1112.9999542236328, "MEDICAB.MX": 1074.5999794006348, "BAFARB.MX": 946.0483551025391, "GFINBURO.MX": 932.7900047302246, "LAMOSA.MX": 794.0100173950195, "BOLSAA.MX": 729.5400352478027, "LABB.MX": 610.700023651123, "GCC.MX": 586.7400054931641, "GFNORTEO.MX": 555.6499862670897, "PASAB.MX": 484.00001525878906, "FEMSAUBD.MX": 331.6400146484375, "CERAMICB.MX": 408.0, "GMEXICOB.MX": 363.2999954223633, "TS.MX": 346.79998779296875, "AC.MX": 377.12999725341797, "WMT.MX": 1602.0, "GAPB.MX": 359.260009765625, "OMAB.MX": 265.9500045776367, "VITROA.MX": 300.2000045776367, "BSMXB.MX": 287.64999580383306, "SIMECB.MX": 287.5, "DINEA.MX": 295.6499948501587, "BIMBOA.MX": 278.4599914550782, "BBVA.MX": 284.0199890136719, "ICHB.MX": 229.55998992919922, "MFRISCOA-1.MX": 267.4999952316284, "GCARSOA1.MX": 256.1199951171875, "TMMA.MX": 155.82000160217285, "TLEVISACPO.MX": 115.66000366210938, "AZTECACPO.MX": 124.31999588012695, "HOMEX.MX": 95.46900144219398}, "pct": {"KUOB.MX": 0.28459529822525853, "BACHOCOB.MX": 0.14445897182352177, "HERDEZ.MX": 0.12880783667776677, "ALEATIC.MX": 0.11001279512430308, "CYDSASAA.MX": 0.07399477753856722, "CREAL.MX": 0.04274009159940593, "MEGACPO.MX": 0.018544771988232425, "ACCELSAB.MX": 0.018286377931375004, "MONEXB.MX": 0.01644328389745938, "GBMO.MX": 0.01295084301607703, "CMOCTEZ.MX": 0.011173000137459397, "MEDICAB.MX": 0.010787516811653627, "BAFARB.MX": 0.009497033994917898, "GFINBURO.MX": 0.009363938256710357, "LAMOSA.MX": 0.007970776638249676, "BOLSAA.MX": 0.007323586028169808, "LABB.MX": 0.006130594545226236, "GCC.MX": 0.005890068671746626, "GFNORTEO.MX": 0.005577967321006815, "PASAB.MX": 0.004858699424465776, "FEMSAUBD.MX": 0.0033292130113686483, "CERAMICB.MX": 0.004095763022077795, "GMEXICOB.MX": 0.00364703599797046, "TS.MX": 0.003481398446224196, "AC.MX": 0.003785870336438357, "WMT.MX": 0.016081893042570166, "GAPB.MX": 0.0036064800571307706, "OMAB.MX": 0.0026697749864473155, "VITROA.MX": 0.0030135982303349735, "BSMXB.MX": 0.002887613274789638, "SIMECB.MX": 0.0028861075216847208, "DINEA.MX": 0.00296792234408032, "BIMBOA.MX": 0.002795358176788745, "BBVA.MX": 0.0028511729620910265, "ICHB.MX": 0.00230446891691315, "MFRISCOA-1.MX": 0.0026853347766561033, "GCARSOA1.MX": 0.0025710951108228477, "TMMA.MX": 0.0015642200996624567, "TLEVISACPO.MX": 0.0011610685444427694, "AZTECACPO.MX": 0.0012480030441928622, "HOMEX.MX": 0.0009583784457392887}}