{"allocation": {"HERDEZ.MX": 601, "BACHOCOB.MX": 169, "ALEATIC.MX": 325, "CREAL.MX": 192, "GCC.MX": 41, "CMOCTEZ.MX": 56, "MEGACPO.MX": 48, "FRAGUAB.MX": 15, "BOLSAA.MX": 72, "ICHB.MX": 26, "ACCELSAB.MX": 226, "GBMO.MX": 141, "MONEXB.MX": 98, "MEDICAB.MX": 37, "BAFARB.MX": 37, "GFINBURO.MX": 38, "LAMOSA.MX": 18, "GFNORTEO.MX": 6, "OMAB.MX": 6, "GAPB.MX": 3, "PINFRA.MX": 3, "FEMSAUBD.MX": 3, "CERAMICB.MX": 10, "AC.MX": 4, "GMEXICOB.MX": 7, "PASAB.MX": 19, "SIMECB.MX": 7, "BIMBOA.MX": 10, "GCARSOA1.MX": 6, "CYDSASAA.MX": 12, "DINEA.MX": 33, "BSMXB.MX": 12, "ASURB.MX": 1, "TMMA.MX": 67, "PE&OLES.MX": 1, "VITROA.MX": 4, "BBVA.MX": 2, "MFRISCOA-1.MX": 21, "AZTECACPO.MX": 62, "TLEVISACPO.MX": 2, "HOMEX.MX": 331}, "qty": {"HERDEZ.MX": 26906.770275115967, "BACHOCOB.MX": 16283.149742126465, "ALEATIC.MX": 9090.249776840208, "CREAL.MX": 5268.4801025390625, "GCC.MX": 4462.849937438965, "CMOCTEZ.MX": 4256.0, "MEGACPO.MX": 4128.0, "FRAGUAB.MX": 3615.0, "BOLSAA.MX": 2597.7601318359375, "ICHB.MX": 2415.9199523925786, "ACCELSAB.MX": 2341.3599224090576, "GBMO.MX": 1875.3000268936157, "MONEXB.MX": 1567.01997756958, "MEDICAB.MX": 1476.3000564575195, "BAFARB.MX": 1418.5746421813965, "GFINBURO.MX": 1184.0799942016602, "LAMOSA.MX": 703.9800109863281, "GFNORTEO.MX": 702.1199798583984, "OMAB.MX": 594.2400054931641, "GAPB.MX": 583.6199798583984, "PINFRA.MX": 574.9199981689453, "FEMSAUBD.MX": 542.3399963378906, "CERAMICB.MX": 510.0, "AC.MX": 517.0399780273438, "GMEXICOB.MX": 435.1899871826172, "PASAB.MX": 457.9000072479248, "SIMECB.MX": 425.88000106811523, "BIMBOA.MX": 435.2999877929688, "GCARSOA1.MX": 403.1999816894531, "CYDSASAA.MX": 378.0, "DINEA.MX": 363.0, "BSMXB.MX": 332.63999176025385, "ASURB.MX": 336.3299865722656, "TMMA.MX": 268.0, "PE&OLES.MX": 392.5400085449219, "VITROA.MX": 249.16000366210938, "BBVA.MX": 301.3999938964844, "MFRISCOA-1.MX": 211.46999359130862, "AZTECACPO.MX": 181.0400047302246, "TLEVISACPO.MX": 134.24000549316406, "HOMEX.MX": 56.2700005918741}, "pct": {"HERDEZ.MX": 0.2718497191503895, "BACHOCOB.MX": 0.16451508817372318, "ALEATIC.MX": 0.09184238106519646, "CREAL.MX": 0.05322953374115009, "GCC.MX": 0.0450899342320968, "CMOCTEZ.MX": 0.04300004767848605, "MEGACPO.MX": 0.041706813161839856, "FRAGUAB.MX": 0.03652377170059377, "BOLSAA.MX": 0.026246195847325078, "ICHB.MX": 0.024408992749127497, "ACCELSAB.MX": 0.02365568334024574, "GBMO.MX": 0.01894689628004973, "MONEXB.MX": 0.015832221275524458, "MEDICAB.MX": 0.014915642108887451, "BAFARB.MX": 0.01433241946646883, "GFINBURO.MX": 0.01196322749196731, "LAMOSA.MX": 0.007112587884660067, "GFNORTEO.MX": 0.007093795256092293, "OMAB.MX": 0.006003841299029575, "GAPB.MX": 0.005896542988728431, "PINFRA.MX": 0.005808643640173816, "FEMSAUBD.MX": 0.005479475023608846, "CERAMICB.MX": 0.005152731277262191, "AC.MX": 0.005223858953679315, "GMEXICOB.MX": 0.00439689619315138, "PASAB.MX": 0.004626344488637189, "SIMECB.MX": 0.0043028337291453585, "BIMBOA.MX": 0.004398007572730746, "GCARSOA1.MX": 0.004073688542436839, "CYDSASAA.MX": 0.003819083181970801, "DINEA.MX": 0.0036675322620513245, "BSMXB.MX": 0.0033607931168848975, "ASURB.MX": 0.003398074590768796, "TMMA.MX": 0.002707709769227975, "PE&OLES.MX": 0.003965986626678798, "VITROA.MX": 0.0025173618508088492, "BBVA.MX": 0.003045163089249115, "MFRISCOA-1.MX": 0.0021365648042752376, "AZTECACPO.MX": 0.001829118617272791, "TLEVISACPO.MX": 0.0013562797548323036, "HOMEX.MX": 0.0005685180235711994}}