{"allocation": {"VALUEGFO.MX": 217, "CMOCTEZ.MX": 115, "LAMOSA.MX": 194, "FRES.MX": 17, "DINEA.MX": 435, "PASAB.MX": 204, "GFMULTIO.MX": 283, "SIMECB.MX": 59, "GCC.MX": 27, "ACCELSAB.MX": 278, "ORBIA.MX": 40, "TS.MX": 5, "GBMO.MX": 149, "BAFARB.MX": 49, "ARA.MX": 273, "MEDICAB.MX": 26, "OMAB.MX": 7, "AUTLANB.MX": 40, "AXTELCPO.MX": 158, "ICHB.MX": 7, "ASURB.MX": 2, "AZTECACPO.MX": 230, "MONEXB.MX": 37, "CYDSASAA.MX": 17, "BACHOCOB.MX": 5, "AC.MX": 4, "GFINBURO.MX": 16, "GMEXICOB.MX": 7, "FEMSAUBD.MX": 3, "KUOB.MX": 8, "RA.MX": 3, "GAPB.MX": 2, "GFNORTEO.MX": 2, "AEROMEX.MX": 10, "CREAL.MX": 12, "PE&OLES.MX": 1, "GCARSOA1.MX": 3, "HERDEZ.MX": 5, "URBI.MX": 2, "HOMEX.MX": 839, "TEAKCPO.MX": 4}, "qty": {"VALUEGFO.MX": 24955.0, "CMOCTEZ.MX": 9020.600280761719, "LAMOSA.MX": 7857.0, "FRES.MX": 5780.0, "DINEA.MX": 5002.5, "PASAB.MX": 4687.919906616211, "GFMULTIO.MX": 3679.0, "SIMECB.MX": 3654.4599189758296, "GCC.MX": 3478.950164794922, "ACCELSAB.MX": 3002.400053024292, "ORBIA.MX": 2297.2000122070312, "TS.MX": 2007.6499938964844, "GBMO.MX": 1981.7000284194946, "BAFARB.MX": 1862.0, "ARA.MX": 1845.4800624847412, "MEDICAB.MX": 1036.0999603271482, "OMAB.MX": 724.9899978637695, "AUTLANB.MX": 676.8000030517578, "AXTELCPO.MX": 627.2600045204163, "ICHB.MX": 578.1999893188477, "ASURB.MX": 630.739990234375, "AZTECACPO.MX": 554.3000197410583, "MONEXB.MX": 518.0, "CYDSASAA.MX": 526.1500129699707, "BACHOCOB.MX": 478.4000015258789, "AC.MX": 489.04000854492193, "GFINBURO.MX": 444.79998779296875, "GMEXICOB.MX": 394.72999572753906, "FEMSAUBD.MX": 524.8499908447266, "KUOB.MX": 350.0799865722656, "RA.MX": 319.9199981689453, "GAPB.MX": 367.7799987792969, "GFNORTEO.MX": 234.13999938964844, "AEROMEX.MX": 269.89999771118164, "CREAL.MX": 277.79999542236334, "PE&OLES.MX": 356.0400085449219, "GCARSOA1.MX": 201.15000915527344, "HERDEZ.MX": 209.3000030517578, "URBI.MX": 188.13519287109375, "HOMEX.MX": 93.12900120019907, "TEAKCPO.MX": 64.80000305175781}, "pct": {"VALUEGFO.MX": 0.2705196129892292, "CMOCTEZ.MX": 0.09778598665125997, "LAMOSA.MX": 0.08517221395537462, "FRES.MX": 0.06265691697366238, "DINEA.MX": 0.05422858601396991, "PASAB.MX": 0.05081844435433063, "GFMULTIO.MX": 0.039881452862647736, "SIMECB.MX": 0.03961543109460995, "GCC.MX": 0.03771285322336756, "ACCELSAB.MX": 0.03254690845052986, "ORBIA.MX": 0.02490233052538965, "TS.MX": 0.021763522314834916, "GBMO.MX": 0.02148221698051638, "BAFARB.MX": 0.02018463311504487, "ARA.MX": 0.02000555208506154, "MEDICAB.MX": 0.011231631347860383, "OMAB.MX": 0.00785910693821555, "AUTLANB.MX": 0.007336713079409764, "AXTELCPO.MX": 0.006799684779262078, "ICHB.MX": 0.006267859640990228, "ASURB.MX": 0.006837408858145996, "AZTECACPO.MX": 0.00600877687117905, "MONEXB.MX": 0.005615273874110227, "CYDSASAA.MX": 0.005703622435700838, "BACHOCOB.MX": 0.005185998127302241, "AC.MX": 0.005301338964048151, "GFINBURO.MX": 0.004821763997410049, "GMEXICOB.MX": 0.004278990409916007, "FEMSAUBD.MX": 0.005689529809686071, "KUOB.MX": 0.003794971047197109, "RA.MX": 0.0034680278137518734, "GAPB.MX": 0.003986844437385477, "GFNORTEO.MX": 0.0025381471456696475, "AEROMEX.MX": 0.0029257961501351513, "CREAL.MX": 0.0030114344720523893, "PE&OLES.MX": 0.00385957945583066, "GCARSOA1.MX": 0.00218052585171166, "HERDEZ.MX": 0.0022688742065400127, "URBI.MX": 0.002039441377084443, "HOMEX.MX": 0.0010095460373773318, "TEAKCPO.MX": 0.000702451282198453}}