{"allocation": {"VESTA.MX": 711, "BACHOCOB.MX": 256, "LABB.MX": 528, "PINFRA.MX": 47, "TS.MX": 34, "ANB.MX": 5, "ACCELSAB.MX": 321, "CERAMICB.MX": 69, "FEMSAUBD.MX": 17, "GMEXICOB.MX": 41, "GCARSOA1.MX": 30, "AMXL.MX": 108, "MONEXB.MX": 102, "GRUMAB.MX": 6, "HERDEZ.MX": 29, "GCC.MX": 9, "FRAGUAB.MX": 4, "MEDICAB.MX": 33, "BSMXB.MX": 25, "GFNORTEO.MX": 6, "BIMBOA.MX": 17, "GFINBURO.MX": 23, "MEGACPO.MX": 7, "CYDSASAA.MX": 21, "PE&OLES.MX": 2, "ACTINVRB.MX": 41, "FRES.MX": 2, "AZTECACPO.MX": 350}, "qty": {"VESTA.MX": 23441.670867919922, "BACHOCOB.MX": 21680.640625, "LABB.MX": 9625.439758300781, "PINFRA.MX": 8786.180114746094, "TS.MX": 7325.299896240234, "ANB.MX": 7762.650146484375, "ACCELSAB.MX": 6452.100122451782, "CERAMICB.MX": 3308.5500526428223, "FEMSAUBD.MX": 3017.159927368164, "GMEXICOB.MX": 2094.280075073242, "GCARSOA1.MX": 1960.8000183105469, "AMXL.MX": 1620.0, "MONEXB.MX": 1230.1200428009033, "GRUMAB.MX": 1182.0, "HERDEZ.MX": 1107.8000221252441, "GCC.MX": 923.2200164794921, "FRAGUAB.MX": 880.0399780273439, "MEDICAB.MX": 692.6699924468994, "BSMXB.MX": 617.5000190734863, "GFNORTEO.MX": 617.6400146484374, "BIMBOA.MX": 574.5999870300293, "GFINBURO.MX": 533.8299789428711, "MEGACPO.MX": 484.6799850463867, "CYDSASAA.MX": 503.5799903869629, "PE&OLES.MX": 414.6000061035156, "ACTINVRB.MX": 422.3000078201294, "FRES.MX": 293.05999755859375, "AZTECACPO.MX": 273.3500063419342}, "pct": {"VESTA.MX": 0.21740324862390475, "BACHOCOB.MX": 0.20107106403293035, "LABB.MX": 0.0892684606263294, "PINFRA.MX": 0.0814849807721939, "TS.MX": 0.06793645399937707, "ANB.MX": 0.07199253710562328, "ACCELSAB.MX": 0.05983820585875239, "CERAMICB.MX": 0.030684226125864304, "FEMSAUBD.MX": 0.027981809552891642, "GMEXICOB.MX": 0.01942281735865183, "GCARSOA1.MX": 0.018184893742617024, "AMXL.MX": 0.015024238875937143, "MONEXB.MX": 0.011408405783406664, "GRUMAB.MX": 0.0109621298465171, "HERDEZ.MX": 0.010273982814307482, "GCC.MX": 0.008562146952243528, "FRAGUAB.MX": 0.008161685710035364, "MEDICAB.MX": 0.0064239749559974035, "BSMXB.MX": 0.005726831970651729, "GFNORTEO.MX": 0.005728130320626815, "BIMBOA.MX": 0.005328967569907126, "GFINBURO.MX": 0.004950857483193944, "MEGACPO.MX": 0.00449502955168059, "CYDSASAA.MX": 0.004670312388096211, "PE&OLES.MX": 0.003845092302261862, "ACTINVRB.MX": 0.003916503823950462, "FRES.MX": 0.0027179033384579438, "AZTECACPO.MX": 0.002535108513592687}}