{"allocation": {"GNP.MX": 950, "FRAGUAB.MX": 144, "ACCELSAB.MX": 1190, "BAFARB.MX": 108, "GFMULTIO.MX": 176, "VITROA.MX": 15, "KUOB.MX": 12, "ACTINVRB.MX": 18, "VALUEGFO.MX": 2, "MEDICAB.MX": 7, "CYDSASAA.MX": 3, "ASURB.MX": 1, "PINFRA.MX": 1, "HERDEZ.MX": 1, "TMMA.MX": 4, "RCENTROA.MX": 3, "MONEXB.MX": 1}, "qty": {"GNP.MX": 38000.0, "FRAGUAB.MX": 36718.56079101563, "ACCELSAB.MX": 25346.99909210205, "BAFARB.MX": 4482.0, "GFMULTIO.MX": 2288.0, "VITROA.MX": 738.600025177002, "KUOB.MX": 575.6400146484375, "ACTINVRB.MX": 233.81999588012695, "VALUEGFO.MX": 163.0, "MEDICAB.MX": 164.5, "CYDSASAA.MX": 79.64999771118164, "ASURB.MX": 311.0899963378906, "PINFRA.MX": 190.72999572753903, "HERDEZ.MX": 41.130001068115234, "TMMA.MX": 29.520000457763672, "RCENTROA.MX": 27.0, "MONEXB.MX": 12.300000190734863}, "pct": {"GNP.MX": 0.3473411132058797, "FRAGUAB.MX": 0.3356280468544509, "ACCELSAB.MX": 0.23168565476524072, "BAFARB.MX": 0.04096797024707244, "GFMULTIO.MX": 0.020913591237238228, "VITROA.MX": 0.006751214604180805, "KUOB.MX": 0.005261669565627293, "ACTINVRB.MX": 0.002137244675231513, "VALUEGFO.MX": 0.0014899105645410102, "MEDICAB.MX": 0.0015036213979570316, "CYDSASAA.MX": 0.0007280452334696737, "ASURB.MX": 0.0028435354114530517, "PINFRA.MX": 0.0017433781325725283, "HERDEZ.MX": 0.00037595106203047805, "TMMA.MX": 0.00026982920581151873, "RCENTROA.MX": 0.0002467950014883882, "MONEXB.MX": 0.00011242883575479946}}