{"allocation": {"ACCELSAB.MX": 1332, "GNP.MX": 655, "BAFARB.MX": 425, "BACHOCOB.MX": 116, "WMT.MX": 3, "MONEXB.MX": 202, "ICHB.MX": 32, "KUOB.MX": 35, "GCARSOA1.MX": 19, "MEGACPO.MX": 13, "FRAGUAB.MX": 4, "BOLSAA.MX": 21, "FEMSAUBD.MX": 4, "MEDICAB.MX": 34, "BIMBOA.MX": 14, "CYDSASAA.MX": 20, "PINFRA.MX": 3, "LABB.MX": 25, "RCENTROA.MX": 75, "GCC.MX": 4, "GFINBURO.MX": 15, "VOLARA.MX": 20, "CHDRAUIB.MX": 13, "VALUEGFO.MX": 4, "AZTECACPO.MX": 299, "BSMXB.MX": 12, "CEMEXCPO.MX": 35, "ALFAA.MX": 13, "GAPB.MX": 1, "RA.MX": 3, "GFNORTEO.MX": 2, "CREAL.MX": 8, "OMAB.MX": 1, "POCHTECB.MX": 9}, "qty": {"ACCELSAB.MX": 27519.11979675293, "GNP.MX": 26200.0, "BAFARB.MX": 17637.5, "BACHOCOB.MX": 10631.400177001953, "WMT.MX": 6909.0, "MONEXB.MX": 2424.0, "ICHB.MX": 2188.159912109375, "KUOB.MX": 1634.849967956543, "GCARSOA1.MX": 1095.3500289916992, "MEGACPO.MX": 1063.6599960327148, "FRAGUAB.MX": 880.0, "BOLSAA.MX": 774.2699775695801, "FEMSAUBD.MX": 733.2399902343749, "MEDICAB.MX": 680.0, "BIMBOA.MX": 490.97999572753906, "CYDSASAA.MX": 490.0, "PINFRA.MX": 503.3399963378906, "LABB.MX": 419.7500228881836, "RCENTROA.MX": 424.4999885559082, "GCC.MX": 419.95999145507807, "GFINBURO.MX": 371.5500068664551, "VOLARA.MX": 355.2000045776367, "CHDRAUIB.MX": 364.90999603271484, "VALUEGFO.MX": 398.0, "AZTECACPO.MX": 331.8900042772293, "BSMXB.MX": 305.63999176025385, "CEMEXCPO.MX": 261.44999265670776, "ALFAA.MX": 222.56001091003418, "GAPB.MX": 191.1999969482422, "RA.MX": 272.37000274658203, "GFNORTEO.MX": 215.63999938964844, "CREAL.MX": 177.83999633789062, "OMAB.MX": 117.75, "POCHTECB.MX": 62.90999794006348}, "pct": {"ACCELSAB.MX": 0.2577469130725622, "GNP.MX": 0.24539190106283612, "BAFARB.MX": 0.1651946433204493, "BACHOCOB.MX": 0.0995747900913848, "WMT.MX": 0.06471040627645552, "MONEXB.MX": 0.022703433899859342, "ICHB.MX": 0.0204945313229774, "KUOB.MX": 0.015312173343105832, "GCARSOA1.MX": 0.010259161295553654, "MEGACPO.MX": 0.009962349179807505, "FRAGUAB.MX": 0.008242170722721213, "BOLSAA.MX": 0.007251892432506822, "FEMSAUBD.MX": 0.006867601341179719, "MEDICAB.MX": 0.006368950103920938, "BIMBOA.MX": 0.004598569257076487, "CYDSASAA.MX": 0.004589390516060676, "PINFRA.MX": 0.00471433429703496, "LABB.MX": 0.003931421988080166, "RCENTROA.MX": 0.003975910656217042, "GCC.MX": 0.003933388575324199, "GFINBURO.MX": 0.0034799756688881386, "VOLARA.MX": 0.0033268398618639073, "CHDRAUIB.MX": 0.0034177846428740414, "VALUEGFO.MX": 0.003727709031412549, "AZTECACPO.MX": 0.0031085159959290884, "BSMXB.MX": 0.0028626556724762695, "CEMEXCPO.MX": 0.0024487675851486285, "ALFAA.MX": 0.002084520006785452, "GAPB.MX": 0.0017907988829899853, "RA.MX": 0.002551045525437926, "GFNORTEO.MX": 0.0020197064654738418, "CREAL.MX": 0.0016656677399375112, "OMAB.MX": 0.0011028586393186624, "POCHTECB.MX": 0.0005892215263500488}}