{"allocation": {"GNP.MX": 996, "WMT.MX": 12, "ACCELSAB.MX": 855, "FRAGUAB.MX": 15, "MEDICAB.MX": 139, "GCARSOA1.MX": 43, "KUOB.MX": 48, "HERDEZ.MX": 54, "GFMULTIO.MX": 148, "TS.MX": 6, "BAFARB.MX": 26, "CYDSASAA.MX": 32, "PINFRA.MX": 4, "GRUMAB.MX": 4, "CERAMICB.MX": 13, "VALUEGFO.MX": 5, "MONEXB.MX": 37, "ASURB.MX": 2, "AMXL.MX": 24, "MEGACPO.MX": 3, "DINEA.MX": 22, "GCC.MX": 2, "IENOVA.MX": 2, "OMAB.MX": 2, "ALFAA.MX": 8, "BIMBOA.MX": 4, "ALPEKA.MX": 6, "ORBIA.MX": 3, "VOLARA.MX": 6, "BOLSAA.MX": 2, "LALAB.MX": 4, "SIMECB.MX": 2, "RA.MX": 1, "GFINBURO.MX": 3, "BSMXB.MX": 2, "CHDRAUIB.MX": 2, "GFNORTEO.MX": 1, "GMEXICOB.MX": 1, "ICHB.MX": 1, "AZTECACPO.MX": 27, "ARA.MX": 10, "HOMEX.MX": 399}, "qty": {"GNP.MX": 38943.5984802246, "WMT.MX": 23880.0, "ACCELSAB.MX": 18211.499347686768, "FRAGUAB.MX": 3902.2499084472656, "MEDICAB.MX": 3600.0999469757085, "GCARSOA1.MX": 3101.5898818969727, "KUOB.MX": 2322.2400512695312, "HERDEZ.MX": 2168.100082397461, "GFMULTIO.MX": 1924.0, "TS.MX": 1509.4800109863281, "BAFARB.MX": 1066.0, "CYDSASAA.MX": 880.0, "PINFRA.MX": 763.2399902343749, "GRUMAB.MX": 747.6400146484374, "CERAMICB.MX": 624.0, "VALUEGFO.MX": 565.0, "MONEXB.MX": 499.87000846862793, "ASURB.MX": 618.8599853515625, "AMXL.MX": 330.95999908447266, "MEGACPO.MX": 242.73001098632812, "DINEA.MX": 231.0, "GCC.MX": 211.05999755859375, "IENOVA.MX": 159.60000610351562, "OMAB.MX": 236.5800018310547, "ALFAA.MX": 143.1199951171875, "BIMBOA.MX": 158.1999969482422, "ALPEKA.MX": 132.7200050354004, "ORBIA.MX": 123.02999496459961, "VOLARA.MX": 99.54000091552734, "BOLSAA.MX": 71.4800033569336, "LALAB.MX": 91.36000061035156, "SIMECB.MX": 105.04000091552734, "RA.MX": 94.91999816894533, "GFINBURO.MX": 78.0, "BSMXB.MX": 57.400001525878906, "CHDRAUIB.MX": 66.08000183105469, "GFNORTEO.MX": 106.58999633789062, "GMEXICOB.MX": 48.90999984741211, "ICHB.MX": 62.43999862670898, "AZTECACPO.MX": 47.25, "ARA.MX": 41.599998474121094, "HOMEX.MX": 33.51599954813717}, "pct": {"GNP.MX": 0.3595880423537896, "WMT.MX": 0.2204974061595494, "ACCELSAB.MX": 0.168156966852649, "FRAGUAB.MX": 0.03603165757952099, "MEDICAB.MX": 0.03324173786529628, "GCARSOA1.MX": 0.02863871540741146, "KUOB.MX": 0.021442542202041486, "HERDEZ.MX": 0.02001928159392569, "GFMULTIO.MX": 0.01776536890498212, "TS.MX": 0.013937873830493028, "BAFARB.MX": 0.009842974663571176, "CYDSASAA.MX": 0.008125532555293278, "PINFRA.MX": 0.007047422031989928, "GRUMAB.MX": 0.006903378725756615, "CERAMICB.MX": 0.005761741266480688, "VALUEGFO.MX": 0.005216961242887162, "MONEXB.MX": 0.004615579576393821, "ASURB.MX": 0.005714280634252776, "AMXL.MX": 0.00305593891711445, "MEGACPO.MX": 0.002241262052745573, "DINEA.MX": 0.0021329522957644854, "GCC.MX": 0.0019488350923664468, "IENOVA.MX": 0.001473676187976275, "OMAB.MX": 0.0021844755759199753, "ALFAA.MX": 0.0013215070223160479, "BIMBOA.MX": 0.0014607491198298172, "ALPEKA.MX": 0.0012254780927884474, "ORBIA.MX": 0.0011360048060936616, "VOLARA.MX": 0.0009191085431739092, "BOLSAA.MX": 0.0006600148799195872, "LALAB.MX": 0.0008435780218307106, "SIMECB.MX": 0.0009698931216444922, "RA.MX": 0.0008764494718978904, "GFINBURO.MX": 0.000720217658310086, "BSMXB.MX": 0.0005300063421277419, "CHDRAUIB.MX": 0.0006101536433319026, "GFNORTEO.MX": 0.0009842050969455928, "GMEXICOB.MX": 0.0004516134045903822, "ICHB.MX": 0.0005765434563565811, "AZTECACPO.MX": 0.0004362856968609175, "ARA.MX": 0.00038411607034275185, "HOMEX.MX": 0.00030947198346770833}}