{"allocation": {"ACCELSAB.MX": 1359, "WMT.MX": 9, "TMMA.MX": 1391, "GCARSOA1.MX": 106, "BAFARB.MX": 188, "FRES.MX": 21, "GFMULTIO.MX": 278, "ICHB.MX": 39, "TS.MX": 11, "CERAMICB.MX": 45, "VALUEGFO.MX": 13, "MEGACPO.MX": 16, "HERDEZ.MX": 29, "ALFAA.MX": 61, "MEDICAB.MX": 40, "CHDRAUIB.MX": 27, "GISSAA.MX": 47, "GRUMAB.MX": 5, "DINEA.MX": 83, "AC.MX": 9, "GAPB.MX": 4, "GCC.MX": 8, "AEROMEX.MX": 40, "ASURB.MX": 3, "VOLARA.MX": 43, "IENOVA.MX": 9, "RA.MX": 7, "OMAB.MX": 6, "ORBIA.MX": 15, "GFNORTEO.MX": 6, "ALPEKA.MX": 27, "LABB.MX": 41, "ARA.MX": 123}, "qty": {"ACCELSAB.MX": 28946.698963165283, "WMT.MX": 17636.04052734375, "TMMA.MX": 10502.050265312195, "GCARSOA1.MX": 7792.06022644043, "BAFARB.MX": 7708.0, "FRES.MX": 4364.850128173827, "GFMULTIO.MX": 3614.0, "ICHB.MX": 3448.7700119018555, "TS.MX": 2767.3800201416016, "CERAMICB.MX": 2160.0, "VALUEGFO.MX": 1469.0, "MEGACPO.MX": 1336.1600341796875, "HERDEZ.MX": 1178.2700309753418, "ALFAA.MX": 1168.7599906921387, "MEDICAB.MX": 1040.0, "CHDRAUIB.MX": 1011.4199752807617, "GISSAA.MX": 998.2799892425537, "GRUMAB.MX": 947.4500274658204, "DINEA.MX": 913.0, "AC.MX": 968.4900054931641, "GAPB.MX": 771.0399780273439, "GCC.MX": 869.0399780273436, "AEROMEX.MX": 777.2000122070312, "ASURB.MX": 936.75, "VOLARA.MX": 741.75, "IENOVA.MX": 745.8300247192383, "RA.MX": 723.1699829101564, "OMAB.MX": 700.8000183105468, "ORBIA.MX": 660.149974822998, "GFNORTEO.MX": 718.980010986328, "ALPEKA.MX": 629.6399917602539, "LABB.MX": 624.8399906158447, "ARA.MX": 624.8399906158447}, "pct": {"ACCELSAB.MX": 0.2643661864927045, "WMT.MX": 0.1610675118768302, "TMMA.MX": 0.0959137683550113, "GCARSOA1.MX": 0.07116380522721553, "BAFARB.MX": 0.07039609483895855, "FRES.MX": 0.03986357078110601, "GFMULTIO.MX": 0.03300616070939234, "ICHB.MX": 0.03149713814680841, "TS.MX": 0.025274097866285313, "CERAMICB.MX": 0.019726980390782363, "VALUEGFO.MX": 0.013416173237990414, "MEGACPO.MX": 0.012202964256115643, "HERDEZ.MX": 0.01076097675745236, "ALFAA.MX": 0.010674122878664259, "MEDICAB.MX": 0.009498175743710027, "CHDRAUIB.MX": 0.009237158342226468, "GISSAA.MX": 0.009117152672360318, "GRUMAB.MX": 0.008652929681974283, "DINEA.MX": 0.00833830235962236, "AC.MX": 0.008845084882885348, "GAPB.MX": 0.007041801169932721, "GCC.MX": 0.007936821576551548, "AEROMEX.MX": 0.0070980599076499624, "ASURB.MX": 0.008555207815308045, "VOLARA.MX": 0.0067742998633624155, "IENOVA.MX": 0.006811562163191268, "RA.MX": 0.006604611144477348, "OMAB.MX": 0.0064003093606815175, "ORBIA.MX": 0.006029058151994793, "GFNORTEO.MX": 0.006566344712079528, "ALPEKA.MX": 0.005750414708660601, "LABB.MX": 0.0057065769640071325, "ARA.MX": 0.0057065769640071325}}