{"allocation": {"GAPB.MX": 114, "BACHOCOB.MX": 257, "GNP.MX": 256, "ANB.MX": 5, "BAFARB.MX": 128, "VOLARA.MX": 235, "ACCELSAB.MX": 217, "GFMULTIO.MX": 242, "ASURB.MX": 8, "GISSAA.MX": 91, "GRUMAB.MX": 9, "FRAGUAB.MX": 8, "MONEXB.MX": 138, "ICHB.MX": 18, "HERDEZ.MX": 36, "MEGACPO.MX": 17, "GCARSOA1.MX": 21, "PINFRA.MX": 7, "LALAB.MX": 60, "ACTINVRB.MX": 89, "VALUEGFO.MX": 12, "GMEXICOB.MX": 18, "ALFAA.MX": 55, "CULTIBAB.MX": 66, "FEMSAUBD.MX": 5, "BOLSAA.MX": 15, "MEDICAB.MX": 28, "BSMXB.MX": 22, "PE&OLES.MX": 2, "ALPEKA.MX": 21, "GFINBURO.MX": 17, "FRES.MX": 2, "AZTECACPO.MX": 291, "HOMEX.MX": 2211}, "qty": {"GAPB.MX": 22991.519165039062, "BACHOCOB.MX": 22199.659294128418, "GNP.MX": 10496.0, "ANB.MX": 7742.9998779296875, "BAFARB.MX": 5312.0, "VOLARA.MX": 4906.799802780151, "ACCELSAB.MX": 4361.700082778931, "GFMULTIO.MX": 3146.0, "ASURB.MX": 2523.52001953125, "GISSAA.MX": 2183.089979171753, "GRUMAB.MX": 1816.6500549316404, "FRAGUAB.MX": 1840.0, "MONEXB.MX": 1656.0, "ICHB.MX": 1485.5399780273438, "HERDEZ.MX": 1411.5599670410156, "MEGACPO.MX": 1343.5099792480469, "GCARSOA1.MX": 1352.400032043457, "PINFRA.MX": 1245.5800170898438, "LALAB.MX": 1129.799995422363, "ACTINVRB.MX": 1049.3099966049194, "VALUEGFO.MX": 1020.0, "GMEXICOB.MX": 912.0599670410156, "ALFAA.MX": 917.400016784668, "CULTIBAB.MX": 792.0, "FEMSAUBD.MX": 853.4999847412109, "BOLSAA.MX": 632.7000045776367, "MEDICAB.MX": 602.0, "BSMXB.MX": 568.2599983215331, "PE&OLES.MX": 461.6799926757813, "ALPEKA.MX": 435.1199855804443, "GFINBURO.MX": 406.2999935150147, "FRES.MX": 354.0, "AZTECACPO.MX": 242.11200499534607, "HOMEX.MX": 181.30200500786304}, "pct": {"GAPB.MX": 0.21176273695636527, "BACHOCOB.MX": 0.20446933401303405, "GNP.MX": 0.09667311112150398, "ANB.MX": 0.07131668136555722, "BAFARB.MX": 0.048926025750517264, "VOLARA.MX": 0.04519394079507807, "ACCELSAB.MX": 0.040173315242107537, "GFMULTIO.MX": 0.028976144015648967, "ASURB.MX": 0.02324280976233655, "GISSAA.MX": 0.020107288504641073, "GRUMAB.MX": 0.01673220394715061, "FRAGUAB.MX": 0.016947267955751463, "MONEXB.MX": 0.015252541160176315, "ICHB.MX": 0.013682523949244855, "HERDEZ.MX": 0.0130011331505738, "MEGACPO.MX": 0.012374360662794964, "GCARSOA1.MX": 0.01245624224261268, "PINFRA.MX": 0.011472379516277753, "LALAB.MX": 0.010405990901537805, "ACTINVRB.MX": 0.009664640044082731, "VALUEGFO.MX": 0.009394681149383962, "GMEXICOB.MX": 0.008400502528890184, "ALFAA.MX": 0.008449686906011226, "CULTIBAB.MX": 0.007294693598345194, "FEMSAUBD.MX": 0.007861137468282112, "BOLSAA.MX": 0.005827465496294775, "MEDICAB.MX": 0.005544703972479554, "BSMXB.MX": 0.005233942641353205, "PE&OLES.MX": 0.004252290513959695, "ALPEKA.MX": 0.004007660319855707, "GFINBURO.MX": 0.0037422145981081713, "FRES.MX": 0.0032605069871391398, "AZTECACPO.MX": 0.0022299657738915034, "HOMEX.MX": 0.0016698769890126349}}