{"allocation": {"ACCELSAB.MX": 2198, "TS.MX": 47, "SIMECB.MX": 151, "BAFARB.MX": 131, "FRAGUAB.MX": 17, "RCENTROA.MX": 345, "FRES.MX": 13, "WMT.MX": 1, "MONEXB.MX": 153, "MEDICAB.MX": 68, "MEGACPO.MX": 22, "KUOB.MX": 38, "VALUEGFO.MX": 16, "CYDSASAA.MX": 56, "ORBIA.MX": 31, "ALEATIC.MX": 73, "OMAB.MX": 12, "ASURB.MX": 4, "BSMXB.MX": 47, "GCC.MX": 11, "CEMEXCPO.MX": 126, "RA.MX": 11, "AXTELCPO.MX": 369, "GFNORTEO.MX": 9, "BBVA.MX": 7}, "qty": {"ACCELSAB.MX": 43740.19916152955, "TS.MX": 11824.26008605957, "SIMECB.MX": 8909.0, "BAFARB.MX": 5305.5, "FRAGUAB.MX": 4420.0, "RCENTROA.MX": 3346.499934196472, "FRES.MX": 2860.0, "WMT.MX": 1916.4599609375, "MONEXB.MX": 2264.400029182434, "MEDICAB.MX": 2033.1999740600588, "MEGACPO.MX": 1937.1000671386719, "KUOB.MX": 1624.5, "VALUEGFO.MX": 1640.0, "CYDSASAA.MX": 1485.6800384521484, "ORBIA.MX": 1448.0099716186523, "ALEATIC.MX": 1416.1999721527102, "OMAB.MX": 1318.1999816894531, "ASURB.MX": 1307.8800048828125, "BSMXB.MX": 1244.089967727661, "GCC.MX": 1154.8899765014646, "CEMEXCPO.MX": 1191.9600048065186, "RA.MX": 1102.6399765014646, "AXTELCPO.MX": 1025.8199894428253, "GFNORTEO.MX": 943.6499862670898, "BBVA.MX": 828.8000106811523}, "pct": {"ACCELSAB.MX": 0.41152164594396046, "TS.MX": 0.1112463835547509, "SIMECB.MX": 0.0838186934214805, "BAFARB.MX": 0.04991582421682173, "FRAGUAB.MX": 0.04158475978481803, "RCENTROA.MX": 0.03148493119535512, "FRES.MX": 0.02690778574311755, "WMT.MX": 0.01803066224271667, "MONEXB.MX": 0.021304192595087434, "MEDICAB.MX": 0.01912898925696511, "MEGACPO.MX": 0.018224850898442658, "KUOB.MX": 0.015283810468424636, "VALUEGFO.MX": 0.0154296393771723, "CYDSASAA.MX": 0.013977748306817151, "ORBIA.MX": 0.013623336388186162, "ALEATIC.MX": 0.013324057839193763, "OMAB.MX": 0.012402042892965483, "ASURB.MX": 0.012304949282900088, "BSMXB.MX": 0.011704792411460814, "GCC.MX": 0.010865570644956458, "CEMEXCPO.MX": 0.011214337211083624, "RA.MX": 0.010373986097726426, "AXTELCPO.MX": 0.009651239331096031, "GFNORTEO.MX": 0.008878157918521213, "BBVA.MX": 0.007797612975979714}}