{"allocation": {"ACCELSAB.MX": 1460, "TS.MX": 56, "WMT.MX": 4, "TMMA.MX": 691, "MONEXB.MX": 349, "BAFARB.MX": 117, "RCENTROA.MX": 353, "VALUEGFO.MX": 31, "GFMULTIO.MX": 264, "FRAGUAB.MX": 13, "MEGACPO.MX": 28, "MEDICAB.MX": 72, "CHDRAUIB.MX": 50, "DINEA.MX": 163, "KUOB.MX": 34, "VITROA.MX": 25, "GRUMAB.MX": 5, "GFINBURO.MX": 42, "FEMSAUBD.MX": 6, "BIMBOA.MX": 29, "VESTA.MX": 37, "ALEATIC.MX": 40, "CEMEXCPO.MX": 89, "CYDSASAA.MX": 25, "GCC.MX": 6, "SORIANAB.MX": 26, "AMXL.MX": 44, "GENTERA.MX": 40, "ORBIA.MX": 8, "RA.MX": 4, "GAPB.MX": 2, "GFNORTEO.MX": 3, "ASURB.MX": 1, "OMAB.MX": 3}, "qty": {"ACCELSAB.MX": 26133.9994430542, "TS.MX": 17528.0, "WMT.MX": 7400.0, "TMMA.MX": 5313.790039539337, "MONEXB.MX": 4886.0, "BAFARB.MX": 4738.5, "RCENTROA.MX": 3530.0, "VALUEGFO.MX": 3379.0, "GFMULTIO.MX": 3432.0, "FRAGUAB.MX": 3380.0, "MEGACPO.MX": 2407.4400939941406, "MEDICAB.MX": 2233.4400329589844, "CHDRAUIB.MX": 1852.4999618530273, "DINEA.MX": 1760.4000310897827, "KUOB.MX": 1479.0, "VITROA.MX": 1316.4999961853027, "GRUMAB.MX": 1164.8500061035156, "GFINBURO.MX": 1163.400032043457, "FEMSAUBD.MX": 1044.0, "BIMBOA.MX": 1096.4900398254395, "VESTA.MX": 990.8600254058838, "ALEATIC.MX": 919.5999908447266, "CEMEXCPO.MX": 919.369993209839, "CYDSASAA.MX": 734.999990463257, "GCC.MX": 630.1199798583984, "SORIANAB.MX": 701.2199821472167, "AMXL.MX": 673.6400184631348, "GENTERA.MX": 557.9999923706055, "ORBIA.MX": 408.6400146484375, "RA.MX": 404.3200073242187, "GAPB.MX": 343.260009765625, "GFNORTEO.MX": 318.4800109863281, "ASURB.MX": 345.92999267578125, "OMAB.MX": 319.2000045776367}, "pct": {"ACCELSAB.MX": 0.25248545649813026, "TS.MX": 0.1693412862865671, "WMT.MX": 0.07149278403243933, "TMMA.MX": 0.05133751941763691, "MONEXB.MX": 0.04720455983547278, "BAFARB.MX": 0.045779534748339706, "RCENTROA.MX": 0.03410399022087985, "VALUEGFO.MX": 0.032645150979136825, "GFMULTIO.MX": 0.03315719389180159, "FRAGUAB.MX": 0.03265481216616824, "MEGACPO.MX": 0.0232587290149944, "MEDICAB.MX": 0.021577681881856874, "CHDRAUIB.MX": 0.017897348607143322, "DINEA.MX": 0.01700755395045964, "KUOB.MX": 0.014288895619456458, "VITROA.MX": 0.01271895268999771, "GRUMAB.MX": 0.011253833772505984, "GFINBURO.MX": 0.011239825301921065, "FEMSAUBD.MX": 0.010086279260792794, "BIMBOA.MX": 0.01059339535283256, "VESTA.MX": 0.009572884027394622, "ALEATIC.MX": 0.008884427505634491, "CEMEXCPO.MX": 0.008882205455467059, "CYDSASAA.MX": 0.007100972375950622, "GCC.MX": 0.0060877069776407436, "SORIANAB.MX": 0.006774617397686747, "AMXL.MX": 0.006508162210215316, "GENTERA.MX": 0.005390942289818175, "ORBIA.MX": 0.003947947610036972, "RA.MX": 0.0039062112113006295, "GAPB.MX": 0.003316299154749574, "GFNORTEO.MX": 0.0030768949519046573, "ASURB.MX": 0.0033420943590152636, "OMAB.MX": 0.0030838509446517066}}