{"allocation": {"ACCELSAB.MX": 2559, "BAFARB.MX": 362, "LABB.MX": 604, "GNP.MX": 218, "ANB.MX": 2, "MONEXB.MX": 289, "VALUEGFO.MX": 16, "SIMECB.MX": 19, "TMMA.MX": 140, "HERDEZ.MX": 16, "FRAGUAB.MX": 2, "AMXL.MX": 37, "ACTINVRB.MX": 39, "CREAL.MX": 18, "VESTA.MX": 13, "ASURB.MX": 1, "VOLARA.MX": 17, "GISSAA.MX": 16, "GCC.MX": 3, "CYDSASAA.MX": 12, "PINFRA.MX": 2, "MEDICAB.MX": 12, "FEMSAUBD.MX": 2, "VITROA.MX": 4, "GCARSOA1.MX": 3, "ALFAA.MX": 11, "BIMBOA.MX": 5, "RA.MX": 2, "BBVA.MX": 2, "ALPEKA.MX": 6, "ICHB.MX": 2, "GMEXICOB.MX": 2, "BOLSAA.MX": 3, "GFNORTEO.MX": 1, "AZTECACPO.MX": 77, "GFINBURO.MX": 4, "PE&OLES.MX": 1}, "qty": {"ACCELSAB.MX": 54506.69804763794, "BAFARB.MX": 15023.0, "LABB.MX": 10557.919723510742, "GNP.MX": 8720.0, "ANB.MX": 3838.159912109375, "MONEXB.MX": 3468.0, "VALUEGFO.MX": 1336.0, "SIMECB.MX": 1052.78999710083, "TMMA.MX": 987.0000267028809, "HERDEZ.MX": 641.760009765625, "FRAGUAB.MX": 480.0, "AMXL.MX": 498.75998306274414, "ACTINVRB.MX": 483.5999851226806, "CREAL.MX": 399.060001373291, "VESTA.MX": 366.85999107360834, "ASURB.MX": 290.95001220703125, "VOLARA.MX": 319.26001167297363, "GISSAA.MX": 304.0, "GCC.MX": 308.61000823974615, "CYDSASAA.MX": 287.40000915527344, "PINFRA.MX": 345.239990234375, "MEDICAB.MX": 256.6799926757813, "FEMSAUBD.MX": 347.7200012207031, "VITROA.MX": 173.9199981689453, "GCARSOA1.MX": 185.43000411987305, "ALFAA.MX": 182.600004196167, "BIMBOA.MX": 182.5, "RA.MX": 183.55999755859375, "BBVA.MX": 194.0, "ALPEKA.MX": 123.95999908447266, "ICHB.MX": 126.12000274658203, "GMEXICOB.MX": 93.77999877929688, "BOLSAA.MX": 95.87999725341797, "GFNORTEO.MX": 96.4800033569336, "AZTECACPO.MX": 118.57999706268309, "GFINBURO.MX": 94.08000183105469, "PE&OLES.MX": 177.38999938964844}, "pct": {"ACCELSAB.MX": 0.5101342725296053, "BAFARB.MX": 0.1406019342707987, "LABB.MX": 0.09881274945093699, "GNP.MX": 0.08161145356063133, "ANB.MX": 0.03592176713593935, "MONEXB.MX": 0.03245739919131531, "VALUEGFO.MX": 0.01250377316020682, "SIMECB.MX": 0.00985317912356555, "TMMA.MX": 0.009237443445367437, "HERDEZ.MX": 0.006006303581887341, "FRAGUAB.MX": 0.004492373590493468, "AMXL.MX": 0.004667950366470919, "ACTINVRB.MX": 0.004526066253183676, "CREAL.MX": 0.003734847106649291, "VESTA.MX": 0.003433483615224474, "ASURB.MX": 0.0027230336479012905, "VOLARA.MX": 0.0029879900936256314, "GISSAA.MX": 0.002845169940645863, "GCC.MX": 0.0028883155224545985, "CYDSASAA.MX": 0.0026898087729931904, "PINFRA.MX": 0.003231139613564852, "MEDICAB.MX": 0.002402296708968202, "FEMSAUBD.MX": 0.00325435031327134, "VITROA.MX": 0.001627736680485088, "GCARSOA1.MX": 0.0017354601112358598, "ALFAA.MX": 0.0017089738259892856, "BIMBOA.MX": 0.001708037875552204, "RA.MX": 0.0017179585110484834, "BBVA.MX": 0.0018156676594911101, "ALPEKA.MX": 0.0011601554711764155, "ICHB.MX": 0.0011803711866077266, "GMEXICOB.MX": 0.0008776974788179645, "BOLSAA.MX": 0.0008973515989955024, "GFNORTEO.MX": 0.0009029671231071034, "AZTECACPO.MX": 0.001109803431594147, "GFINBURO.MX": 0.000880505240873765, "PE&OLES.MX": 0.0016602128093243938}}