{"allocation": {"ACCELSAB.MX": 1915, "TS.MX": 56, "WMT.MX": 5, "BAFARB.MX": 179, "SIMECB.MX": 92, "FRES.MX": 25, "GFMULTIO.MX": 291, "CHDRAUIB.MX": 52, "MEGACPO.MX": 21, "DINEA.MX": 151, "KUOB.MX": 32, "ALEATIC.MX": 65, "PASAB.MX": 58, "LALAB.MX": 42, "CYDSASAA.MX": 34, "MEDICAB.MX": 36, "GCC.MX": 8, "FEMSAUBD.MX": 4, "OMAB.MX": 7, "AMXL.MX": 53, "GFINBURO.MX": 27, "BSMXB.MX": 27, "GISSAA.MX": 33, "ASURB.MX": 2, "GRUMAB.MX": 4, "ALFAA.MX": 32, "RA.MX": 6, "BACHOCOB.MX": 7, "GAPB.MX": 3, "GFNORTEO.MX": 5, "BBVA.MX": 4, "ARA.MX": 101, "VOLARA.MX": 29, "GMEXICOB.MX": 9}, "qty": {"ACCELSAB.MX": 39065.99926948548, "TS.MX": 14088.480102539062, "WMT.MX": 9435.0, "BAFARB.MX": 7339.0, "SIMECB.MX": 5153.840042114258, "FRES.MX": 5196.25015258789, "GFMULTIO.MX": 3783.0, "CHDRAUIB.MX": 1957.2799682617188, "MEGACPO.MX": 1891.4699935913086, "DINEA.MX": 1661.0, "KUOB.MX": 1433.5999755859375, "ALEATIC.MX": 1340.949945449829, "PASAB.MX": 1142.6000442504883, "LALAB.MX": 1059.2399711608884, "CYDSASAA.MX": 1020.0, "MEDICAB.MX": 1008.0, "GCC.MX": 857.0399780273436, "FEMSAUBD.MX": 715.6799926757812, "OMAB.MX": 767.7600021362305, "AMXL.MX": 735.6400060653687, "GFINBURO.MX": 726.0299835205079, "BSMXB.MX": 716.3100185394287, "GISSAA.MX": 702.899974822998, "ASURB.MX": 627.280029296875, "GRUMAB.MX": 792.7999877929688, "ALFAA.MX": 660.1599731445312, "RA.MX": 587.4600219726562, "BACHOCOB.MX": 522.1299743652344, "GAPB.MX": 516.9600219726562, "GFNORTEO.MX": 527.7000045776367, "BBVA.MX": 443.95999145507807, "ARA.MX": 498.94000577926636, "VOLARA.MX": 478.79000663757324, "GMEXICOB.MX": 480.24000549316406}, "pct": {"ACCELSAB.MX": 0.36194511519065625, "TS.MX": 0.13052927478954335, "WMT.MX": 0.08741494459841623, "BAFARB.MX": 0.06799557799764458, "SIMECB.MX": 0.04775014750932877, "FRES.MX": 0.04814307569771937, "GFMULTIO.MX": 0.03504936252419805, "CHDRAUIB.MX": 0.01813413036451383, "MEGACPO.MX": 0.017524403253773285, "DINEA.MX": 0.01538910683391302, "KUOB.MX": 0.013282253570973564, "ALEATIC.MX": 0.012423854286247597, "PASAB.MX": 0.010586149397594526, "LALAB.MX": 0.009813821239582094, "CYDSASAA.MX": 0.009450264280909861, "MEDICAB.MX": 0.009339084701134452, "GCC.MX": 0.007940445383983901, "FEMSAUBD.MX": 0.006630750069946831, "OMAB.MX": 0.007113269533822841, "AMXL.MX": 0.006815678895027321, "GFINBURO.MX": 0.006726642372679835, "BSMXB.MX": 0.006636587237510827, "GISSAA.MX": 0.006512343652080608, "ASURB.MX": 0.0058117275048944605, "GRUMAB.MX": 0.007345264124064379, "ALFAA.MX": 0.006116359033229586, "RA.MX": 0.005442796531481094, "BACHOCOB.MX": 0.0048375159281727025, "GAPB.MX": 0.00478961650030056, "GFNORTEO.MX": 0.0048891220630353045, "BBVA.MX": 0.004113273773922521, "ARA.MX": 0.004622661681306628, "VOLARA.MX": 0.004435972644885935, "GMEXICOB.MX": 0.004449406833505886}}