{"allocation": {"GNP.MX": 1372, "BACHOCOB.MX": 187, "VOLARA.MX": 181, "ICHB.MX": 40, "ACCELSAB.MX": 143, "GCARSOA1.MX": 46, "KUOB.MX": 45, "GFMULTIO.MX": 146, "BOLSAA.MX": 42, "WMT.MX": 1, "MEGACPO.MX": 16, "FRAGUAB.MX": 5, "FEMSAUBD.MX": 5, "TS.MX": 4, "MEDICAB.MX": 40, "BAFARB.MX": 20, "RCENTROA.MX": 136, "GAPB.MX": 4, "PINFRA.MX": 3, "CYDSASAA.MX": 26, "BIMBOA.MX": 18, "OMAB.MX": 5, "GCC.MX": 5, "MONEXB.MX": 45, "CHDRAUIB.MX": 17, "CMOCTEZ.MX": 9, "ALFAA.MX": 28, "GFINBURO.MX": 19, "CREAL.MX": 17, "BSMXB.MX": 15, "VALUEGFO.MX": 4, "ASURB.MX": 1, "RA.MX": 3, "CEMEXCPO.MX": 40, "AZTECACPO.MX": 312, "GFNORTEO.MX": 2, "POCHTECB.MX": 10}, "qty": {"GNP.MX": 54880.0, "BACHOCOB.MX": 16242.820114135742, "VOLARA.MX": 3560.270013809204, "ICHB.MX": 3198.3999633789062, "ACCELSAB.MX": 2860.0, "GCARSOA1.MX": 2664.780014038086, "KUOB.MX": 2182.050075531006, "GFMULTIO.MX": 1898.0, "BOLSAA.MX": 1558.6200256347656, "WMT.MX": 2342.85009765625, "MEGACPO.MX": 1271.52001953125, "FRAGUAB.MX": 1150.0, "FEMSAUBD.MX": 904.1999816894532, "TS.MX": 872.0, "MEDICAB.MX": 848.0000305175781, "BAFARB.MX": 830.0, "RCENTROA.MX": 856.8000259399414, "GAPB.MX": 759.5999755859376, "PINFRA.MX": 530.8200073242188, "CYDSASAA.MX": 665.6000099182129, "BIMBOA.MX": 647.8200302124023, "OMAB.MX": 585.4000091552733, "GCC.MX": 527.0000076293945, "MONEXB.MX": 540.0, "CHDRAUIB.MX": 524.6200103759764, "CMOCTEZ.MX": 522.0, "ALFAA.MX": 485.23999786376953, "GFINBURO.MX": 476.9000072479248, "CREAL.MX": 382.3299961090088, "BSMXB.MX": 373.49999427795416, "VALUEGFO.MX": 372.0, "ASURB.MX": 301.6400146484375, "RA.MX": 271.46999359130854, "CEMEXCPO.MX": 307.60000228881836, "AZTECACPO.MX": 301.0799918174744, "GFNORTEO.MX": 212.13999938964844, "POCHTECB.MX": 70.0}, "pct": {"GNP.MX": 0.5130071312481005, "BACHOCOB.MX": 0.15183459457237103, "VOLARA.MX": 0.03328068342297549, "ICHB.MX": 0.02989799544090821, "ACCELSAB.MX": 0.026734701081806988, "GCARSOA1.MX": 0.02490982416925932, "KUOB.MX": 0.02039736241778175, "GFMULTIO.MX": 0.017742119808835548, "BOLSAA.MX": 0.014569664505406924, "WMT.MX": 0.021900488475637116, "MEGACPO.MX": 0.01188591176283264, "FRAGUAB.MX": 0.010749967218209103, "FEMSAUBD.MX": 0.008452278401623386, "TS.MX": 0.008151279490676816, "MEDICAB.MX": 0.007926932634003726, "BAFARB.MX": 0.007758671992272657, "RCENTROA.MX": 0.008009193209926156, "GAPB.MX": 0.007100586814348926, "PINFRA.MX": 0.004961997980439016, "CYDSASAA.MX": 0.006221894162661255, "BIMBOA.MX": 0.006055690511376136, "OMAB.MX": 0.005472200789529128, "GCC.MX": 0.004926289396532121, "MONEXB.MX": 0.005047810693767753, "CHDRAUIB.MX": 0.00490404166396371, "CMOCTEZ.MX": 0.004879550337308827, "ALFAA.MX": 0.0045359252782603285, "GFINBURO.MX": 0.004457964734155544, "CREAL.MX": 0.0035739434127911814, "BSMXB.MX": 0.0034914023430341694, "VALUEGFO.MX": 0.0034773807001511185, "ASURB.MX": 0.002819669799278971, "RA.MX": 0.0025376465494208714, "CEMEXCPO.MX": 0.00287538255732682, "AZTECACPO.MX": 0.002814434819214361, "GFNORTEO.MX": 0.0019830417731388, "POCHTECB.MX": 0.0006543458306735976}}