{"allocation": {"ACCELSAB.MX": 3720, "GFMULTIO.MX": 582, "TS.MX": 24, "VALUEGFO.MX": 20, "SIMECB.MX": 28, "FRAGUAB.MX": 6, "ICHB.MX": 12, "TMMA.MX": 114, "LAMOSA.MX": 22, "CYDSASAA.MX": 25, "MEGACPO.MX": 9, "CMOCTEZ.MX": 11, "CERAMICB.MX": 13, "MEDICAB.MX": 19, "BIMBOA.MX": 15, "ALPEKA.MX": 25, "FEMSAUBD.MX": 4, "PASAB.MX": 29, "CHDRAUIB.MX": 14, "ALFAA.MX": 22, "HERDEZ.MX": 12, "VESTA.MX": 17, "GCC.MX": 5, "ASURB.MX": 2, "AXTELCPO.MX": 141, "GENTERA.MX": 28, "BSMXB.MX": 16, "DINEA.MX": 37, "TLEVISACPO.MX": 7, "RA.MX": 4, "GAPB.MX": 2, "OMAB.MX": 3, "BOLSAA.MX": 9, "GFNORTEO.MX": 3, "URBI.MX": 6, "CEMEXCPO.MX": 29, "MFRISCOA-1.MX": 47, "HOMEX.MX": 1338, "KUOB.MX": 1}, "qty": {"ACCELSAB.MX": 53196.00070953369, "GFMULTIO.MX": 7566.0, "TS.MX": 7512.0, "VALUEGFO.MX": 2180.0, "SIMECB.MX": 1713.0400085449219, "FRAGUAB.MX": 1620.0, "ICHB.MX": 1019.8799743652344, "TMMA.MX": 910.8599739074707, "LAMOSA.MX": 792.0, "CYDSASAA.MX": 800.0, "MEGACPO.MX": 793.2599945068359, "CMOCTEZ.MX": 734.8000335693359, "CERAMICB.MX": 663.0, "MEDICAB.MX": 646.0, "BIMBOA.MX": 587.2500228881836, "ALPEKA.MX": 601.2499809265137, "FEMSAUBD.MX": 675.9199829101562, "PASAB.MX": 574.1999778747559, "CHDRAUIB.MX": 551.6000213623047, "ALFAA.MX": 514.3599815368652, "HERDEZ.MX": 492.0, "VESTA.MX": 456.1099987030029, "GCC.MX": 502.2000122070312, "ASURB.MX": 592.4400024414062, "AXTELCPO.MX": 418.7700040340423, "GENTERA.MX": 405.4399871826172, "BSMXB.MX": 390.39999389648443, "DINEA.MX": 399.60000705718994, "TLEVISACPO.MX": 345.38000106811523, "RA.MX": 361.95999145507807, "GAPB.MX": 319.67999267578125, "OMAB.MX": 280.9500045776367, "BOLSAA.MX": 301.4100151062012, "GFNORTEO.MX": 287.3399963378906, "URBI.MX": 287.96202850341797, "CEMEXCPO.MX": 275.20999336242676, "MFRISCOA-1.MX": 244.39999103546143, "HOMEX.MX": 199.36200526356689, "KUOB.MX": 48.4900016784668}, "pct": {"ACCELSAB.MX": 0.5893606412450227, "GFMULTIO.MX": 0.08382401970418596, "TS.MX": 0.08322575152231627, "VALUEGFO.MX": 0.02415230808288731, "SIMECB.MX": 0.01897883947004076, "FRAGUAB.MX": 0.01794804545609057, "ICHB.MX": 0.011299291444236859, "TMMA.MX": 0.010091454454212811, "LAMOSA.MX": 0.00877460000075539, "CYDSASAA.MX": 0.008863232323995343, "MEGACPO.MX": 0.008788559530806695, "CMOCTEZ.MX": 0.008140879261505751, "CERAMICB.MX": 0.00734540378851114, "MEDICAB.MX": 0.007157060101626239, "BIMBOA.MX": 0.006506166731411942, "ALPEKA.MX": 0.006661272832186824, "FEMSAUBD.MX": 0.0074885448012045955, "PASAB.MX": 0.006361584755421184, "CHDRAUIB.MX": 0.006111198924068625, "ALFAA.MX": 0.00569861501815899, "HERDEZ.MX": 0.005450887879257136, "VESTA.MX": 0.0050532611047524115, "GCC.MX": 0.005563894226630268, "ASURB.MX": 0.00656366672458319, "AXTELCPO.MX": 0.00463956979509273, "GENTERA.MX": 0.004491885999796537, "BSMXB.MX": 0.004325257306488632, "DINEA.MX": 0.004427184624022566, "TLEVISACPO.MX": 0.0038264789869105814, "RA.MX": 0.0040101693703221575, "GAPB.MX": 0.0035417475555232234, "OMAB.MX": 0.0031126564524989364, "BOLSAA.MX": 0.0033393337358315085, "GFNORTEO.MX": 0.0031834514293983696, "URBI.MX": 0.003190342948893453, "CEMEXCPO.MX": 0.003049062636320506, "MFRISCOA-1.MX": 0.0027077173756620923, "HOMEX.MX": 0.0022087397115357196, "KUOB.MX": 0.0005372226878339692}}