{"allocation": {"GNP.MX": 1789, "ICHB.MX": 111, "POCHTECB.MX": 709, "BAFARB.MX": 113, "KUOB.MX": 83, "GRUMAB.MX": 9, "FRAGUAB.MX": 8, "BACHOCOB.MX": 14, "MAXCOMA.MX": 484, "AC.MX": 7, "SIMECB.MX": 13, "GMEXICOB.MX": 10, "VESTA.MX": 16, "IENOVA.MX": 7, "GCARSOA1.MX": 6, "CULTIBAB.MX": 27, "DINEA.MX": 30, "PINFRA.MX": 2, "HERDEZ.MX": 7, "TLEVISACPO.MX": 10, "GCC.MX": 3, "SORIANAB.MX": 13, "MFRISCOA-1.MX": 140, "ASURB.MX": 1, "OMAB.MX": 2, "GAPB.MX": 1, "RA.MX": 3, "BSMXB.MX": 11, "GFNORTEO.MX": 2, "ALFAA.MX": 12, "VOLARA.MX": 13}, "qty": {"GNP.MX": 82294.0, "ICHB.MX": 8692.409729003906, "POCHTECB.MX": 4636.859972953796, "BAFARB.MX": 4520.0, "KUOB.MX": 3958.2698860168452, "GRUMAB.MX": 1980.7200164794922, "FRAGUAB.MX": 1751.1199951171875, "BACHOCOB.MX": 945.8399658203125, "MAXCOMA.MX": 726.0, "AC.MX": 692.3700256347656, "SIMECB.MX": 663.6499900817871, "GMEXICOB.MX": 474.7999954223633, "VESTA.MX": 484.6400146484375, "IENOVA.MX": 440.57999038696283, "GCARSOA1.MX": 299.9400100708008, "CULTIBAB.MX": 287.5499897003173, "DINEA.MX": 285.0, "PINFRA.MX": 334.4200134277344, "HERDEZ.MX": 245.77000427246094, "TLEVISACPO.MX": 262.7000045776367, "GCC.MX": 244.23001098632812, "SORIANAB.MX": 233.86999702453613, "MFRISCOA-1.MX": 209.79111671447754, "ASURB.MX": 228.5500030517578, "OMAB.MX": 195.1999969482422, "GAPB.MX": 146.38999938964844, "RA.MX": 184.74000549316406, "BSMXB.MX": 158.62000083923337, "GFNORTEO.MX": 134.5, "ALFAA.MX": 140.87999725341797, "VOLARA.MX": 142.2199945449829}, "pct": {"GNP.MX": 0.7094577570295758, "ICHB.MX": 0.07493738923276513, "POCHTECB.MX": 0.039974436484701434, "BAFARB.MX": 0.03896698497792892, "KUOB.MX": 0.03412430159004576, "GRUMAB.MX": 0.01707581573620343, "FRAGUAB.MX": 0.015096430651389913, "BACHOCOB.MX": 0.008154099942399318, "MAXCOMA.MX": 0.006258856436720441, "AC.MX": 0.005968931944265082, "SIMECB.MX": 0.005721336104893733, "GMEXICOB.MX": 0.0040932575860937945, "VESTA.MX": 0.004178088533298432, "IENOVA.MX": 0.00379824643074886, "GCARSOA1.MX": 0.002585787138652377, "CULTIBAB.MX": 0.0024789725949238674, "DINEA.MX": 0.0024569890970596773, "PINFRA.MX": 0.0028830397432648923, "HERDEZ.MX": 0.0021187867399359538, "TLEVISACPO.MX": 0.002264740515946599, "GCC.MX": 0.0021055104356778017, "SORIANAB.MX": 0.002016196606381279, "MFRISCOA-1.MX": 0.0018086122330787564, "ASURB.MX": 0.001970332861863596, "OMAB.MX": 0.0016828219798172399, "GAPB.MX": 0.0012620302891892597, "RA.MX": 0.0015926462431138562, "BSMXB.MX": 0.0013674653075003273, "GFNORTEO.MX": 0.0011595264335246547, "ALFAA.MX": 0.0012145284815629658, "VOLARA.MX": 0.0012260806174768765}}