{"allocation": {"KUOB.MX": 1414, "WMT.MX": 17, "ORBIA.MX": 522, "AMXL.MX": 1275, "URBI.MX": 814, "VOLARA.MX": 246, "MONEXB.MX": 61}, "qty": {"KUOB.MX": 67843.71935272217, "WMT.MX": 51374.0, "ORBIA.MX": 18353.51992034912, "AMXL.MX": 16944.74995136261, "URBI.MX": 11803.0, "VOLARA.MX": 4346.820018768311, "MONEXB.MX": 719.8000116348267}, "pct": {"KUOB.MX": 0.3958542356484776, "WMT.MX": 0.2997567895190714, "ORBIA.MX": 0.10708903740604538, "AMXL.MX": 0.0988691525795908, "URBI.MX": 0.068868092550582, "VOLARA.MX": 0.025362806350356572, "MONEXB.MX": 0.004199885945876239}}