{"allocation": {"GNP.MX": 1246, "WMT.MX": 6, "KUOB.MX": 302, "CMOCTEZ.MX": 50, "FRAGUAB.MX": 10, "ACCELSAB.MX": 89, "PINFRA.MX": 10, "SIMECB.MX": 28, "URBI.MX": 72, "IENOVA.MX": 18, "GISSAA.MX": 73, "VESTA.MX": 31, "TMMA.MX": 197, "RA.MX": 17, "CHDRAUIB.MX": 35, "GFNORTEO.MX": 10, "GICSAB.MX": 236, "VOLARA.MX": 61, "ORBIA.MX": 20, "GAPB.MX": 4, "ASURB.MX": 3, "BSMXB.MX": 47, "SORIANAB.MX": 40, "OMAB.MX": 6, "TLEVISACPO.MX": 21, "MFRISCOA-1.MX": 233, "HOMEX.MX": 7496, "ALPEKA.MX": 17}, "qty": {"GNP.MX": 75383.0, "WMT.MX": 17130.0, "KUOB.MX": 15096.980506896973, "CMOCTEZ.MX": 2350.0, "FRAGUAB.MX": 2150.0, "ACCELSAB.MX": 1602.0, "PINFRA.MX": 1633.800048828125, "SIMECB.MX": 1306.479995727539, "URBI.MX": 1224.0, "IENOVA.MX": 1191.240005493164, "GISSAA.MX": 1166.539966583252, "VESTA.MX": 1030.4400520324707, "TMMA.MX": 1022.4300112724304, "RA.MX": 979.1999740600585, "CHDRAUIB.MX": 915.9500026702881, "GFNORTEO.MX": 799.0000152587891, "GICSAB.MX": 757.5600090026855, "VOLARA.MX": 742.9800186157225, "ORBIA.MX": 704.8000335693359, "GAPB.MX": 590.9199829101562, "ASURB.MX": 663.5999908447266, "BSMXB.MX": 670.6900215148926, "SORIANAB.MX": 649.1999816894531, "OMAB.MX": 550.2599945068359, "TLEVISACPO.MX": 522.8999919891359, "MFRISCOA-1.MX": 465.92589426040644, "HOMEX.MX": 374.80000558495476, "ALPEKA.MX": 297.6700038909912}, "pct": {"GNP.MX": 0.5712029116026042, "WMT.MX": 0.12979990018641616, "KUOB.MX": 0.11439501242915921, "CMOCTEZ.MX": 0.0178067580524272, "FRAGUAB.MX": 0.016291289282007865, "ACCELSAB.MX": 0.012138904851058884, "PINFRA.MX": 0.01237986475554305, "SIMECB.MX": 0.009899648163513367, "URBI.MX": 0.009274668874966339, "IENOVA.MX": 0.009026435131995244, "GISSAA.MX": 0.008839274444014672, "VESTA.MX": 0.007807998593222426, "TMMA.MX": 0.0077473037601142915, "RA.MX": 0.007419734903417214, "CHDRAUIB.MX": 0.006940468121561646, "GFNORTEO.MX": 0.00605429785344634, "GICSAB.MX": 0.005740292676810806, "VOLARA.MX": 0.005629815076288523, "ORBIA.MX": 0.005340512201324143, "GAPB.MX": 0.004477603899585348, "ASURB.MX": 0.005028325310878703, "BSMXB.MX": 0.005082048911188462, "SORIANAB.MX": 0.004919211490035856, "OMAB.MX": 0.004169509186431127, "TLEVISACPO.MX": 0.003962193039560282, "MFRISCOA-1.MX": 0.0035304807104067394, "HOMEX.MX": 0.002839988518084959, "ALPEKA.MX": 0.0022555479739369976}}