{"allocation": {"GNP.MX": 1735, "BACHOCOB.MX": 183, "DINEA.MX": 1271, "FEMSAUBD.MX": 62, "ACCELSAB.MX": 192, "ANB.MX": 2, "GFMULTIO.MX": 249, "GCARSOA1.MX": 44, "CERAMICB.MX": 61, "MONEXB.MX": 131, "AMXL.MX": 44, "GRUMAB.MX": 3, "GCC.MX": 4, "HERDEZ.MX": 9, "BSMXB.MX": 13, "FRAGUAB.MX": 2, "BIMBOA.MX": 7, "GFNORTEO.MX": 2, "CYDSASAA.MX": 8, "GFINBURO.MX": 8, "MEGACPO.MX": 2, "ACTINVRB.MX": 10, "AZTECACPO.MX": 171, "FRES.MX": 1, "PE&OLES.MX": 1}, "qty": {"GNP.MX": 71135.0, "BACHOCOB.MX": 15260.369888305664, "DINEA.MX": 14743.600484848024, "FEMSAUBD.MX": 11114.740264892578, "ACCELSAB.MX": 3820.7999267578134, "ANB.MX": 3132.5, "GFMULTIO.MX": 3237.0, "GCARSOA1.MX": 3071.2001342773438, "CERAMICB.MX": 2924.9500465393066, "MONEXB.MX": 1572.0, "AMXL.MX": 668.799991607666, "GRUMAB.MX": 585.6899871826171, "GCC.MX": 406.1199951171875, "HERDEZ.MX": 338.5799903869629, "BSMXB.MX": 334.35999107360834, "FRAGUAB.MX": 490.0, "BIMBOA.MX": 244.16000747680664, "GFNORTEO.MX": 210.0, "CYDSASAA.MX": 200.0, "GFINBURO.MX": 184.39999389648438, "MEGACPO.MX": 154.44000244140625, "ACTINVRB.MX": 115.0, "AZTECACPO.MX": 123.29100269079208, "FRES.MX": 159.66000366210938, "PE&OLES.MX": 200.3699951171875}, "pct": {"GNP.MX": 0.5291718421294295, "BACHOCOB.MX": 0.11352158635511611, "DINEA.MX": 0.10967734909942192, "FEMSAUBD.MX": 0.0826823305090792, "ACCELSAB.MX": 0.028422854229991162, "ANB.MX": 0.023302604842488757, "GFMULTIO.MX": 0.024079978252238184, "GCARSOA1.MX": 0.02284659636752222, "CERAMICB.MX": 0.0217586448901914, "MONEXB.MX": 0.011694076556230592, "AMXL.MX": 0.004975189759965918, "GRUMAB.MX": 0.004356936099447353, "GCC.MX": 0.003021118520303044, "HERDEZ.MX": 0.0025186897760769477, "BSMXB.MX": 0.0024872972855950084, "FRAGUAB.MX": 0.003645100198825057, "BIMBOA.MX": 0.0018163014118343578, "GFNORTEO.MX": 0.001562185799496453, "CYDSASAA.MX": 0.0014877959995204316, "GFINBURO.MX": 0.0013717478661539073, "MEGACPO.MX": 0.0011488760889912495, "ACTINVRB.MX": 0.0008554826997242481, "AZTECACPO.MX": 0.000917159302901116, "FRES.MX": 0.0011877075736595188, "PE&OLES.MX": 0.0014905483857963998}}