{"allocation": {"GNP.MX": 2276, "ANB.MX": 3, "BAFARB.MX": 69, "SIMECB.MX": 38, "MAXCOMA.MX": 238, "KUOB.MX": 7, "TMMA.MX": 56, "VESTA.MX": 9, "CMOCTEZ.MX": 5, "FEMSAUBD.MX": 2, "AXTELCPO.MX": 84, "GMEXICOB.MX": 4, "FRAGUAB.MX": 1, "AMXL.MX": 14, "CULTIBAB.MX": 16, "BIMBOA.MX": 5, "PINFRA.MX": 1, "CERAMICB.MX": 4, "DINEA.MX": 17, "AC.MX": 1, "TLEVISACPO.MX": 5, "BBVA.MX": 1, "HERDEZ.MX": 4, "GCARSOA1.MX": 3, "IENOVA.MX": 1, "ASURB.MX": 1, "CYDSASAA.MX": 6, "AEROMEX.MX": 13, "VITROA.MX": 4, "LALAB.MX": 9, "CEMEXCPO.MX": 21, "GISSAA.MX": 6, "OMAB.MX": 1, "GCC.MX": 1, "HOMEX.MX": 2664, "ORBIA.MX": 3, "RA.MX": 2, "GAPB.MX": 1, "ALPEKA.MX": 8, "GFNORTEO.MX": 1, "BSMXB.MX": 6, "VOLARA.MX": 7, "GENTERA.MX": 8, "LABB.MX": 2}, "qty": {"GNP.MX": 99916.40347290039, "ANB.MX": 3313.5, "BAFARB.MX": 2760.0, "SIMECB.MX": 1904.940040588379, "MAXCOMA.MX": 464.1000113487244, "KUOB.MX": 334.5999946594238, "TMMA.MX": 322.5600128173828, "VESTA.MX": 297.2699890136719, "CMOCTEZ.MX": 270.0, "FEMSAUBD.MX": 311.5400085449219, "AXTELCPO.MX": 235.19999599456787, "GMEXICOB.MX": 205.60000610351562, "FRAGUAB.MX": 228.0, "AMXL.MX": 204.4000053405762, "CULTIBAB.MX": 176.0, "BIMBOA.MX": 177.95000076293945, "PINFRA.MX": 167.42999267578125, "CERAMICB.MX": 148.0, "DINEA.MX": 161.5, "AC.MX": 92.83000183105467, "TLEVISACPO.MX": 128.05000305175778, "BBVA.MX": 76.88999938964844, "HERDEZ.MX": 119.44000244140624, "GCARSOA1.MX": 144.75, "IENOVA.MX": 74.73999786376953, "ASURB.MX": 241.38999938964844, "CYDSASAA.MX": 121.25999450683594, "AEROMEX.MX": 122.59000396728513, "VITROA.MX": 89.80000305175781, "LALAB.MX": 102.15000343322755, "CEMEXCPO.MX": 106.47000360488892, "GISSAA.MX": 105.0, "OMAB.MX": 87.80000305175781, "GCC.MX": 69.95999908447266, "HOMEX.MX": 103.89600214362143, "ORBIA.MX": 85.32000160217285, "RA.MX": 118.13999938964844, "GAPB.MX": 150.60000610351562, "ALPEKA.MX": 91.68000030517578, "GFNORTEO.MX": 65.91000366210938, "BSMXB.MX": 80.52000045776366, "VOLARA.MX": 83.08999919891357, "GENTERA.MX": 76.63999938964845, "LABB.MX": 38.81999969482422}, "pct": {"GNP.MX": 0.875103042977772, "ANB.MX": 0.02902079970976237, "BAFARB.MX": 0.024173051818000345, "SIMECB.MX": 0.016684135620045858, "MAXCOMA.MX": 0.00406475131270553, "KUOB.MX": 0.0029305445685524965, "TMMA.MX": 0.0028250941682063224, "VESTA.MX": 0.0026035952349144505, "CMOCTEZ.MX": 0.0023647550691522075, "FEMSAUBD.MX": 0.0027285770905567633, "AXTELCPO.MX": 0.002059964380713827, "GMEXICOB.MX": 0.0018007172468556053, "FRAGUAB.MX": 0.00199690428061742, "AMXL.MX": 0.0017902072176439476, "CULTIBAB.MX": 0.0015414699710029206, "BIMBOA.MX": 0.0015585487642955566, "PINFRA.MX": 0.0014664108292895212, "CERAMICB.MX": 0.0012962361119797285, "DINEA.MX": 0.001414473865437339, "AC.MX": 0.0008130378422199824, "TLEVISACPO.MX": 0.0011215070141540736, "BBVA.MX": 0.000673429688236227, "HERDEZ.MX": 0.0010460975971587684, "GCARSOA1.MX": 0.0012677714676288224, "IENOVA.MX": 0.0006545992178399043, "ASURB.MX": 0.0021141786099974796, "CYDSASAA.MX": 0.0010620377285015152, "AEROMEX.MX": 0.001073686419663062, "VITROA.MX": 0.0007865000460241778, "LALAB.MX": 0.0008946656978986677, "CEMEXCPO.MX": 0.0009325017805085736, "GISSAA.MX": 0.0009196269713369696, "OMAB.MX": 0.0007689833418082355, "GCC.MX": 0.0006127343054551501, "HOMEX.MX": 0.0009099577693843608, "ORBIA.MX": 0.0007472626158844916, "RA.MX": 0.0010347117126900366, "GAPB.MX": 0.0013190078809171926, "ALPEKA.MX": 0.000802965723931631, "GFNORTEO.MX": 0.0005772630195104211, "BSMXB.MX": 0.0007052225157430914, "VOLARA.MX": 0.000727731469635125, "GENTERA.MX": 0.0006712401002092344, "LABB.MX": 0.0003399992261586027}}