{"allocation": {"WMT.MX": 15, "AXTELCPO.MX": 5531, "LABB.MX": 637, "OMAB.MX": 125, "CYDSASAA.MX": 335, "BACHOCOB.MX": 104, "GNP.MX": 65, "GFMULTIO.MX": 170, "BAFARB.MX": 39, "CREAL.MX": 58, "SIMECB.MX": 17, "GCARSOA1.MX": 17, "FEMSAUBD.MX": 5, "ACCELSAB.MX": 39, "BIMBOA.MX": 17, "VESTA.MX": 20, "DINEA.MX": 56, "AC.MX": 5, "GCC.MX": 4, "GMEXICOB.MX": 7, "VITROA.MX": 10, "SORIANAB.MX": 15, "BSMXB.MX": 16, "AEROMEX.MX": 23, "PE&OLES.MX": 2, "ALFAA.MX": 28, "VOLARA.MX": 18, "HOMEX.MX": 3693, "ALPEKA.MX": 16, "URBI.MX": 8, "MFRISCOA-1.MX": 59}, "qty": {"WMT.MX": 40500.0, "AXTELCPO.MX": 15763.349472522736, "LABB.MX": 12020.190534591675, "OMAB.MX": 10021.249771118164, "CYDSASAA.MX": 7503.9998722076425, "BACHOCOB.MX": 7017.920349121094, "GNP.MX": 2665.0, "GFMULTIO.MX": 2192.999935150146, "BAFARB.MX": 1599.0, "CREAL.MX": 1020.2200088500977, "SIMECB.MX": 952.0, "GCARSOA1.MX": 791.6899948120117, "FEMSAUBD.MX": 716.1000061035156, "ACCELSAB.MX": 684.8399791717529, "BIMBOA.MX": 586.1599922180176, "VESTA.MX": 548.6000061035156, "DINEA.MX": 487.19998931884766, "AC.MX": 478.0500030517578, "GCC.MX": 279.79998779296875, "GMEXICOB.MX": 306.1800117492676, "VITROA.MX": 275.0, "SORIANAB.MX": 268.199987411499, "BSMXB.MX": 250.24000549316406, "AEROMEX.MX": 220.10999298095706, "PE&OLES.MX": 315.760009765625, "ALFAA.MX": 179.2000026702881, "VOLARA.MX": 150.65999794006348, "HOMEX.MX": 144.02700297161934, "ALPEKA.MX": 135.1999969482422, "URBI.MX": 134.8800048828125, "MFRISCOA-1.MX": 97.34999859333038}, "pct": {"WMT.MX": 0.3739433437455242, "AXTELCPO.MX": 0.1455456693922073, "LABB.MX": 0.11098445039416076, "OMAB.MX": 0.09252789254125914, "CYDSASAA.MX": 0.0692856988562793, "BACHOCOB.MX": 0.064797644481237, "GNP.MX": 0.024606395335353626, "GFMULTIO.MX": 0.02024833897737687, "BAFARB.MX": 0.014763837201212177, "CREAL.MX": 0.009419863739888736, "SIMECB.MX": 0.00878997687026516, "GCARSOA1.MX": 0.0073098075029600085, "FEMSAUBD.MX": 0.00661187236391454, "ACCELSAB.MX": 0.0063232432528913685, "BIMBOA.MX": 0.0054121142582680476, "VESTA.MX": 0.005065316559534904, "DINEA.MX": 0.004498399829103051, "AC.MX": 0.004413916459721786, "GCC.MX": 0.0025834405682780143, "GMEXICOB.MX": 0.0028270117871991357, "VITROA.MX": 0.002539121469877016, "SORIANAB.MX": 0.0024763358045719365, "BSMXB.MX": 0.002310508256617583, "AEROMEX.MX": 0.002032312759681554, "PE&OLES.MX": 0.0029154655277253624, "ALFAA.MX": 0.0016545839061168984, "VOLARA.MX": 0.001391069219713608, "HOMEX.MX": 0.0013298256563173798, "ALPEKA.MX": 0.001248324418103959, "URBI.MX": 0.0012453698772911489, "MFRISCOA-1.MX": 0.0008988489873484454}}