{"allocation": {"BACHOCOB.MX": 463, "AXTELCPO.MX": 6077, "LABB.MX": 518, "WMT.MX": 5, "OMAB.MX": 60, "SORIANAB.MX": 218, "CREAL.MX": 202, "FEMSAUBD.MX": 26, "VOLARA.MX": 200, "GFMULTIO.MX": 190, "ACCELSAB.MX": 117, "GCARSOA1.MX": 43, "VESTA.MX": 71, "BAFARB.MX": 53, "VITROA.MX": 54, "FRAGUAB.MX": 7, "DINEA.MX": 150, "MEDICAB.MX": 67, "SIMECB.MX": 18, "AC.MX": 9, "AEROMEX.MX": 64, "ALPEKA.MX": 45, "GCC.MX": 6, "CYDSASAA.MX": 25, "GMEXICOB.MX": 12, "BSMXB.MX": 23, "BIMBOA.MX": 16, "PE&OLES.MX": 3, "ICHB.MX": 5, "ALFAA.MX": 30, "URBI.MX": 15, "HOMEX.MX": 3602, "MFRISCOA-1.MX": 66}, "qty": {"BACHOCOB.MX": 32618.348587036133, "AXTELCPO.MX": 26009.56127500534, "LABB.MX": 10318.560039520264, "WMT.MX": 10400.0, "OMAB.MX": 7756.200256347656, "SORIANAB.MX": 4697.899833679199, "CREAL.MX": 4239.979953765869, "FEMSAUBD.MX": 4139.460174560547, "VOLARA.MX": 4011.9998931884766, "GFMULTIO.MX": 2470.0, "ACCELSAB.MX": 2328.2999553680424, "GCARSOA1.MX": 2323.289947509766, "VESTA.MX": 2217.3299674987793, "BAFARB.MX": 2173.0, "VITROA.MX": 2041.1999588012695, "FRAGUAB.MX": 1680.0, "DINEA.MX": 1621.5000629425049, "MEDICAB.MX": 1344.0199642181396, "SIMECB.MX": 1112.039978027344, "AC.MX": 971.9099807739257, "AEROMEX.MX": 759.0399780273438, "ALPEKA.MX": 599.39998626709, "GCC.MX": 587.8800201416016, "CYDSASAA.MX": 595.2499866485596, "GMEXICOB.MX": 557.0399780273438, "BSMXB.MX": 579.3700122833252, "BIMBOA.MX": 475.0400085449219, "PE&OLES.MX": 532.3200073242188, "ICHB.MX": 419.70001220703125, "ALFAA.MX": 377.0999908447266, "URBI.MX": 285.3000068664551, "HOMEX.MX": 237.7319987118243, "MFRISCOA-1.MX": 166.97999811172485}, "pct": {"BACHOCOB.MX": 0.24966827061962854, "AXTELCPO.MX": 0.1990831070364712, "LABB.MX": 0.07898060913407873, "WMT.MX": 0.0796039691438, "OMAB.MX": 0.05936772364225312, "SORIANAB.MX": 0.03595879551931367, "CREAL.MX": 0.03245377244326046, "FEMSAUBD.MX": 0.031684371154587186, "VOLARA.MX": 0.030708761125221577, "GFMULTIO.MX": 0.0189059426716525, "ACCELSAB.MX": 0.017821338250445056, "GCARSOA1.MX": 0.017782990509006554, "VESTA.MX": 0.01697194868407653, "BAFARB.MX": 0.016632637014372828, "VITROA.MX": 0.01562380947468674, "FRAGUAB.MX": 0.012859102707844615, "DINEA.MX": 0.012411330863187011, "MEDICAB.MX": 0.010287434976949228, "SIMECB.MX": 0.008511807317073147, "AC.MX": 0.0074392203961614264, "AEROMEX.MX": 0.005809864902865318, "ALPEKA.MX": 0.004587944039576882, "GCC.MX": 0.004499767594577747, "CYDSASAA.MX": 0.0045561789971172405, "GMEXICOB.MX": 0.004263710886803048, "BSMXB.MX": 0.004434630055831236, "BIMBOA.MX": 0.0036360644406038894, "PE&OLES.MX": 0.004074498599775433, "ICHB.MX": 0.0032124795020558655, "ALFAA.MX": 0.002886409234166431, "URBI.MX": 0.0021837512445503095, "HOMEX.MX": 0.0018196548740336503, "MFRISCOA-1.MX": 0.0012781029439728393}}