{"allocation": {"MONEXB.MX": 7048, "GNP.MX": 325, "KUOB.MX": 60, "AXTELCPO.MX": 458, "AMXL.MX": 119, "SIMECB.MX": 31, "GRUMAB.MX": 6, "PINFRA.MX": 8, "GMEXICOB.MX": 24, "CYDSASAA.MX": 45, "IENOVA.MX": 14, "GISSAA.MX": 54, "URBI.MX": 49, "FRAGUAB.MX": 4, "MEDICAB.MX": 56, "DINEA.MX": 66, "CHDRAUIB.MX": 23, "BBVA.MX": 8, "CREAL.MX": 51, "TLEVISACPO.MX": 19, "AEROMEX.MX": 76, "VITROA.MX": 17, "GCC.MX": 4, "OMAB.MX": 3, "GAPB.MX": 2, "VOLARA.MX": 26}, "qty": {"MONEXB.MX": 89509.59865570068, "GNP.MX": 17712.5, "KUOB.MX": 3120.0, "AXTELCPO.MX": 1804.5200262069702, "AMXL.MX": 1755.25, "SIMECB.MX": 1515.2800331115723, "GRUMAB.MX": 1488.3000183105469, "PINFRA.MX": 1324.47998046875, "GMEXICOB.MX": 1282.3200073242188, "CYDSASAA.MX": 944.5499897003174, "IENOVA.MX": 928.6200256347656, "GISSAA.MX": 901.8000411987305, "URBI.MX": 842.8000373840332, "FRAGUAB.MX": 868.0, "MEDICAB.MX": 780.0800170898436, "DINEA.MX": 726.0, "CHDRAUIB.MX": 620.3099842071532, "BBVA.MX": 624.0, "CREAL.MX": 609.449990272522, "TLEVISACPO.MX": 458.46998405456543, "AEROMEX.MX": 443.07999420166016, "VITROA.MX": 423.64000129699707, "GCC.MX": 386.7999877929688, "OMAB.MX": 320.5499954223633, "GAPB.MX": 330.5400085449219, "VOLARA.MX": 312.26000595092773}, "pct": {"MONEXB.MX": 0.6883595842664205, "GNP.MX": 0.13621521400422965, "KUOB.MX": 0.023993872558543204, "AXTELCPO.MX": 0.013877379339150347, "AMXL.MX": 0.013498475900122743, "SIMECB.MX": 0.011653024360571855, "GRUMAB.MX": 0.011445538771865634, "PINFRA.MX": 0.010185706364650313, "GMEXICOB.MX": 0.009861481677887016, "CYDSASAA.MX": 0.007263914127577792, "IENOVA.MX": 0.007141407227689644, "GISSAA.MX": 0.006935152327503637, "URBI.MX": 0.006481422015810237, "FRAGUAB.MX": 0.006675218391287019, "MEDICAB.MX": 0.005999083498564074, "DINEA.MX": 0.005583189576122553, "CHDRAUIB.MX": 0.004770397021749481, "BBVA.MX": 0.00479877451170864, "CREAL.MX": 0.004686879935065476, "TLEVISACPO.MX": 0.0035257917850392874, "AEROMEX.MX": 0.003407437472472659, "VITROA.MX": 0.0032579372441734695, "GCC.MX": 0.00297462487588159, "OMAB.MX": 0.0024651396598736513, "GAPB.MX": 0.002541966295040589, "VOLARA.MX": 0.002401386790998879}}