{"allocation": {"GNP.MX": 314, "FRES.MX": 104, "WMT.MX": 9, "LABB.MX": 395, "AXTELCPO.MX": 894, "BIMBOA.MX": 105, "SIMECB.MX": 66, "AMXL.MX": 305, "GRUMAB.MX": 17, "FRAGUAB.MX": 17, "BAFARB.MX": 94, "DINEA.MX": 280, "KUOB.MX": 68, "AC.MX": 33, "MONEXB.MX": 303, "ACCELSAB.MX": 162, "PE&OLES.MX": 9, "PINFRA.MX": 17, "BACHOCOB.MX": 34, "GCC.MX": 19, "GFINBURO.MX": 121, "GAPB.MX": 11, "ASURB.MX": 8, "SORIANAB.MX": 112, "ANB.MX": 2, "MAXCOMA.MX": 1470, "OMAB.MX": 18, "BSMXB.MX": 105, "BBVA.MX": 25, "TLEVISACPO.MX": 57, "VOLARA.MX": 86, "GICSAB.MX": 412}, "qty": {"GNP.MX": 36110.0, "FRES.MX": 33207.19873046875, "WMT.MX": 26367.75, "LABB.MX": 7429.949789047241, "AXTELCPO.MX": 7071.539863586426, "BIMBOA.MX": 4303.950176239014, "SIMECB.MX": 4224.0, "AMXL.MX": 3937.5499534606934, "GRUMAB.MX": 3835.370010375977, "FRAGUAB.MX": 3706.0, "BAFARB.MX": 3666.0, "DINEA.MX": 3570.0, "KUOB.MX": 3128.0, "AC.MX": 3047.549949645996, "MONEXB.MX": 3060.3001155853276, "ACCELSAB.MX": 2916.0, "PE&OLES.MX": 3039.840087890625, "PINFRA.MX": 2362.320114135742, "BACHOCOB.MX": 2258.2799377441406, "GCC.MX": 2029.3899536132815, "GFINBURO.MX": 1900.9100046157837, "GAPB.MX": 1941.8299865722656, "ASURB.MX": 1960.1600341796873, "SORIANAB.MX": 1813.2800598144531, "ANB.MX": 2356.1201171875, "MAXCOMA.MX": 1778.70005607605, "OMAB.MX": 1722.9600219726562, "BSMXB.MX": 1644.2999839782715, "BBVA.MX": 1511.2500190734863, "TLEVISACPO.MX": 1529.309995651245, "VOLARA.MX": 1428.4600524902344, "GICSAB.MX": 1256.599980354309}, "pct": {"GNP.MX": 0.20048317055518156, "FRES.MX": 0.18436678168763154, "WMT.MX": 0.1463940769982384, "LABB.MX": 0.041251173934477796, "AXTELCPO.MX": 0.039261277556332394, "BIMBOA.MX": 0.023895585080142064, "SIMECB.MX": 0.023451700704100995, "AMXL.MX": 0.02186132647159256, "GRUMAB.MX": 0.021294022152656758, "FRAGUAB.MX": 0.020575758240861337, "BAFARB.MX": 0.020353677741769473, "DINEA.MX": 0.019820684543948995, "KUOB.MX": 0.01736669502898388, "AC.MX": 0.016920035345619307, "MONEXB.MX": 0.01699082442600208, "ACCELSAB.MX": 0.016189668383796995, "PE&OLES.MX": 0.016877230096955256, "PINFRA.MX": 0.013115630749050457, "BACHOCOB.MX": 0.012537998391584142, "GCC.MX": 0.011267198343761381, "GFINBURO.MX": 0.01055387606384484, "GAPB.MX": 0.01078106431423798, "ASURB.MX": 0.010882832967263827, "SORIANAB.MX": 0.010067353516923037, "ANB.MX": 0.013081208288634615, "MAXCOMA.MX": 0.009875364904702458, "OMAB.MX": 0.009565895539875476, "BSMXB.MX": 0.009129174027466023, "BBVA.MX": 0.008390478962210776, "TLEVISACPO.MX": 0.008490748177510178, "VOLARA.MX": 0.007930828034745591, "GICSAB.MX": 0.006976658769897833}}