{"allocation": {"WMT.MX": 15, "GNP.MX": 316, "AXTELCPO.MX": 2989, "BOLSAA.MX": 116, "AMXL.MX": 394, "FRES.MX": 14, "FRAGUAB.MX": 19, "AC.MX": 41, "KUOB.MX": 82, "GRUMAB.MX": 16, "BIMBOA.MX": 90, "ARA.MX": 1414, "MONEXB.MX": 335, "URBI.MX": 247, "VALUEGFO.MX": 38, "ASURB.MX": 12, "GFNORTEO.MX": 39, "Q.MX": 36, "GMEXICOB.MX": 50, "GISSAA.MX": 150, "PE&OLES.MX": 7, "BSMXB.MX": 164, "BACHOCOB.MX": 30, "ANB.MX": 2}, "qty": {"WMT.MX": 46485.0, "GNP.MX": 30345.479614257812, "AXTELCPO.MX": 21012.670627117157, "BOLSAA.MX": 5812.760070800781, "AMXL.MX": 5468.720045089722, "FRES.MX": 4606.560119628906, "FRAGUAB.MX": 4180.0, "AC.MX": 3926.5698623657227, "KUOB.MX": 3910.5798873901363, "GRUMAB.MX": 3920.800048828125, "BIMBOA.MX": 3723.299903869629, "ARA.MX": 3591.559946060181, "MONEXB.MX": 3413.6498594284058, "URBI.MX": 3383.8999528884888, "VALUEGFO.MX": 3287.380081176758, "ASURB.MX": 3081.4801025390625, "GFNORTEO.MX": 2988.180107116699, "Q.MX": 3002.0399780273438, "GMEXICOB.MX": 2812.5, "GISSAA.MX": 2737.5, "PE&OLES.MX": 2501.030059814453, "BSMXB.MX": 2307.4799499511723, "BACHOCOB.MX": 2100.8999633789062, "ANB.MX": 2600.0}, "pct": {"WMT.MX": 0.2715244689849316, "GNP.MX": 0.17725159166084586, "AXTELCPO.MX": 0.12273753326843619, "BOLSAA.MX": 0.03395302982813802, "AMXL.MX": 0.03194345071034179, "FRES.MX": 0.026907471019240656, "FRAGUAB.MX": 0.024415882120189615, "AC.MX": 0.022935566243112594, "KUOB.MX": 0.022842166878493286, "GRUMAB.MX": 0.022901864069143824, "BIMBOA.MX": 0.0217482419978455, "ARA.MX": 0.020978733079090896, "MONEXB.MX": 0.019939538891723875, "URBI.MX": 0.01976576611393314, "VALUEGFO.MX": 0.01920198194886868, "ASURB.MX": 0.017999295440024772, "GFNORTEO.MX": 0.01745431895915237, "Q.MX": 0.017535276130050775, "GMEXICOB.MX": 0.016428150350007963, "GISSAA.MX": 0.015990066340674416, "PE&OLES.MX": 0.014608817014229777, "BSMXB.MX": 0.013478267572418386, "BACHOCOB.MX": 0.012271609055543075, "ANB.MX": 0.015186912323562918}}