{"allocation": {"CREAL.MX": 1749, "AXTELCPO.MX": 7876, "BACHOCOB.MX": 227, "ACCELSAB.MX": 606, "GNP.MX": 135, "ASURB.MX": 15, "GFMULTIO.MX": 390, "CERAMICB.MX": 94, "VESTA.MX": 95, "ORBIA.MX": 60, "WMT.MX": 1, "HERDEZ.MX": 38, "CMOCTEZ.MX": 19, "MONEXB.MX": 79, "FRAGUAB.MX": 2, "LALAB.MX": 24, "GCC.MX": 4, "FRES.MX": 3, "FEMSAUBD.MX": 2, "VITROA.MX": 7, "SORIANAB.MX": 12, "BBVA.MX": 3, "ALPEKA.MX": 13, "BIMBOA.MX": 6, "GISSAA.MX": 9, "GFINBURO.MX": 8, "MFRISCOA-1.MX": 56}, "qty": {"CREAL.MX": 41328.868532180786, "AXTELCPO.MX": 25124.440450668335, "BACHOCOB.MX": 17187.304168701172, "ACCELSAB.MX": 12174.540092468262, "GNP.MX": 5535.0, "ASURB.MX": 5447.249908447266, "GFMULTIO.MX": 5070.0, "CERAMICB.MX": 4507.300071716309, "VESTA.MX": 3280.349884033203, "ORBIA.MX": 2664.5999908447266, "WMT.MX": 2171.89990234375, "HERDEZ.MX": 1425.5699768066406, "CMOCTEZ.MX": 1095.3500289916992, "MONEXB.MX": 948.0, "FRAGUAB.MX": 474.5, "LALAB.MX": 406.32000732421875, "GCC.MX": 391.9200134277344, "FRES.MX": 475.4849853515625, "FEMSAUBD.MX": 340.510009765625, "VITROA.MX": 285.1099967956543, "SORIANAB.MX": 285.0, "BBVA.MX": 286.2300109863281, "ALPEKA.MX": 230.48999404907227, "BIMBOA.MX": 202.8300018310547, "GISSAA.MX": 197.18999862670898, "GFINBURO.MX": 171.39999389648438, "MFRISCOA-1.MX": 171.91999626159668}, "pct": {"CREAL.MX": 0.31338385996419876, "AXTELCPO.MX": 0.19051075936763937, "BACHOCOB.MX": 0.13032594198828226, "ACCELSAB.MX": 0.09231572271318787, "GNP.MX": 0.04197017064600274, "ASURB.MX": 0.04130478919764309, "GFMULTIO.MX": 0.03844422135053909, "CERAMICB.MX": 0.03417744411249753, "VESTA.MX": 0.024873865295658323, "ORBIA.MX": 0.02020482679658365, "WMT.MX": 0.016468836409648396, "HERDEZ.MX": 0.010809650441624729, "CMOCTEZ.MX": 0.008305696049482504, "MONEXB.MX": 0.007188386950751688, "FRAGUAB.MX": 0.0035979848187042995, "LALAB.MX": 0.003080997297973359, "GCC.MX": 0.0029718066563948864, "FRES.MX": 0.0036054536539868454, "FEMSAUBD.MX": 0.0025819807075944607, "VITROA.MX": 0.002161899768454364, "SORIANAB.MX": 0.002161065697219653, "BBVA.MX": 0.002170392485113537, "ALPEKA.MX": 0.0017477334024274106, "BIMBOA.MX": 0.0015379963485055849, "GISSAA.MX": 0.0014952299714630572, "GFINBURO.MX": 0.0012996724467135097, "MFRISCOA-1.MX": 0.001303615461709009}}