{"allocation": {"ACCELSAB.MX": 2604, "CERAMICB.MX": 394, "PASAB.MX": 507, "GMD.MX": 228, "GCC.MX": 70, "LAMOSA.MX": 120, "GAPB.MX": 26, "AUTLANB.MX": 162, "ASURB.MX": 6, "VALUEGFO.MX": 20, "MEGACPO.MX": 23, "GNP.MX": 51, "ORBIA.MX": 26, "VITROA.MX": 17, "AMXL.MX": 62, "PE&OLES.MX": 2, "MFRISCOA-1.MX": 52, "CYDSASAA.MX": 18, "AC.MX": 3, "AEROMEX.MX": 6, "FINAMEXO.MX": 4, "GFMULTIO.MX": 11, "RCENTROA.MX": 9, "TMMA.MX": 9, "RA.MX": 1}, "qty": {"ACCELSAB.MX": 26847.241092681885, "CERAMICB.MX": 20409.199699401855, "PASAB.MX": 12928.5, "GMD.MX": 6762.479965209961, "GCC.MX": 6496.699829101563, "LAMOSA.MX": 4983.599853515626, "GAPB.MX": 4822.7401428222665, "AUTLANB.MX": 2830.1398887634277, "ASURB.MX": 2003.0399780273438, "VALUEGFO.MX": 1920.0, "MEGACPO.MX": 1810.7900772094727, "GNP.MX": 1744.200038909912, "ORBIA.MX": 1260.2200317382812, "VITROA.MX": 1175.5500259399414, "AMXL.MX": 991.3799858093262, "PE&OLES.MX": 781.8800048828126, "MFRISCOA-1.MX": 620.8799781799316, "CYDSASAA.MX": 494.6399917602539, "AC.MX": 382.8300018310547, "AEROMEX.MX": 190.68000411987305, "FINAMEXO.MX": 175.39999389648435, "GFMULTIO.MX": 110.0, "RCENTROA.MX": 107.09999656677245, "TMMA.MX": 41.850000858306885, "RA.MX": 101.61000061035156}, "pct": {"ACCELSAB.MX": 0.268492143537183, "CERAMICB.MX": 0.20410699767077795, "PASAB.MX": 0.12929450239364307, "GMD.MX": 0.06762977004670322, "GCC.MX": 0.06497177333832638, "LAMOSA.MX": 0.04983966146028815, "GAPB.MX": 0.0482309461221373, "AUTLANB.MX": 0.028303479028662856, "ASURB.MX": 0.02003187200631312, "VALUEGFO.MX": 0.019201411192001756, "MEGACPO.MX": 0.01810923169525817, "GNP.MX": 0.017443282368861814, "ORBIA.MX": 0.012603126573856375, "VITROA.MX": 0.01175636428377143, "AMXL.MX": 0.009914528518252988, "PE&OLES.MX": 0.007819374727374597, "MFRISCOA-1.MX": 0.0062092561259968464, "CYDSASAA.MX": 0.004946763475935935, "AC.MX": 0.0038285813967671176, "AEROMEX.MX": 0.001906940190207433, "FINAMEXO.MX": 0.0017541288572296844, "GFMULTIO.MX": 0.0011000808495417673, "RCENTROA.MX": 0.0010710786837190489, "TMMA.MX": 0.00041853076815936296, "RA.MX": 0.001016174689030682}}