{"allocation": {"ACCELSAB.MX": 4664, "PASAB.MX": 585, "GFMULTIO.MX": 868, "GCC.MX": 36, "BAFARB.MX": 76, "DINEA.MX": 227, "VALUEGFO.MX": 23, "TEAKCPO.MX": 168, "GRUMAB.MX": 8, "ASURB.MX": 6, "FRES.MX": 5, "LAMOSA.MX": 28, "AXTELCPO.MX": 218, "AEROMEX.MX": 19, "TS.MX": 1, "MONEXB.MX": 14, "ARA.MX": 25}, "qty": {"ACCELSAB.MX": 52843.119644165046, "PASAB.MX": 13455.0, "GFMULTIO.MX": 11284.0, "GCC.MX": 4357.0799560546875, "BAFARB.MX": 2888.7598724365234, "DINEA.MX": 2724.0, "VALUEGFO.MX": 2645.0, "TEAKCPO.MX": 2620.8000640869145, "GRUMAB.MX": 1929.9200439453127, "ASURB.MX": 1989.5399780273438, "FRES.MX": 1287.5, "LAMOSA.MX": 1120.0, "AXTELCPO.MX": 843.6599750518799, "AEROMEX.MX": 542.4499855041504, "TS.MX": 401.5299987792969, "MONEXB.MX": 208.5999946594238, "ARA.MX": 174.24999475479126}, "pct": {"ACCELSAB.MX": 0.5215714392839639, "PASAB.MX": 0.13280335761442189, "GFMULTIO.MX": 0.11137518300417218, "GCC.MX": 0.043005191197217414, "BAFARB.MX": 0.028512598320429537, "DINEA.MX": 0.02688638767310927, "VALUEGFO.MX": 0.02610664294984362, "TEAKCPO.MX": 0.02586778507222849, "GRUMAB.MX": 0.019048670513809752, "ASURB.MX": 0.019637130374593418, "FRES.MX": 0.012707864951956015, "LAMOSA.MX": 0.011054608734905427, "AXTELCPO.MX": 0.008327081187052327, "AEROMEX.MX": 0.005354082453574557, "TS.MX": 0.003963175921278733, "MONEXB.MX": 0.0020589208241636532, "ARA.MX": 0.0017198799232799467}}