{"allocation": {"ACCELSAB.MX": 6367, "TEAKCPO.MX": 407, "BAFARB.MX": 127, "GAPB.MX": 21, "WMT.MX": 2, "OMAB.MX": 26, "CMOCTEZ.MX": 25, "BIMBOA.MX": 38, "GCC.MX": 17, "AEROMEX.MX": 44, "PASAB.MX": 41, "LAMOSA.MX": 22, "CYDSASAA.MX": 20, "SIMECB.MX": 8}, "qty": {"ACCELSAB.MX": 65643.77267169952, "TEAKCPO.MX": 7733.0, "BAFARB.MX": 4869.161609649658, "GAPB.MX": 3824.5198974609375, "WMT.MX": 3400.659912109375, "OMAB.MX": 2394.8600158691406, "CMOCTEZ.MX": 1820.9999084472656, "BIMBOA.MX": 1676.1800231933594, "GCC.MX": 1694.3899688720705, "AEROMEX.MX": 1284.800033569336, "PASAB.MX": 992.2000312805176, "LAMOSA.MX": 880.0, "CYDSASAA.MX": 660.0, "SIMECB.MX": 495.20001220703125}, "pct": {"ACCELSAB.MX": 0.6741701263467196, "TEAKCPO.MX": 0.07941892086416866, "BAFARB.MX": 0.05000692623194288, "GAPB.MX": 0.039278319291334365, "WMT.MX": 0.03492522183444526, "OMAB.MX": 0.02459552542106207, "CMOCTEZ.MX": 0.01870190710237059, "BIMBOA.MX": 0.017214587949837552, "GCC.MX": 0.01740160647237711, "AEROMEX.MX": 0.013195064294882236, "PASAB.MX": 0.010190024022461282, "LAMOSA.MX": 0.009037715034329293, "CYDSASAA.MX": 0.00677828627574697, "SIMECB.MX": 0.0050857688583222}}