{"allocation": {"GFMULTIO.MX": 3337, "ACCELSAB.MX": 2524, "PASAB.MX": 300, "BAFARB.MX": 177, "WMT.MX": 2, "TEAKCPO.MX": 177, "GRUMAB.MX": 9, "VALUEGFO.MX": 22, "ASURB.MX": 5, "AXTELCPO.MX": 340, "ALPEKA.MX": 43, "TLEVISACPO.MX": 10, "MONEXB.MX": 14, "BSMXB.MX": 5}, "qty": {"GFMULTIO.MX": 43381.0, "ACCELSAB.MX": 30363.719326019287, "PASAB.MX": 7200.0, "BAFARB.MX": 6814.5, "WMT.MX": 3672.0, "TEAKCPO.MX": 2479.770040512085, "GRUMAB.MX": 2178.4500274658203, "VALUEGFO.MX": 2156.0, "ASURB.MX": 1789.6000671386719, "AXTELCPO.MX": 1298.7999773025513, "ALPEKA.MX": 1212.1700229644775, "TLEVISACPO.MX": 689.4000244140625, "MONEXB.MX": 166.03999519348145, "BSMXB.MX": 151.19999885559082}, "pct": {"GFMULTIO.MX": 0.4189269923840497, "ACCELSAB.MX": 0.2932201105286347, "PASAB.MX": 0.0695298482092427, "BAFARB.MX": 0.0658071042530395, "WMT.MX": 0.035460222586713774, "TEAKCPO.MX": 0.023946949237587903, "GRUMAB.MX": 0.021037124964044317, "VALUEGFO.MX": 0.02082032676932323, "ASURB.MX": 0.017282030697694777, "AXTELCPO.MX": 0.012542411843890868, "ALPEKA.MX": 0.011705833013960328, "TLEVISACPO.MX": 0.006657483201799719, "MONEXB.MX": 0.0016034355086758545, "BSMXB.MX": 0.001460126801342625}}