{"allocation": {"ACCELSAB.MX": 3862, "PASAB.MX": 622, "BAFARB.MX": 328, "GFMULTIO.MX": 571, "GCC.MX": 30, "VALUEGFO.MX": 33, "TEAKCPO.MX": 195, "ASURB.MX": 10, "LAMOSA.MX": 61, "FRES.MX": 6, "AEROMEX.MX": 69, "SIMECB.MX": 14, "FEMSAUBD.MX": 5, "CMOCTEZ.MX": 9, "DINEA.MX": 37, "GAPB.MX": 2}, "qty": {"ACCELSAB.MX": 41709.60073661804, "PASAB.MX": 14293.559715270996, "BAFARB.MX": 12464.0, "GFMULTIO.MX": 7423.0, "GCC.MX": 3865.5001831054688, "VALUEGFO.MX": 3795.0, "TEAKCPO.MX": 3159.0001487731934, "ASURB.MX": 3153.699951171875, "LAMOSA.MX": 2470.5, "FRES.MX": 2040.0, "AEROMEX.MX": 1862.3099842071533, "SIMECB.MX": 867.1599807739257, "FEMSAUBD.MX": 874.7499847412109, "CMOCTEZ.MX": 705.9600219726562, "DINEA.MX": 425.5, "GAPB.MX": 367.7799987792969}, "pct": {"ACCELSAB.MX": 0.4192875365042687, "PASAB.MX": 0.14368661735069332, "BAFARB.MX": 0.12529489044955425, "GFMULTIO.MX": 0.07462002341198984, "GCC.MX": 0.0388581051006845, "VALUEGFO.MX": 0.03814939900963241, "TEAKCPO.MX": 0.03175598343795434, "ASURB.MX": 0.03170270297599845, "LAMOSA.MX": 0.024834806390855568, "FRES.MX": 0.020507186819407146, "AEROMEX.MX": 0.01872095037342317, "SIMECB.MX": 0.008717162611786473, "FEMSAUBD.MX": 0.008793461449687042, "CMOCTEZ.MX": 0.007096693165502959, "DINEA.MX": 0.004277356858655755, "GAPB.MX": 0.0036971240899060656}}