{"allocation": {"ACCELSAB.MX": 4865, "CERAMICB.MX": 271, "GFMULTIO.MX": 1009, "PASAB.MX": 526, "CMOCTEZ.MX": 25, "VALUEGFO.MX": 10, "ASURB.MX": 4, "GAPB.MX": 4, "VITROA.MX": 12, "FRES.MX": 1, "IENOVA.MX": 2}, "qty": {"ACCELSAB.MX": 50595.99814414977, "CERAMICB.MX": 13821.0, "GFMULTIO.MX": 13117.0, "PASAB.MX": 12571.399799346926, "CMOCTEZ.MX": 1887.0000839233398, "VALUEGFO.MX": 1220.0, "ASURB.MX": 1266.6400146484375, "GAPB.MX": 679.760009765625, "VITROA.MX": 652.0800018310547, "FRES.MX": 346.0, "IENOVA.MX": 166.67999267578125}, "pct": {"ACCELSAB.MX": 0.5252712749648244, "CERAMICB.MX": 0.14348514818514868, "GFMULTIO.MX": 0.1361764480677661, "PASAB.MX": 0.13051220339367933, "CMOCTEZ.MX": 0.019590224055215138, "VALUEGFO.MX": 0.012665645089782315, "ASURB.MX": 0.013149846624634249, "GAPB.MX": 0.007057048385178989, "VITROA.MX": 0.006769683502735034, "FRES.MX": 0.0035920600008726893, "IENOVA.MX": 0.001730417730163083}}