{"allocation": {"ACCELSAB.MX": 7701, "BAFARB.MX": 173, "GAPB.MX": 11, "OMAB.MX": 23, "HERDEZ.MX": 40, "WMT.MX": 1, "BIMBOA.MX": 41, "GCC.MX": 4, "CERAMICB.MX": 7, "MONEXB.MX": 9}, "qty": {"ACCELSAB.MX": 79705.35293769838, "BAFARB.MX": 6546.65461730957, "GAPB.MX": 1975.9300537109375, "OMAB.MX": 2038.9500350952148, "HERDEZ.MX": 1839.6000671386719, "WMT.MX": 1602.0, "BIMBOA.MX": 1630.979949951172, "GCC.MX": 391.1600036621094, "CERAMICB.MX": 357.0, "MONEXB.MX": 126.0}, "pct": {"ACCELSAB.MX": 0.8284206184967765, "BAFARB.MX": 0.06804290386111903, "GAPB.MX": 0.020536904196146854, "OMAB.MX": 0.0211919047705352, "HERDEZ.MX": 0.01911995329343732, "WMT.MX": 0.016650447955097646, "BIMBOA.MX": 0.016951652167584114, "GCC.MX": 0.004065536381455528, "CERAMICB.MX": 0.0037104930836266287, "MONEXB.MX": 0.001309585794221163}}