{"allocation": {"ACCELSAB.MX": 1940, "CERAMICB.MX": 374, "GFMULTIO.MX": 1517, "GCC.MX": 117, "PASAB.MX": 328, "GNP.MX": 175, "GMD.MX": 168, "AMXL.MX": 219, "CYDSASAA.MX": 117, "VALUEGFO.MX": 19, "ASURB.MX": 5, "CMOCTEZ.MX": 22, "AEROMEX.MX": 51, "OMAB.MX": 7, "ALPEKA.MX": 29, "PE&OLES.MX": 1, "LABB.MX": 22, "TEAKCPO.MX": 25}, "qty": {"ACCELSAB.MX": 19982.000370025635, "CERAMICB.MX": 19635.0, "GFMULTIO.MX": 15170.0, "GCC.MX": 10701.990142822266, "PASAB.MX": 8200.0, "GNP.MX": 5950.0, "GMD.MX": 4788.0, "AMXL.MX": 3712.0501670837402, "CYDSASAA.MX": 3510.0, "VALUEGFO.MX": 1824.0, "ASURB.MX": 1790.3500366210938, "CMOCTEZ.MX": 1627.7799530029297, "AEROMEX.MX": 1458.0900077819824, "OMAB.MX": 711.6899871826173, "ALPEKA.MX": 680.0500221252441, "PE&OLES.MX": 409.6499938964844, "LABB.MX": 451.4400100708008, "TEAKCPO.MX": 422.49999046325684}, "pct": {"ACCELSAB.MX": 0.1977934306421166, "CERAMICB.MX": 0.19435861969473966, "GFMULTIO.MX": 0.1501614596775758, "GCC.MX": 0.10593450634813574, "PASAB.MX": 0.0811683565824734, "GNP.MX": 0.05889655142264838, "GMD.MX": 0.047394401380107636, "AMXL.MX": 0.036744025806571094, "CYDSASAA.MX": 0.03474401604932703, "VALUEGFO.MX": 0.018055010049564814, "ASURB.MX": 0.017721923192671372, "CMOCTEZ.MX": 0.01611271020282239, "AEROMEX.MX": 0.014433020692803581, "OMAB.MX": 0.00704472032387983, "ALPEKA.MX": 0.006731529596314724, "PE&OLES.MX": 0.00405495326568267, "LABB.MX": 0.004468615086953919, "TEAKCPO.MX": 0.004182149985611371}}