{"allocation": {"ACCELSAB.MX": 4019, "GFMULTIO.MX": 2500, "CERAMICB.MX": 86, "BAFARB.MX": 76, "RA.MX": 26, "GRUMAB.MX": 9, "MEGACPO.MX": 19, "WMT.MX": 1, "VALUEGFO.MX": 9, "FRAGUAB.MX": 3, "AXTELCPO.MX": 212, "IENOVA.MX": 4}, "qty": {"ACCELSAB.MX": 57069.799233436584, "GFMULTIO.MX": 32500.0, "CERAMICB.MX": 4386.0, "BAFARB.MX": 3002.0, "RA.MX": 2281.760055541992, "GRUMAB.MX": 2006.0999450683596, "MEGACPO.MX": 1770.2299652099612, "WMT.MX": 1989.0, "VALUEGFO.MX": 1080.0, "FRAGUAB.MX": 795.0, "AXTELCPO.MX": 674.1600141525269, "IENOVA.MX": 309.8399963378906}, "pct": {"ACCELSAB.MX": 0.5290908723165099, "GFMULTIO.MX": 0.30130565695440437, "CERAMICB.MX": 0.040662357273908226, "BAFARB.MX": 0.027831371759296057, "RA.MX": 0.02115406807838148, "GRUMAB.MX": 0.018598438826615892, "MEGACPO.MX": 0.016411701619321838, "WMT.MX": 0.018439906205609546, "VALUEGFO.MX": 0.01001261875417713, "FRAGUAB.MX": 0.007370399916269275, "AXTELCPO.MX": 0.006250099260203619, "IENOVA.MX": 0.002872509035302719}}