{"allocation": {"ACCELSAB.MX": 3671, "GFMULTIO.MX": 2177, "PASAB.MX": 321, "GMD.MX": 311, "LAMOSA.MX": 99, "OMAB.MX": 28, "GCC.MX": 26, "MEGACPO.MX": 13, "DINEA.MX": 91, "GNP.MX": 21, "AXTELCPO.MX": 215, "IENOVA.MX": 6, "TS.MX": 1}, "qty": {"ACCELSAB.MX": 51577.55070018768, "GFMULTIO.MX": 28301.0, "PASAB.MX": 7062.0, "GMD.MX": 6661.620023727417, "LAMOSA.MX": 3960.0, "OMAB.MX": 2976.1200256347656, "GCC.MX": 2846.2200317382812, "MEGACPO.MX": 1170.9099960327148, "DINEA.MX": 910.0, "GNP.MX": 756.0, "AXTELCPO.MX": 711.6499876976013, "IENOVA.MX": 477.7799835205078, "TS.MX": 313.0}, "pct": {"ACCELSAB.MX": 0.47879416064122843, "GFMULTIO.MX": 0.2627180499336526, "PASAB.MX": 0.06555651279571233, "GMD.MX": 0.061839787358490494, "LAMOSA.MX": 0.03676066138077327, "OMAB.MX": 0.027627308204772192, "GCC.MX": 0.026421447172198156, "MEGACPO.MX": 0.010869551987757879, "DINEA.MX": 0.008447525721339312, "GNP.MX": 0.007017944445420351, "AXTELCPO.MX": 0.006606243489743178, "IENOVA.MX": 0.0044352293405830355, "TS.MX": 0.002905577528328796}}