{"allocation": {"CERAMICB.MX": 471, "GAPB.MX": 69, "WMT.MX": 6, "AUTLANB.MX": 526, "GMD.MX": 287, "OMAB.MX": 86, "GISSAA.MX": 194, "KUOB.MX": 82, "VITROA.MX": 47, "FRES.MX": 7, "GCC.MX": 21, "BSMXB.MX": 62, "GMEXICOB.MX": 23, "TLEVISACPO.MX": 14, "VALUEGFO.MX": 11, "GRUMAB.MX": 5, "PINFRA.MX": 2, "CYDSASAA.MX": 6, "MONEXB.MX": 11, "TMMA.MX": 25, "ACCELSAB.MX": 12, "SORIANAB.MX": 3, "GFMULTIO.MX": 6, "BACHOCOB.MX": 1, "CREAL.MX": 1, "CMOCTEZ.MX": 1, "TS.MX": 1}, "qty": {"CERAMICB.MX": 26305.34928131103, "GAPB.MX": 13426.709747314455, "WMT.MX": 12046.080322265623, "AUTLANB.MX": 9268.120441436768, "GMD.MX": 8179.5, "OMAB.MX": 8169.139816284179, "GISSAA.MX": 6603.760177612305, "KUOB.MX": 3452.1998748779292, "VITROA.MX": 3280.600143432617, "FRES.MX": 2446.5, "GCC.MX": 2199.9600448608403, "BSMXB.MX": 1816.599952697754, "GMEXICOB.MX": 1517.5400772094727, "TLEVISACPO.MX": 1078.2799530029297, "VALUEGFO.MX": 1045.0, "GRUMAB.MX": 1111.500015258789, "PINFRA.MX": 381.55999755859375, "CYDSASAA.MX": 190.56000137329104, "MONEXB.MX": 169.39999580383298, "TMMA.MX": 136.74999475479126, "ACCELSAB.MX": 123.72000503540039, "SORIANAB.MX": 121.70999908447266, "GFMULTIO.MX": 60.0, "BACHOCOB.MX": 95.6500015258789, "CREAL.MX": 25.0, "CMOCTEZ.MX": 74.58000183105469, "TS.MX": 334.20001220703125}, "pct": {"CERAMICB.MX": 0.2537657431086055, "GAPB.MX": 0.12952646779533644, "WMT.MX": 0.11620763867589042, "AUTLANB.MX": 0.08940886683881509, "GMD.MX": 0.0789070266111817, "OMAB.MX": 0.07880708269136251, "GISSAA.MX": 0.06370598203664235, "KUOB.MX": 0.03330311478624743, "VITROA.MX": 0.03164770497200122, "FRES.MX": 0.02360120308139324, "GCC.MX": 0.021222850516947344, "BSMXB.MX": 0.017524604292364212, "GMEXICOB.MX": 0.01463959597235804, "TLEVISACPO.MX": 0.010402086306730963, "VALUEGFO.MX": 0.010081037081567929, "GRUMAB.MX": 0.010722557770322652, "PINFRA.MX": 0.0036808808461542123, "CYDSASAA.MX": 0.001838318124505055, "MONEXB.MX": 0.0016341891285319538, "TMMA.MX": 0.0013192170028969094, "ACCELSAB.MX": 0.0011935176636302795, "SORIANAB.MX": 0.00117412728609394, "GFMULTIO.MX": 0.0005788155262144265, "BACHOCOB.MX": 0.000922728432760205, "CREAL.MX": 0.00024117313592267773, "CMOCTEZ.MX": 0.0007194677167485802, "TS.MX": 0.003224002598774676}}