{"allocation": {"GFMULTIO.MX": 4848, "ACCELSAB.MX": 1050, "CERAMICB.MX": 225, "WMT.MX": 3, "IENOVA.MX": 28, "PASAB.MX": 86, "AXTELCPO.MX": 452, "TS.MX": 4, "LAMOSA.MX": 37, "VITROA.MX": 15, "GAPB.MX": 3, "GCC.MX": 6, "BACHOCOB.MX": 2}, "qty": {"GFMULTIO.MX": 63024.0, "ACCELSAB.MX": 14185.500240325928, "CERAMICB.MX": 12892.499828338623, "WMT.MX": 5553.0, "IENOVA.MX": 2603.7199401855464, "PASAB.MX": 2063.139980316162, "AXTELCPO.MX": 1685.9600086212158, "TS.MX": 1252.0, "LAMOSA.MX": 1480.0, "VITROA.MX": 819.8999977111816, "GAPB.MX": 613.7400054931641, "GCC.MX": 736.8599853515626, "BACHOCOB.MX": 168.0399932861328}, "pct": {"GFMULTIO.MX": 0.5885783085582337, "ACCELSAB.MX": 0.13247775034119466, "CERAMICB.MX": 0.12040247750144174, "WMT.MX": 0.05185921787610865, "IENOVA.MX": 0.024316023710868148, "PASAB.MX": 0.019267571717652865, "AXTELCPO.MX": 0.015745104883395217, "TS.MX": 0.011692371831602382, "LAMOSA.MX": 0.013821653602852656, "VITROA.MX": 0.007657009295502459, "GAPB.MX": 0.005731690377121216, "GCC.MX": 0.006881502345494852, "BACHOCOB.MX": 0.0015693179585314957}}