{"allocation": {"ACCELSAB.MX": 7792, "BAFARB.MX": 163, "OMAB.MX": 22, "HERDEZ.MX": 45, "GAPB.MX": 10, "WMT.MX": 1, "BIMBOA.MX": 32, "CERAMICB.MX": 10, "GCC.MX": 3, "MONEXB.MX": 6}, "qty": {"ACCELSAB.MX": 80725.1173248291, "BAFARB.MX": 6249.396396636963, "OMAB.MX": 2178.8800201416016, "HERDEZ.MX": 2014.6500205993652, "GAPB.MX": 1945.3999328613281, "WMT.MX": 1654.1500244140625, "BIMBOA.MX": 1392.9599609375002, "CERAMICB.MX": 510.0, "GCC.MX": 326.5499954223633, "MONEXB.MX": 95.93999862670898}, "pct": {"ACCELSAB.MX": 0.8314201952045314, "BAFARB.MX": 0.06436502719586971, "OMAB.MX": 0.022441154769510505, "HERDEZ.MX": 0.02074968447125863, "GAPB.MX": 0.020036450184668368, "WMT.MX": 0.01703675115964078, "BIMBOA.MX": 0.014346650472795763, "CERAMICB.MX": 0.005252693506137418, "GCC.MX": 0.0033632687066357868, "MONEXB.MX": 0.000988124328951661}}