{"allocation": {"ACCELSAB.MX": 3321, "GFMULTIO.MX": 4506, "BIMBOA.MX": 53, "MONEXB.MX": 104, "BAFARB.MX": 26, "FRAGUAB.MX": 3, "TMMA.MX": 89, "MEGACPO.MX": 3, "KUOB.MX": 5}, "qty": {"ACCELSAB.MX": 70737.29746627808, "GFMULTIO.MX": 58578.0, "BIMBOA.MX": 2121.589935302735, "MONEXB.MX": 1279.2000198364258, "BAFARB.MX": 1079.0, "FRAGUAB.MX": 764.9700164794923, "TMMA.MX": 656.8200101852417, "MEGACPO.MX": 244.62000274658203, "KUOB.MX": 239.85000610351562}, "pct": {"ACCELSAB.MX": 0.5212718870660307, "GFMULTIO.MX": 0.4316685213357301, "BIMBOA.MX": 0.015634258428981848, "MONEXB.MX": 0.009426583035532564, "BAFARB.MX": 0.007951284347728717, "FRAGUAB.MX": 0.0056371585899121085, "TMMA.MX": 0.004840187827859989, "MEGACPO.MX": 0.001802635031492357, "KUOB.MX": 0.0017674843367317154}}