{"allocation": {"ACCELSAB.MX": 4385, "BAFARB.MX": 434, "GNP.MX": 161, "FEMSAUBD.MX": 35, "ANB.MX": 2, "VALUEGFO.MX": 24, "LABB.MX": 76, "ALPEKA.MX": 42, "MONEXB.MX": 55, "BOLSAA.MX": 17}, "qty": {"ACCELSAB.MX": 93400.4966545105, "BAFARB.MX": 18011.0, "GNP.MX": 6440.0, "FEMSAUBD.MX": 6085.100021362305, "ANB.MX": 3838.159912109375, "VALUEGFO.MX": 2004.0, "LABB.MX": 1328.479965209961, "ALPEKA.MX": 867.7199935913086, "MONEXB.MX": 660.0, "BOLSAA.MX": 543.3199844360352}, "pct": {"ACCELSAB.MX": 0.7013193073767978, "BAFARB.MX": 0.13523977385138997, "GNP.MX": 0.04835623472338856, "FEMSAUBD.MX": 0.04569138586153609, "ANB.MX": 0.028819714536624436, "VALUEGFO.MX": 0.015047499128209733, "LABB.MX": 0.009975200158852787, "ALPEKA.MX": 0.006515476969608469, "MONEXB.MX": 0.004955763185937338, "BOLSAA.MX": 0.004079644207654773}}