{"allocation": {"ACCELSAB.MX": 4102, "BAFARB.MX": 424, "MEGACPO.MX": 66, "VALUEGFO.MX": 44, "GRUMAB.MX": 22, "DINEA.MX": 307, "HERDEZ.MX": 80, "WMT.MX": 1, "FRES.MX": 13, "ALPEKA.MX": 101, "CERAMICB.MX": 23, "OMAB.MX": 10, "AEROMEX.MX": 51, "VOLARA.MX": 13}, "qty": {"ACCELSAB.MX": 87372.59687042236, "BAFARB.MX": 17384.0, "MEGACPO.MX": 5511.660140991211, "VALUEGFO.MX": 4972.0, "GRUMAB.MX": 4168.78012084961, "DINEA.MX": 3377.0, "HERDEZ.MX": 3250.4000854492188, "WMT.MX": 1959.56005859375, "FRES.MX": 2702.0500793457027, "ALPEKA.MX": 2355.319969177246, "CERAMICB.MX": 1104.0, "OMAB.MX": 1168.000030517578, "AEROMEX.MX": 990.9300155639648, "VOLARA.MX": 224.25}, "pct": {"ACCELSAB.MX": 0.6399022016007877, "BAFARB.MX": 0.12731749165159406, "MEGACPO.MX": 0.04036647169736955, "VALUEGFO.MX": 0.03641409160674906, "GRUMAB.MX": 0.03053144433005071, "DINEA.MX": 0.02473257991874328, "HERDEZ.MX": 0.023805383441297834, "WMT.MX": 0.014351488230603253, "FRES.MX": 0.019789360240409892, "ALPEKA.MX": 0.017249967240713118, "CERAMICB.MX": 0.008085510284362624, "OMAB.MX": 0.008554235741744324, "AEROMEX.MX": 0.007257404739063453, "VOLARA.MX": 0.001642369276511158}}