{"allocation": {"GFMULTIO.MX": 4443, "ACCELSAB.MX": 1198, "BAFARB.MX": 346, "WMT.MX": 5, "GNP.MX": 225, "POCHTECB.MX": 560, "KUOB.MX": 72, "VALUEGFO.MX": 36, "RCENTROA.MX": 323, "FRAGUAB.MX": 5, "ICHB.MX": 13, "TS.MX": 4, "BACHOCOB.MX": 8, "CHDRAUIB.MX": 22, "MONEXB.MX": 10}, "qty": {"GFMULTIO.MX": 57759.0, "ACCELSAB.MX": 23960.0, "BAFARB.MX": 14359.0, "WMT.MX": 11714.25048828125, "GNP.MX": 9000.0, "POCHTECB.MX": 3920.0, "KUOB.MX": 3491.2801208496094, "VALUEGFO.MX": 3348.0, "RCENTROA.MX": 2034.9000616073608, "FRAGUAB.MX": 1150.0, "ICHB.MX": 1039.4799880981445, "TS.MX": 872.0, "BACHOCOB.MX": 694.8800048828125, "CHDRAUIB.MX": 678.9200134277343, "MONEXB.MX": 120.0}, "pct": {"GFMULTIO.MX": 0.4305819547732973, "ACCELSAB.MX": 0.17861707502498664, "BAFARB.MX": 0.10704351336743669, "WMT.MX": 0.08732742730913265, "GNP.MX": 0.06709322517633054, "POCHTECB.MX": 0.029222826965690635, "KUOB.MX": 0.026026804811312147, "VALUEGFO.MX": 0.02495867976559496, "RCENTROA.MX": 0.01516977867163906, "FRAGUAB.MX": 0.008573023216975569, "ICHB.MX": 0.007749118323084244, "TS.MX": 0.006500588039306692, "BACHOCOB.MX": 0.005180193404236912, "CHDRAUIB.MX": 0.005061214815291592, "MONEXB.MX": 0.0008945763356844071}}