{"allocation": {"ACCELSAB.MX": 4368, "BAFARB.MX": 376, "MEGACPO.MX": 110, "VALUEGFO.MX": 36, "OMAB.MX": 33, "FRES.MX": 15, "WMT.MX": 2, "KUOB.MX": 75, "AXTELCPO.MX": 487, "ASURB.MX": 2, "RCENTROA.MX": 60, "CULTIBAB.MX": 33}, "qty": {"ACCELSAB.MX": 86923.19833374025, "BAFARB.MX": 15228.0, "MEGACPO.MX": 9685.50033569336, "VALUEGFO.MX": 3690.0, "OMAB.MX": 3625.049949645996, "FRES.MX": 3300.0, "WMT.MX": 3832.919921875, "KUOB.MX": 3206.25, "AXTELCPO.MX": 1353.8599860668182, "ASURB.MX": 653.9400024414062, "RCENTROA.MX": 581.9999885559082, "CULTIBAB.MX": 495.0}, "pct": {"ACCELSAB.MX": 0.655649460590525, "BAFARB.MX": 0.11486266241076658, "MEGACPO.MX": 0.07305636691214294, "VALUEGFO.MX": 0.027833151056982447, "OMAB.MX": 0.027343241961410195, "FRES.MX": 0.024891435904618446, "WMT.MX": 0.028911175928147487, "KUOB.MX": 0.024184292839146332, "AXTELCPO.MX": 0.010211975474851464, "ASURB.MX": 0.004932577471586756, "RCENTROA.MX": 0.004389944064129715, "CULTIBAB.MX": 0.003733715385692767}}