{"allocation": {"GFMULTIO.MX": 7616, "ACCELSAB.MX": 592, "GNP.MX": 139, "BAFARB.MX": 108, "BACHOCOB.MX": 31, "ANB.MX": 1, "FRAGUAB.MX": 10, "MONEXB.MX": 180, "GISSAA.MX": 52, "BOLSAA.MX": 21, "ALPEKA.MX": 34, "FRES.MX": 3, "VALUEGFO.MX": 4}, "qty": {"GFMULTIO.MX": 99008.0, "ACCELSAB.MX": 11899.200225830078, "GNP.MX": 5699.0, "BAFARB.MX": 4482.0, "BACHOCOB.MX": 2677.779914855957, "ANB.MX": 1548.5999755859375, "FRAGUAB.MX": 2300.0, "MONEXB.MX": 2160.0, "GISSAA.MX": 1247.4799880981445, "BOLSAA.MX": 885.7800064086914, "ALPEKA.MX": 704.4799766540526, "FRES.MX": 531.0, "VALUEGFO.MX": 340.0}, "pct": {"GFMULTIO.MX": 0.7417256323497857, "ACCELSAB.MX": 0.08914372386029945, "GNP.MX": 0.04269447295937125, "BAFARB.MX": 0.03357722895313247, "BACHOCOB.MX": 0.020060782973498004, "ANB.MX": 0.011601449338925564, "FRAGUAB.MX": 0.017230617267337055, "MONEXB.MX": 0.016181797085846973, "GISSAA.MX": 0.009345587053731006, "BOLSAA.MX": 0.006635885336298925, "ALPEKA.MX": 0.005277662978360229, "FRES.MX": 0.003978025116937381, "VALUEGFO.MX": 0.002547134726475913}}