{"allocation": {"ACCELSAB.MX": 5192, "GFMULTIO.MX": 798, "PASAB.MX": 341, "WMT.MX": 2, "DINEA.MX": 316, "GRUMAB.MX": 15, "FRES.MX": 4, "BSMXB.MX": 27, "POCHTECB.MX": 40, "TS.MX": 1}, "qty": {"ACCELSAB.MX": 105916.7980194092, "GFMULTIO.MX": 10374.0, "PASAB.MX": 6717.7002601623535, "WMT.MX": 3774.0, "DINEA.MX": 3476.0, "GRUMAB.MX": 2972.999954223633, "FRES.MX": 831.4000244140624, "BSMXB.MX": 716.3100185394287, "POCHTECB.MX": 262.00000762939453, "TS.MX": 251.5800018310547}, "pct": {"ACCELSAB.MX": 0.7828709819724048, "GFMULTIO.MX": 0.07667814472160937, "PASAB.MX": 0.049653055016880845, "WMT.MX": 0.027895056697450724, "DINEA.MX": 0.025692426359390227, "GRUMAB.MX": 0.02197456340344108, "FRES.MX": 0.006145190996102857, "BSMXB.MX": 0.005294517376817525, "POCHTECB.MX": 0.0019365408234113626, "TS.MX": 0.001859522632491263}}