{"allocation": {"ACCELSAB.MX": 2415, "GFMULTIO.MX": 2577, "BAFARB.MX": 381, "WMT.MX": 6, "POCHTECB.MX": 852, "GNP.MX": 118, "VALUEGFO.MX": 40, "KUOB.MX": 63, "OMAB.MX": 10, "ICHB.MX": 16, "AZTECACPO.MX": 659}, "qty": {"ACCELSAB.MX": 49893.899631500244, "GFMULTIO.MX": 33501.0, "BAFARB.MX": 15811.5, "WMT.MX": 13818.0, "POCHTECB.MX": 5955.479804992676, "GNP.MX": 4720.0, "VALUEGFO.MX": 3980.0, "KUOB.MX": 2942.7299423217773, "OMAB.MX": 1177.5, "ICHB.MX": 1094.0799560546875, "AZTECACPO.MX": 731.4900094270706}, "pct": {"ACCELSAB.MX": 0.37338556388510413, "GFMULTIO.MX": 0.25070779931215315, "BAFARB.MX": 0.11832680722438461, "WMT.MX": 0.10340826754112808, "POCHTECB.MX": 0.04456837813073295, "GNP.MX": 0.03532255194631094, "VALUEGFO.MX": 0.029784694225914732, "KUOB.MX": 0.02202218882449694, "OMAB.MX": 0.008811929007792612, "ICHB.MX": 0.008187647474821882, "AZTECACPO.MX": 0.005474172427159996}}