{"allocation": {"ACCELSAB.MX": 4475, "GFMULTIO.MX": 1289, "CERAMICB.MX": 119, "WMT.MX": 3, "VALUEGFO.MX": 41, "OMAB.MX": 22, "GRUMAB.MX": 11, "KUOB.MX": 32, "FRAGUAB.MX": 5, "TS.MX": 2, "GNP.MX": 9}, "qty": {"ACCELSAB.MX": 95317.49658584595, "GFMULTIO.MX": 16757.0, "CERAMICB.MX": 5712.0, "WMT.MX": 5970.0, "VALUEGFO.MX": 4633.0, "OMAB.MX": 2602.3800201416016, "GRUMAB.MX": 2056.0100402832027, "KUOB.MX": 1548.1600341796875, "FRAGUAB.MX": 1300.7499694824219, "TS.MX": 503.1600036621094, "GNP.MX": 351.8999862670898}, "pct": {"ACCELSAB.MX": 0.6970106214854977, "GFMULTIO.MX": 0.1225358134926811, "CERAMICB.MX": 0.04176908555649546, "WMT.MX": 0.043655714420916994, "VALUEGFO.MX": 0.03387888189482553, "OMAB.MX": 0.01902994287671725, "GRUMAB.MX": 0.015034604215266591, "KUOB.MX": 0.011320943438865248, "FRAGUAB.MX": 0.00951175363496501, "TS.MX": 0.0036793650632999325, "GNP.MX": 0.0025732739204691263}}