{"allocation": {"GFMULTIO.MX": 8606, "ACCELSAB.MX": 405, "GNP.MX": 103, "BACHOCOB.MX": 24, "MONEXB.MX": 156, "FRAGUAB.MX": 8, "ANB.MX": 1, "AMXL.MX": 69, "GRUMAB.MX": 4, "GFINBURO.MX": 13, "FRES.MX": 2}, "qty": {"GFMULTIO.MX": 111878.0, "ACCELSAB.MX": 8140.500154495239, "GNP.MX": 4223.0, "BACHOCOB.MX": 2032.56005859375, "MONEXB.MX": 1881.360065460205, "FRAGUAB.MX": 1760.0799560546877, "ANB.MX": 1552.530029296875, "AMXL.MX": 1035.0, "GRUMAB.MX": 788.0, "GFINBURO.MX": 301.72998809814453, "FRES.MX": 293.05999755859375}, "pct": {"GFMULTIO.MX": 0.8356224713824373, "ACCELSAB.MX": 0.06080180962645403, "GNP.MX": 0.03154180175412532, "BACHOCOB.MX": 0.015181294440330905, "MONEXB.MX": 0.014051974002574952, "FRAGUAB.MX": 0.013146126697912992, "ANB.MX": 0.011595925740328772, "AMXL.MX": 0.007730467633322214, "GRUMAB.MX": 0.005885612072519714, "GFINBURO.MX": 0.0022536366251163314, "FRES.MX": 0.002188880024877484}}