{"allocation": {"ACCELSAB.MX": 3229, "GFMULTIO.MX": 1138, "WMT.MX": 6, "BAFARB.MX": 214, "FRAGUAB.MX": 30, "DINEA.MX": 646, "GENTERA.MX": 368, "VALUEGFO.MX": 34, "TS.MX": 11, "GAPB.MX": 18, "GRUMAB.MX": 7, "CULTIBAB.MX": 99, "VITROA.MX": 24, "MONEXB.MX": 9}, "qty": {"ACCELSAB.MX": 57799.09876823425, "GFMULTIO.MX": 14794.0, "WMT.MX": 11100.0, "BAFARB.MX": 8667.0, "FRAGUAB.MX": 7800.0, "DINEA.MX": 6976.800123214722, "GENTERA.MX": 5133.59992980957, "VALUEGFO.MX": 3706.0, "TS.MX": 3443.0, "GAPB.MX": 3089.340087890625, "GRUMAB.MX": 1630.7900085449219, "CULTIBAB.MX": 1489.9500188827515, "VITROA.MX": 1263.8399963378906, "MONEXB.MX": 126.0}, "pct": {"ACCELSAB.MX": 0.45504143581983186, "GFMULTIO.MX": 0.11647038007482499, "WMT.MX": 0.08738821270992006, "BAFARB.MX": 0.06823366122134028, "FRAGUAB.MX": 0.0614079332556195, "DINEA.MX": 0.05492703542361122, "GENTERA.MX": 0.0404158669039486, "VALUEGFO.MX": 0.02917664110837511, "TS.MX": 0.027106091563986915, "GAPB.MX": 0.024321793579627844, "GRUMAB.MX": 0.01283890307675099, "CULTIBAB.MX": 0.011730096322277053, "VITROA.MX": 0.009949974633448664, "MONEXB.MX": 0.0009919743064369304}}