{"allocation": {"ACCELSAB.MX": 5414, "CERAMICB.MX": 191, "GFMULTIO.MX": 559, "FRAGUAB.MX": 11, "FEMSAUBD.MX": 16, "MEGACPO.MX": 28, "SIMECB.MX": 22, "BIMBOA.MX": 25, "AXTELCPO.MX": 236, "GCC.MX": 7, "ALPEKA.MX": 26, "VALUEGFO.MX": 3, "TLEVISACPO.MX": 6}, "qty": {"ACCELSAB.MX": 77420.20103263855, "CERAMICB.MX": 9741.0, "GFMULTIO.MX": 7267.0, "FRAGUAB.MX": 2970.0, "FEMSAUBD.MX": 2703.679931640625, "MEGACPO.MX": 2467.9199829101562, "SIMECB.MX": 1345.9600067138672, "BIMBOA.MX": 978.7500381469727, "AXTELCPO.MX": 700.920006752014, "GCC.MX": 703.0800170898436, "ALPEKA.MX": 625.2999801635742, "VALUEGFO.MX": 327.0, "TLEVISACPO.MX": 296.04000091552734}, "pct": {"ACCELSAB.MX": 0.7198741786946319, "CERAMICB.MX": 0.09057447902658106, "GFMULTIO.MX": 0.06757055118428956, "FRAGUAB.MX": 0.027615871338563365, "FEMSAUBD.MX": 0.02513955459018293, "MEGACPO.MX": 0.022947394182463426, "SIMECB.MX": 0.012515103829044458, "BIMBOA.MX": 0.009100685227636627, "AXTELCPO.MX": 0.006517345698683025, "GCC.MX": 0.0065374300648713985, "ALPEKA.MX": 0.005814210033738549, "VALUEGFO.MX": 0.0030405353291953607, "TLEVISACPO.MX": 0.002752660800118311}}