{"allocation": {"GFMULTIO.MX": 7090, "ACCELSAB.MX": 889, "BAFARB.MX": 203, "WMT.MX": 2, "GNP.MX": 108, "MONEXB.MX": 127, "AXTELCPO.MX": 326, "GISSAA.MX": 47, "FRAGUAB.MX": 4, "ANB.MX": 1, "BACHOCOB.MX": 5, "FRES.MX": 2}, "qty": {"GFMULTIO.MX": 92170.0, "ACCELSAB.MX": 17860.010135650635, "BAFARB.MX": 8323.0, "WMT.MX": 4343.7998046875, "GNP.MX": 4428.0, "MONEXB.MX": 1524.0, "AXTELCPO.MX": 1039.9400186538696, "GISSAA.MX": 1029.7699928283691, "FRAGUAB.MX": 949.0, "ANB.MX": 1422.0999755859375, "BACHOCOB.MX": 378.5749816894531, "FRES.MX": 316.989990234375}, "pct": {"GFMULTIO.MX": 0.6889402594865457, "ACCELSAB.MX": 0.1334976675413636, "BAFARB.MX": 0.06221167169042552, "WMT.MX": 0.03246846657913652, "GNP.MX": 0.03309783518505397, "MONEXB.MX": 0.01139139584959852, "AXTELCPO.MX": 0.007773207619635891, "GISSAA.MX": 0.007697190040909569, "FRAGUAB.MX": 0.0070934610638248, "ANB.MX": 0.01062972687638045, "BACHOCOB.MX": 0.0028297227527421735, "FRES.MX": 0.0023693953143832905}}