{"allocation": {"GFMULTIO.MX": 9821, "GNP.MX": 27, "MONEXB.MX": 117, "AMXL.MX": 62, "FRAGUAB.MX": 3, "GRUMAB.MX": 2, "KUOB.MX": 5, "AXTELCPO.MX": 42, "IENOVA.MX": 1}, "qty": {"GFMULTIO.MX": 126690.8962535858, "GNP.MX": 1471.5, "MONEXB.MX": 1485.899977684021, "AMXL.MX": 914.5, "FRAGUAB.MX": 651.0, "GRUMAB.MX": 496.1000061035156, "KUOB.MX": 260.0, "AXTELCPO.MX": 165.48000240325928, "IENOVA.MX": 66.33000183105469}, "pct": {"GFMULTIO.MX": 0.9583151371893001, "GNP.MX": 0.011130718670988506, "MONEXB.MX": 0.011239642966244605, "AMXL.MX": 0.006917459887610593, "FRAGUAB.MX": 0.004924293479316015, "GRUMAB.MX": 0.003752599116964942, "KUOB.MX": 0.001966691712169223, "AXTELCPO.MX": 0.0012517236509855117, "IENOVA.MX": 0.0005017333264204024}}