{"allocation": {"GFMULTIO.MX": 9536, "FRAGUAB.MX": 12, "GNP.MX": 24, "MONEXB.MX": 143, "Q.MX": 10, "BACHOCOB.MX": 11, "BSMXB.MX": 49, "AXTELCPO.MX": 92, "KUOB.MX": 7, "VALUEGFO.MX": 4, "AMXL.MX": 16, "ANB.MX": 1}, "qty": {"GFMULTIO.MX": 123014.39636230467, "FRAGUAB.MX": 2640.0, "GNP.MX": 2304.719970703125, "MONEXB.MX": 1457.169939994812, "Q.MX": 833.8999938964844, "BACHOCOB.MX": 770.3299865722656, "BSMXB.MX": 689.4299850463868, "AXTELCPO.MX": 646.7600193023682, "KUOB.MX": 333.82999038696283, "VALUEGFO.MX": 346.0400085449219, "AMXL.MX": 222.0800018310547, "ANB.MX": 1300.0}, "pct": {"GFMULTIO.MX": 0.9142064864701558, "FRAGUAB.MX": 0.019619696520502394, "GNP.MX": 0.01712799484467291, "MONEXB.MX": 0.01082925454602155, "Q.MX": 0.006197297276021902, "BACHOCOB.MX": 0.005724863847420657, "BSMXB.MX": 0.005123639044979021, "AXTELCPO.MX": 0.0048065285228434595, "KUOB.MX": 0.002480925416982743, "VALUEGFO.MX": 0.0025716666483346297, "AMXL.MX": 0.0016504326663628443, "ANB.MX": 0.009661214195701937}}