{"allocation": {"GFMULTIO.MX": 9336, "BAFARB.MX": 160, "GNP.MX": 43, "KUOB.MX": 15, "GMEXICOB.MX": 15, "BACHOCOB.MX": 9, "IENOVA.MX": 8, "FRAGUAB.MX": 1}, "qty": {"GFMULTIO.MX": 120434.39643859862, "BAFARB.MX": 6400.0, "GNP.MX": 1978.0, "KUOB.MX": 715.3499794006347, "GMEXICOB.MX": 712.1999931335449, "BACHOCOB.MX": 608.0399780273438, "IENOVA.MX": 503.5199890136718, "FRAGUAB.MX": 218.88999938964844}, "pct": {"GFMULTIO.MX": 0.9153608999777716, "BAFARB.MX": 0.048643161198922896, "GNP.MX": 0.015033777008042109, "KUOB.MX": 0.005437013181504882, "GMEXICOB.MX": 0.005413071729979188, "BACHOCOB.MX": 0.004621404166652128, "IENOVA.MX": 0.003827000623823738, "FRAGUAB.MX": 0.001663672113303563}}