{"allocation": {"GFMULTIO.MX": 7427, "ACCELSAB.MX": 855, "WMT.MX": 2, "GNP.MX": 103, "KUOB.MX": 57, "FRAGUAB.MX": 10, "SIMECB.MX": 27, "CMOCTEZ.MX": 15, "ORBIA.MX": 18, "TLEVISACPO.MX": 2}, "qty": {"GFMULTIO.MX": 95808.29716682433, "ACCELSAB.MX": 15390.0, "WMT.MX": 5710.0, "GNP.MX": 6231.5, "KUOB.MX": 2849.4300956726074, "FRAGUAB.MX": 2150.0, "SIMECB.MX": 1259.819995880127, "CMOCTEZ.MX": 705.0, "ORBIA.MX": 634.3200302124023, "TLEVISACPO.MX": 49.799999237060554}, "pct": {"GFMULTIO.MX": 0.732545605260897, "ACCELSAB.MX": 0.11767119548461222, "WMT.MX": 0.0436583837697944, "GNP.MX": 0.04764574754141397, "KUOB.MX": 0.021786604665862814, "FRAGUAB.MX": 0.016438795990377925, "SIMECB.MX": 0.00963252274273124, "CMOCTEZ.MX": 0.005390395894519273, "ORBIA.MX": 0.004849980264777695, "TLEVISACPO.MX": 0.00038076838501349523}}