{"allocation": {"GFMULTIO.MX": 8541, "ACCELSAB.MX": 439, "GNP.MX": 103, "BACHOCOB.MX": 25, "MONEXB.MX": 165, "ANB.MX": 1, "FRAGUAB.MX": 6, "AMXL.MX": 65, "GRUMAB.MX": 5, "DINEA.MX": 37, "FRES.MX": 2, "GFINBURO.MX": 10}, "qty": {"GFMULTIO.MX": 111033.0, "ACCELSAB.MX": 8736.099832534792, "GNP.MX": 4223.0, "BACHOCOB.MX": 2084.749984741211, "MONEXB.MX": 1980.0, "ANB.MX": 1566.25, "FRAGUAB.MX": 1470.0, "AMXL.MX": 987.9999876022339, "GRUMAB.MX": 976.1499786376952, "DINEA.MX": 429.20001411437994, "FRES.MX": 319.32000732421875, "GFINBURO.MX": 230.49999237060547}, "pct": {"GFMULTIO.MX": 0.8283802598199118, "ACCELSAB.MX": 0.06517713336654742, "GNP.MX": 0.031506397532440694, "BACHOCOB.MX": 0.015553625805116331, "MONEXB.MX": 0.014772121031075676, "ANB.MX": 0.011685269982283978, "FRAGUAB.MX": 0.010967180765495577, "AMXL.MX": 0.007371139088667407, "GRUMAB.MX": 0.007282730115615136, "DINEA.MX": 0.0032021184621399035, "FRES.MX": 0.0023823403009279446, "GFINBURO.MX": 0.0017196837297780826}}