{"allocation": {"GFMULTIO.MX": 6271, "ACCELSAB.MX": 1260, "WMT.MX": 3, "GNP.MX": 164, "BAFARB.MX": 139, "FRAGUAB.MX": 12, "AXTELCPO.MX": 436, "SIMECB.MX": 16, "BACHOCOB.MX": 11, "SORIANAB.MX": 33, "CREAL.MX": 23, "DINEA.MX": 43, "OMAB.MX": 4, "PE&OLES.MX": 1}, "qty": {"GFMULTIO.MX": 81523.0, "ACCELSAB.MX": 25073.999519348148, "WMT.MX": 6240.0, "GNP.MX": 6724.0, "BAFARB.MX": 5699.0, "FRAGUAB.MX": 2880.0, "AXTELCPO.MX": 1866.0800914764404, "SIMECB.MX": 988.4799804687501, "BACHOCOB.MX": 774.9499664306641, "SORIANAB.MX": 711.149974822998, "CREAL.MX": 482.7699947357178, "DINEA.MX": 464.83001804351807, "OMAB.MX": 517.0800170898438, "PE&OLES.MX": 177.44000244140625}, "pct": {"GFMULTIO.MX": 0.6078236692118216, "ACCELSAB.MX": 0.18694810531586967, "WMT.MX": 0.04652453535666949, "GNP.MX": 0.050133169188821415, "BAFARB.MX": 0.042490917788086446, "FRAGUAB.MX": 0.021472862472308996, "AXTELCPO.MX": 0.01391322262728729, "SIMECB.MX": 0.007369963429595886, "BACHOCOB.MX": 0.005777914601418793, "SORIANAB.MX": 0.005302231113388973, "CREAL.MX": 0.003599463091221321, "DINEA.MX": 0.0034657052258504763, "OMAB.MX": 0.003855273643801875, "PE&OLES.MX": 0.0013229669338578086}}