{"allocation": {"GFMULTIO.MX": 7548, "BAFARB.MX": 323, "ACCELSAB.MX": 494, "WMT.MX": 2, "GNP.MX": 66, "AXTELCPO.MX": 446, "CREAL.MX": 48, "VESTA.MX": 24, "BSMXB.MX": 22, "LABB.MX": 8, "SIMECB.MX": 2}, "qty": {"GFMULTIO.MX": 97369.19712066649, "BAFARB.MX": 13243.0, "ACCELSAB.MX": 8674.639736175537, "WMT.MX": 5400.0, "GNP.MX": 2706.0, "AXTELCPO.MX": 1271.0999574661255, "CREAL.MX": 844.3200073242188, "VESTA.MX": 658.3200073242188, "BSMXB.MX": 344.0800075531006, "LABB.MX": 150.9600067138672, "SIMECB.MX": 112.0}, "pct": {"GFMULTIO.MX": 0.7445630049170884, "BAFARB.MX": 0.10126660346082053, "ACCELSAB.MX": 0.066333255480538, "WMT.MX": 0.04129273266544067, "GNP.MX": 0.020692247146793047, "AXTELCPO.MX": 0.009719850136055875, "CREAL.MX": 0.006456348212318866, "VESTA.MX": 0.005034042976064798, "BSMXB.MX": 0.0026311118087801832, "LABB.MX": 0.0011543613334090458, "SIMECB.MX": 0.0008564418626906214}}