{"allocation": {"GFMULTIO.MX": 9195, "BAFARB.MX": 219, "AMXL.MX": 121, "GNP.MX": 33, "FRAGUAB.MX": 2, "GMEXICOB.MX": 5, "IENOVA.MX": 3, "AXTELCPO.MX": 24, "TMMA.MX": 5}, "qty": {"GFMULTIO.MX": 118615.49649238585, "BAFARB.MX": 8760.0, "AMXL.MX": 1766.6000461578371, "GNP.MX": 1448.700050354004, "FRAGUAB.MX": 456.0, "GMEXICOB.MX": 257.00000762939453, "IENOVA.MX": 224.2199935913086, "AXTELCPO.MX": 67.19999885559082, "TMMA.MX": 28.80000114440918}, "pct": {"GFMULTIO.MX": 0.9011690994186758, "BAFARB.MX": 0.0665532037916677, "AMXL.MX": 0.01342156311533243, "GNP.MX": 0.011006350420571834, "FRAGUAB.MX": 0.003464413348059414, "GMEXICOB.MX": 0.0019525312650935213, "IENOVA.MX": 0.0017034884620603637, "AXTELCPO.MX": 0.0005105451162826451, "TMMA.MX": 0.00021880506225617887}}