{"allocation": {"GFMULTIO.MX": 8828, "BAFARB.MX": 211, "GNP.MX": 36, "WMT.MX": 1, "MONEXB.MX": 171, "KUOB.MX": 35, "FRAGUAB.MX": 8, "GENTERA.MX": 155, "Q.MX": 9}, "qty": {"GFMULTIO.MX": 113881.19663238524, "BAFARB.MX": 8651.0, "GNP.MX": 3240.0, "WMT.MX": 3022.0, "MONEXB.MX": 2017.8000326156616, "KUOB.MX": 1679.2999839782715, "FRAGUAB.MX": 1748.0, "GENTERA.MX": 1112.8999733924866, "Q.MX": 774.3600082397461}, "pct": {"GFMULTIO.MX": 0.8365832461435834, "BAFARB.MX": 0.06355115573425596, "GNP.MX": 0.023801380716563323, "WMT.MX": 0.022199929791806905, "MONEXB.MX": 0.01482297123030224, "KUOB.MX": 0.012336314276538744, "FRAGUAB.MX": 0.012840991818689102, "GENTERA.MX": 0.008175480236471532, "Q.MX": 0.005688530051788676}}