{"allocation": {"BAFARB.MX": 1044, "ACCELSAB.MX": 1898, "GNP.MX": 144, "WMT.MX": 3, "KUOB.MX": 88, "FRES.MX": 12, "BACHOCOB.MX": 48, "FRAGUAB.MX": 11, "LABB.MX": 83, "MAXCOMA.MX": 563, "GRUMAB.MX": 1}, "qty": {"BAFARB.MX": 40716.0, "ACCELSAB.MX": 34164.0, "GNP.MX": 16560.0, "WMT.MX": 8789.25, "KUOB.MX": 4048.0, "FRES.MX": 3831.599853515625, "BACHOCOB.MX": 3188.159912109375, "FRAGUAB.MX": 2398.0, "LABB.MX": 1561.2299556732178, "MAXCOMA.MX": 681.2300214767457, "GRUMAB.MX": 225.6100006103516}, "pct": {"BAFARB.MX": 0.35050723594747407, "ACCELSAB.MX": 0.2941037726915587, "GNP.MX": 0.14255820383363224, "WMT.MX": 0.07566302494231596, "KUOB.MX": 0.034847560937110104, "FRES.MX": 0.032984661408598785, "BACHOCOB.MX": 0.027445552572747785, "FRAGUAB.MX": 0.020643392076875006, "LABB.MX": 0.01343998419396348, "MAXCOMA.MX": 0.005864428034980169, "GRUMAB.MX": 0.0019421833607437438}}