{"allocation": {"LAMOSA.MX": 772, "PASAB.MX": 589, "CYDSASAA.MX": 422, "VALUEGFO.MX": 112, "MEGACPO.MX": 130, "GCC.MX": 102, "GMD.MX": 215, "AUTLANB.MX": 118, "BBVA.MX": 10, "MFRISCOA-1.MX": 19, "KUOB.MX": 4, "AC.MX": 1, "AEROMEX.MX": 3, "PINFRA.MX": 1, "ALFAA.MX": 3}, "qty": {"LAMOSA.MX": 32061.159057617195, "PASAB.MX": 15019.5, "CYDSASAA.MX": 11596.55980682373, "VALUEGFO.MX": 10752.0, "MEGACPO.MX": 10234.900436401367, "GCC.MX": 9466.619750976564, "GMD.MX": 6376.8999671936035, "AUTLANB.MX": 2061.45991897583, "BBVA.MX": 1570.0999450683594, "MFRISCOA-1.MX": 226.85999202728271, "KUOB.MX": 160.0, "AC.MX": 127.61000061035156, "AEROMEX.MX": 95.34000205993652, "PINFRA.MX": 187.41000366210935, "ALFAA.MX": 62.310001373291016}, "pct": {"LAMOSA.MX": 0.3206156659770814, "PASAB.MX": 0.15019690917876205, "CYDSASAA.MX": 0.11596707214564973, "VALUEGFO.MX": 0.10752136672259725, "MEGACPO.MX": 0.10235030535635994, "GCC.MX": 0.09466740084339038, "GMD.MX": 0.0637698102609693, "AUTLANB.MX": 0.020614861228807277, "BBVA.MX": 0.015701199031326718, "MFRISCOA-1.MX": 0.0022686287572033998, "KUOB.MX": 0.0016000203381338878, "AC.MX": 0.0012761162270365021, "AEROMEX.MX": 0.0009534121395851574, "PINFRA.MX": 0.0018741238589320083, "ALFAA.MX": 0.0006231079341651007}}