{"allocation": {"VALUEGFO.MX": 188, "ORBIA.MX": 203, "LAMOSA.MX": 239, "CMOCTEZ.MX": 116, "ACCELSAB.MX": 781, "PASAB.MX": 360, "DINEA.MX": 590, "GFMULTIO.MX": 528, "GCC.MX": 28, "TS.MX": 7, "BAFARB.MX": 54, "ICHB.MX": 21, "TEAKCPO.MX": 22, "FRES.MX": 1, "OMAB.MX": 1}, "qty": {"VALUEGFO.MX": 21620.0, "ORBIA.MX": 13245.75, "LAMOSA.MX": 9560.0, "CMOCTEZ.MX": 9071.199645996094, "ACCELSAB.MX": 8848.72994041443, "PASAB.MX": 8280.0, "DINEA.MX": 7080.0, "GFMULTIO.MX": 6864.0, "GCC.MX": 3388.8399658203125, "TS.MX": 2810.709991455078, "BAFARB.MX": 2052.539909362793, "ICHB.MX": 1854.9300384521484, "TEAKCPO.MX": 343.20000839233404, "FRES.MX": 257.5, "OMAB.MX": 113.37000274658205}, "pct": {"VALUEGFO.MX": 0.22664666731094674, "ORBIA.MX": 0.13885777490906442, "LAMOSA.MX": 0.10021934040206526, "CMOCTEZ.MX": 0.0950951511691607, "ACCELSAB.MX": 0.09276295795233687, "PASAB.MX": 0.08680085131057534, "DINEA.MX": 0.07422101778730356, "GFMULTIO.MX": 0.07195664775311464, "GCC.MX": 0.03552586883919132, "TS.MX": 0.0294652198122513, "BAFARB.MX": 0.02151717529971275, "ICHB.MX": 0.019445592567536803, "TEAKCPO.MX": 0.0035978324756342026, "FRES.MX": 0.0026994226102020715, "OMAB.MX": 0.0011884798009040563}}