{"allocation": {"WMT.MX": 8, "CYDSASAA.MX": 515, "BACHOCOB.MX": 138, "GMD.MX": 387, "AUTLANB.MX": 534, "ALEATIC.MX": 268, "KUOB.MX": 146, "GCC.MX": 55, "FRES.MX": 16, "URBI.MX": 39, "GISSAA.MX": 111, "GFNORTEO.MX": 24, "AZTECACPO.MX": 721, "MONEXB.MX": 145, "CREAL.MX": 36, "GMEXICOB.MX": 10, "VITROA.MX": 5, "TLEVISACPO.MX": 4, "VALUEGFO.MX": 3, "BSMXB.MX": 8, "CEMEXCPO.MX": 14, "CMOCTEZ.MX": 2, "TMMA.MX": 14, "PE&OLES.MX": 1, "GRUMAB.MX": 1}, "qty": {"WMT.MX": 16061.440429687498, "CYDSASAA.MX": 16356.400117874147, "BACHOCOB.MX": 13199.700210571289, "GMD.MX": 11029.5, "AUTLANB.MX": 9409.080448150635, "ALEATIC.MX": 8482.199897766115, "KUOB.MX": 6146.599777221679, "GCC.MX": 5761.800117492677, "FRES.MX": 5592.0, "URBI.MX": 5083.681777954102, "GISSAA.MX": 3778.440101623535, "GFNORTEO.MX": 2869.920043945312, "AZTECACPO.MX": 2422.55992436409, "MONEXB.MX": 2232.999944686889, "CREAL.MX": 900.0, "GMEXICOB.MX": 659.8000335693359, "VITROA.MX": 349.00001525878906, "TLEVISACPO.MX": 308.0799865722656, "VALUEGFO.MX": 285.0, "BSMXB.MX": 234.39999389648438, "CEMEXCPO.MX": 216.7199935913086, "CMOCTEZ.MX": 149.16000366210938, "TMMA.MX": 76.5799970626831, "PE&OLES.MX": 431.3500061035156, "GRUMAB.MX": 222.3000030517578}, "pct": {"WMT.MX": 0.1430752235227705, "CYDSASAA.MX": 0.1457027228122805, "BACHOCOB.MX": 0.11758285729904441, "GMD.MX": 0.09825072569005572, "AUTLANB.MX": 0.08381603718272945, "ALEATIC.MX": 0.07555939030814064, "KUOB.MX": 0.05475387720552743, "GCC.MX": 0.051326083940768284, "FRES.MX": 0.04981350542262039, "URBI.MX": 0.04528540948014898, "GISSAA.MX": 0.033658323764533316, "GFNORTEO.MX": 0.025565232058575957, "AZTECACPO.MX": 0.021580150559537454, "MONEXB.MX": 0.01989155129709789, "CREAL.MX": 0.008017195078747917, "GMEXICOB.MX": 0.005877495091210878, "VITROA.MX": 0.003108890227573013, "TLEVISACPO.MX": 0.002744374835786547, "VALUEGFO.MX": 0.002538778441603507, "BSMXB.MX": 0.0020880338639171513, "CEMEXCPO.MX": 0.0019305405178739103, "CMOCTEZ.MX": 0.0013287164970065383, "TMMA.MX": 0.0006821741950905255, "PE&OLES.MX": 0.0038424634957233213, "GRUMAB.MX": 0.001980247211635777}}