{"allocation": {"VALUEGFO.MX": 201, "PASAB.MX": 650, "ALPEKA.MX": 562, "CMOCTEZ.MX": 163, "MEGACPO.MX": 115, "CYDSASAA.MX": 260, "AXTELCPO.MX": 2038, "AMXL.MX": 246, "KUOB.MX": 89, "BBVA.MX": 13, "GISSAA.MX": 46, "GMD.MX": 50, "HOMEX.MX": 2129, "AEROMEX.MX": 36, "LABB.MX": 32, "GFNORTEO.MX": 6, "TEAKCPO.MX": 35, "CERAMICB.MX": 10, "BIMBOA.MX": 10, "ACCELSAB.MX": 20, "GENTERA.MX": 10, "GNP.MX": 4, "GFMULTIO.MX": 15, "GBMO.MX": 11, "TMMA.MX": 16, "MEDICAB.MX": 2, "TLEVISACPO.MX": 1, "OMAB.MX": 1}, "qty": {"VALUEGFO.MX": 19296.0, "PASAB.MX": 16250.0, "ALPEKA.MX": 13178.900428771973, "CMOCTEZ.MX": 12060.369651794434, "MEGACPO.MX": 9201.150245666504, "CYDSASAA.MX": 7800.0, "AXTELCPO.MX": 7703.639941692352, "AMXL.MX": 4169.7001876831055, "KUOB.MX": 3764.6999320983887, "BBVA.MX": 2184.0, "GISSAA.MX": 1548.8199157714844, "GMD.MX": 1425.0, "HOMEX.MX": 1332.7539725899696, "AEROMEX.MX": 1029.240005493164, "LABB.MX": 656.6400146484375, "GFNORTEO.MX": 646.980010986328, "TEAKCPO.MX": 591.4999866485596, "CERAMICB.MX": 525.0, "BIMBOA.MX": 435.09998321533203, "ACCELSAB.MX": 206.00000381469727, "GENTERA.MX": 163.89999389648438, "GNP.MX": 136.0, "GFMULTIO.MX": 150.0, "GBMO.MX": 146.3000020980835, "TMMA.MX": 87.68000030517578, "MEDICAB.MX": 81.94000244140625, "TLEVISACPO.MX": 73.58000183105469, "OMAB.MX": 101.66999816894533}, "pct": {"VALUEGFO.MX": 0.18386499960673724, "PASAB.MX": 0.1548407049963454, "ALPEKA.MX": 0.12557724513647328, "CMOCTEZ.MX": 0.11491914704002329, "MEGACPO.MX": 0.08767462097331065, "CYDSASAA.MX": 0.07432353839824578, "AXTELCPO.MX": 0.0734053562836707, "AMXL.MX": 0.03973165025749204, "KUOB.MX": 0.03587254102066511, "BBVA.MX": 0.020810590751508817, "GISSAA.MX": 0.014758176472026888, "GMD.MX": 0.013578338745833364, "HOMEX.MX": 0.012699357827846822, "AEROMEX.MX": 0.009807276803754088, "LABB.MX": 0.006256898633659976, "GFNORTEO.MX": 0.006164851755056388, "TEAKCPO.MX": 0.005636201534645652, "CERAMICB.MX": 0.005002545853728082, "BIMBOA.MX": 0.00414591927045908, "ACCELSAB.MX": 0.0019629037427641577, "GENTERA.MX": 0.0015617471140817443, "GNP.MX": 0.0012958975925847984, "GFMULTIO.MX": 0.0014292988153508804, "GBMO.MX": 0.0013940427978974804, "TMMA.MX": 0.0008354728037743505, "MEDICAB.MX": 0.000780778322795668, "TLEVISACPO.MX": 0.0007011187296709472, "OMAB.MX": 0.0009687787195973316}}