{"allocation": {"HERDEZ.MX": 546, "BACHOCOB.MX": 210, "GCC.MX": 113, "ALEATIC.MX": 399, "CREAL.MX": 229, "CYDSASAA.MX": 198, "FRAGUAB.MX": 20, "MEGACPO.MX": 47, "CMOCTEZ.MX": 44, "ICHB.MX": 25, "MONEXB.MX": 126, "BOLSAA.MX": 36, "GFNORTEO.MX": 9, "LAMOSA.MX": 19, "ACCELSAB.MX": 47, "DINEA.MX": 44, "TLEVISACPO.MX": 5, "GBMO.MX": 23, "OMAB.MX": 3, "AZTECACPO.MX": 100, "TMMA.MX": 70, "MEDICAB.MX": 4, "GAPB.MX": 1, "FEMSAUBD.MX": 1, "ASURB.MX": 1, "BIMBOA.MX": 2, "BSMXB.MX": 1}, "qty": {"HERDEZ.MX": 24444.420249938965, "BACHOCOB.MX": 20233.49967956543, "GCC.MX": 12300.049827575684, "ALEATIC.MX": 11160.02972602844, "CREAL.MX": 6283.760122299194, "CYDSASAA.MX": 6237.0, "FRAGUAB.MX": 4820.0, "MEGACPO.MX": 4042.0, "CMOCTEZ.MX": 3344.0, "ICHB.MX": 2322.9999542236333, "MONEXB.MX": 2014.7399711608887, "BOLSAA.MX": 1298.8800659179688, "GFNORTEO.MX": 1053.1799697875977, "LAMOSA.MX": 743.0900115966797, "ACCELSAB.MX": 486.91998386383057, "DINEA.MX": 484.0, "TLEVISACPO.MX": 335.60001373291016, "GBMO.MX": 305.90000438690186, "OMAB.MX": 297.12000274658203, "AZTECACPO.MX": 292.00000762939453, "TMMA.MX": 280.0, "MEDICAB.MX": 159.60000610351562, "GAPB.MX": 194.5399932861328, "FEMSAUBD.MX": 180.77999877929688, "ASURB.MX": 336.3299865722656, "BIMBOA.MX": 87.05999755859376, "BSMXB.MX": 27.71999931335449}, "pct": {"HERDEZ.MX": 0.23557431238278997, "BACHOCOB.MX": 0.19499307921295161, "GCC.MX": 0.11853730834186714, "ALEATIC.MX": 0.10755077445075467, "CREAL.MX": 0.060557479165116425, "CYDSASAA.MX": 0.060106845296735135, "FRAGUAB.MX": 0.0464510172086361, "MEGACPO.MX": 0.03895332189985625, "CMOCTEZ.MX": 0.03222659783105376, "ICHB.MX": 0.02238707693968939, "MONEXB.MX": 0.01941633217247333, "BOLSAA.MX": 0.012517489687533186, "GFNORTEO.MX": 0.010149643340330819, "LAMOSA.MX": 0.007161262845693562, "ACCELSAB.MX": 0.004692516296615686, "DINEA.MX": 0.004664376001863044, "TLEVISACPO.MX": 0.003234224484051021, "GBMO.MX": 0.00294800132114063, "OMAB.MX": 0.002863387211745122, "AZTECACPO.MX": 0.0028140450994429207, "TMMA.MX": 0.0026983993399207692, "MEDICAB.MX": 0.0015380876825752763, "GAPB.MX": 0.0018748092481124703, "FEMSAUBD.MX": 0.0017422022477747577, "ASURB.MX": 0.003241259334864867, "BIMBOA.MX": 0.00083900942837719, "BSMXB.MX": 0.0002671415280348569}}