{"allocation": {"CYDSASAA.MX": 1160, "TEAKCPO.MX": 1387, "WMT.MX": 11, "URBI.MX": 45, "AUTLANB.MX": 296, "MONEXB.MX": 268, "BAFARB.MX": 76, "AZTECACPO.MX": 771, "OMAB.MX": 18, "GCC.MX": 10, "GFNORTEO.MX": 6, "GAPB.MX": 4, "BBVA.MX": 3, "TLEVISACPO.MX": 5, "VITROA.MX": 4, "BSMXB.MX": 2, "HOMEX.MX": 31}, "qty": {"CYDSASAA.MX": 38280.0, "TEAKCPO.MX": 26353.0, "WMT.MX": 18703.629516601562, "URBI.MX": 5917.619476318359, "AUTLANB.MX": 5446.399887084962, "MONEXB.MX": 3886.0, "BAFARB.MX": 2913.8289947509766, "AZTECACPO.MX": 2120.25, "OMAB.MX": 1657.9800109863281, "GCC.MX": 996.6999816894532, "GFNORTEO.MX": 678.9600219726562, "GAPB.MX": 728.47998046875, "BBVA.MX": 466.74000549316406, "TLEVISACPO.MX": 322.55001068115234, "VITROA.MX": 271.4800109863281, "BSMXB.MX": 53.22000122070312, "HOMEX.MX": 14.539000362157822}, "pct": {"CYDSASAA.MX": 0.35180144844290356, "TEAKCPO.MX": 0.24218974845391425, "WMT.MX": 0.17189038545140736, "URBI.MX": 0.05438419809568274, "AUTLANB.MX": 0.050053588533849426, "MONEXB.MX": 0.03571317734193112, "BAFARB.MX": 0.02677871632362391, "AZTECACPO.MX": 0.019485554364186686, "OMAB.MX": 0.01523719355680176, "GCC.MX": 0.009159887597214344, "GFNORTEO.MX": 0.0062397889019019355, "GAPB.MX": 0.006694887990871587, "BBVA.MX": 0.004289441222015253, "TLEVISACPO.MX": 0.0029643041001280934, "VITROA.MX": 0.002494959798544556, "BSMXB.MX": 0.0004891032788813075, "HOMEX.MX": 0.0001336165461420852}}