{"allocation": {"KUOB.MX": 823, "BACHOCOB.MX": 193, "CYDSASAA.MX": 430, "ALEATIC.MX": 386, "HERDEZ.MX": 179, "CREAL.MX": 300, "MONEXB.MX": 208, "GFINBURO.MX": 69, "TMMA.MX": 349, "CMOCTEZ.MX": 17, "LAMOSA.MX": 22, "GFNORTEO.MX": 1, "ICHB.MX": 1, "BBVA.MX": 1, "AZTECACPO.MX": 12, "MFRISCOA-1.MX": 3, "DINEA.MX": 2, "AC.MX": 1}, "qty": {"KUOB.MX": 34566.0, "BACHOCOB.MX": 18392.900588989254, "CYDSASAA.MX": 13545.0, "ALEATIC.MX": 13178.039764404297, "HERDEZ.MX": 8232.210300445557, "CREAL.MX": 7836.0002517700195, "MONEXB.MX": 2912.0, "GFINBURO.MX": 2076.2100105285645, "TMMA.MX": 1294.7900133132935, "CMOCTEZ.MX": 1261.3999481201172, "LAMOSA.MX": 919.3800201416016, "GFNORTEO.MX": 111.12999725341795, "ICHB.MX": 76.5199966430664, "BBVA.MX": 142.00999450683594, "AZTECACPO.MX": 31.07999897003174, "MFRISCOA-1.MX": 32.09999942779541, "DINEA.MX": 21.899999618530273, "AC.MX": 125.70999908447266}, "pct": {"KUOB.MX": 0.32997188001650407, "BACHOCOB.MX": 0.17558120657019757, "CYDSASAA.MX": 0.12930246817171637, "ALEATIC.MX": 0.12579941433757838, "HERDEZ.MX": 0.07858583317506365, "CREAL.MX": 0.07480355652624986, "MONEXB.MX": 0.027798360082394835, "GFINBURO.MX": 0.01981979171680831, "TMMA.MX": 0.012360246916611172, "CMOCTEZ.MX": 0.012041500675053976, "LAMOSA.MX": 0.008776530512519112, "GFNORTEO.MX": 0.0010608625273372462, "ICHB.MX": 0.0007304706113281607, "BBVA.MX": 0.0013556473085851435, "AZTECACPO.MX": 0.00029669402566256963, "MFRISCOA-1.MX": 0.0003064310929733946, "DINEA.MX": 0.00020906046538468888, "AC.MX": 0.001200045268031489}}