{"allocation": {"ACCELSAB.MX": 4530, "AUTLANB.MX": 1182, "TS.MX": 47, "SIMECB.MX": 2, "LAMOSA.MX": 1, "IENOVA.MX": 1}, "qty": {"ACCELSAB.MX": 63646.50086402893, "AUTLANB.MX": 16536.17972946167, "TS.MX": 14711.0, "SIMECB.MX": 110.30000305175781, "LAMOSA.MX": 40.0, "IENOVA.MX": 79.62999725341797}, "pct": {"ACCELSAB.MX": 0.6690925677308146, "AUTLANB.MX": 0.17383885689616796, "TS.MX": 0.15465140471612304, "SIMECB.MX": 0.0011595439067464486, "LAMOSA.MX": 0.0004205054849191028, "IENOVA.MX": 0.0008371212652288837}}