{"allocation": {"VALUEGFO.MX": 167, "ALPEKA.MX": 446, "BACHOCOB.MX": 127, "FRES.MX": 23, "CMOCTEZ.MX": 95, "LAMOSA.MX": 127, "CERAMICB.MX": 91, "IENOVA.MX": 56, "GFINBURO.MX": 150, "GFMULTIO.MX": 281, "CYDSASAA.MX": 120, "ARA.MX": 513, "AUTLANB.MX": 184, "BBVA.MX": 12, "GNP.MX": 41, "GFNORTEO.MX": 7, "GCARSOA1.MX": 4, "BIMBOA.MX": 3, "MEDICAB.MX": 2, "DINEA.MX": 4}, "qty": {"VALUEGFO.MX": 20374.0, "ALPEKA.MX": 13268.5, "BACHOCOB.MX": 11569.699806213379, "FRES.MX": 7958.0, "CMOCTEZ.MX": 7170.600318908691, "LAMOSA.MX": 5031.739864349365, "CERAMICB.MX": 4641.0, "IENOVA.MX": 4667.039794921875, "GFINBURO.MX": 4225.500011444092, "GFMULTIO.MX": 3653.0, "CYDSASAA.MX": 3347.9999542236333, "ARA.MX": 3303.7200293540955, "AUTLANB.MX": 3242.0801544189453, "BBVA.MX": 1651.3200073242188, "GNP.MX": 1476.0, "GFNORTEO.MX": 743.3999786376954, "GCARSOA1.MX": 248.67999267578125, "BIMBOA.MX": 114.18000411987305, "MEDICAB.MX": 77.0, "DINEA.MX": 44.0}, "pct": {"VALUEGFO.MX": 0.21045898753622952, "ALPEKA.MX": 0.13706071837265443, "BACHOCOB.MX": 0.11951248195316475, "FRES.MX": 0.08220440869801289, "CMOCTEZ.MX": 0.07407074129500774, "LAMOSA.MX": 0.05197677811900718, "CERAMICB.MX": 0.04794052032765491, "IENOVA.MX": 0.0482095057441126, "GFINBURO.MX": 0.04364849583993569, "GFMULTIO.MX": 0.03773469527190765, "CYDSASAA.MX": 0.0345841111532958, "ARA.MX": 0.03412670916270862, "AUTLANB.MX": 0.033489982664686065, "BBVA.MX": 0.017057776422880838, "GNP.MX": 0.015246758888950367, "GFNORTEO.MX": 0.007679160049010702, "GCARSOA1.MX": 0.0025688102227869785, "BIMBOA.MX": 0.0011794546021375771, "MEDICAB.MX": 0.0007953932482718009, "DINEA.MX": 0.0004545104275838863}}