{"allocation": {"GFMULTIO.MX": 2458, "ACCELSAB.MX": 2053, "TS.MX": 58, "IENOVA.MX": 73, "MEGACPO.MX": 63, "TMMA.MX": 351, "LAMOSA.MX": 44, "CREAL.MX": 1, "ARA.MX": 3, "HERDEZ.MX": 1}, "qty": {"GFMULTIO.MX": 31954.0, "ACCELSAB.MX": 27736.03046989441, "TS.MX": 18154.0, "IENOVA.MX": 6788.269844055175, "MEGACPO.MX": 6065.639923095703, "TMMA.MX": 2551.7699933052063, "LAMOSA.MX": 1760.0, "CREAL.MX": 25.68000030517578, "ARA.MX": 20.280000686645508, "HERDEZ.MX": 42.33000183105469}, "pct": {"GFMULTIO.MX": 0.3360112717580929, "ACCELSAB.MX": 0.2916573471775188, "TS.MX": 0.19089781021144203, "IENOVA.MX": 0.07138183586837611, "MEGACPO.MX": 0.0637830438939115, "TMMA.MX": 0.026833056289811058, "LAMOSA.MX": 0.018507224081311995, "CREAL.MX": 0.0002700372273045731, "ARA.MX": 0.0002132537028846077, "HERDEZ.MX": 0.00044511978934640693}}