{"allocation": {"GFMULTIO.MX": 1569, "ALPEKA.MX": 689, "ACCELSAB.MX": 1449, "WMT.MX": 7, "ALEATIC.MX": 172, "BAFARB.MX": 120, "PASAB.MX": 185, "TEAKCPO.MX": 209, "VALUEGFO.MX": 29, "CMOCTEZ.MX": 21, "FRES.MX": 1, "SIMECB.MX": 1}, "qty": {"GFMULTIO.MX": 20397.0, "ALPEKA.MX": 19422.9103679657, "ACCELSAB.MX": 17431.469613075256, "WMT.MX": 12852.0, "ALEATIC.MX": 4984.559921264648, "BAFARB.MX": 4620.0, "PASAB.MX": 4440.0, "TEAKCPO.MX": 2928.0900478363037, "VALUEGFO.MX": 2842.0, "CMOCTEZ.MX": 1641.150032043457, "FRES.MX": 240.0, "SIMECB.MX": 54.36000061035156}, "pct": {"GFMULTIO.MX": 0.22206003169633293, "ALPEKA.MX": 0.21145521850985421, "ACCELSAB.MX": 0.18977460875585409, "WMT.MX": 0.13991839620342553, "ALEATIC.MX": 0.054266388886027285, "BAFARB.MX": 0.050297462687505914, "PASAB.MX": 0.04833782128409659, "TEAKCPO.MX": 0.0318778138369489, "VALUEGFO.MX": 0.03094056038049606, "CMOCTEZ.MX": 0.017867030844438293, "FRES.MX": 0.0026128552045457617, "SIMECB.MX": 0.0005918117104744494}}