{"allocation": {"VALUEGFO.MX": 184, "FRES.MX": 37, "CMOCTEZ.MX": 151, "LAMOSA.MX": 223, "TS.MX": 14, "GCC.MX": 41, "ORBIA.MX": 82, "PASAB.MX": 197, "GFMULTIO.MX": 318, "SIMECB.MX": 59, "ICHB.MX": 34, "ARA.MX": 393, "TEAKCPO.MX": 147, "DINEA.MX": 134, "OMAB.MX": 11, "AUTLANB.MX": 65, "ACCELSAB.MX": 94, "MONEXB.MX": 58, "BAFARB.MX": 11, "GFINBURO.MX": 14, "GBMO.MX": 27}, "qty": {"VALUEGFO.MX": 21160.0, "FRES.MX": 12580.0, "CMOCTEZ.MX": 11844.440368652344, "LAMOSA.MX": 9031.5, "TS.MX": 5621.419982910156, "GCC.MX": 5282.850250244141, "ORBIA.MX": 4709.260025024414, "PASAB.MX": 4527.059909820557, "GFMULTIO.MX": 4134.0, "SIMECB.MX": 3654.4599189758296, "ICHB.MX": 2808.399948120117, "ARA.MX": 2656.6800899505615, "TEAKCPO.MX": 2381.4001121520996, "DINEA.MX": 1541.0, "OMAB.MX": 1139.2699966430664, "AUTLANB.MX": 1099.8000049591064, "ACCELSAB.MX": 1015.2000179290771, "MONEXB.MX": 812.0, "BAFARB.MX": 418.0, "GFINBURO.MX": 389.19998931884766, "GBMO.MX": 359.1000051498413}, "pct": {"VALUEGFO.MX": 0.21777379873473912, "FRES.MX": 0.1294704342194243, "CMOCTEZ.MX": 0.12190022556561979, "LAMOSA.MX": 0.09295009750816619, "TS.MX": 0.057854347068134075, "GCC.MX": 0.05436986612204318, "ORBIA.MX": 0.048466608926239094, "PASAB.MX": 0.0465914477155656, "GFMULTIO.MX": 0.04254616653919714, "SIMECB.MX": 0.03761085155383806, "ICHB.MX": 0.028903399105319576, "ARA.MX": 0.02734193361112865, "TEAKCPO.MX": 0.0245088161025849, "DINEA.MX": 0.015859613603508176, "OMAB.MX": 0.011725101840901421, "AUTLANB.MX": 0.011318885866182871, "ACCELSAB.MX": 0.010448202475424877, "MONEXB.MX": 0.008356915149934224, "BAFARB.MX": 0.00430195878407944, "GFINBURO.MX": 0.004005555772281916, "GBMO.MX": 0.003695773735687397}}