{"allocation": {"TS.MX": 56, "ACCELSAB.MX": 1207, "WMT.MX": 7, "GFMULTIO.MX": 917, "BAFARB.MX": 227, "VALUEGFO.MX": 60, "HERDEZ.MX": 114, "FRAGUAB.MX": 18, "GCARSOA1.MX": 66, "MEDICAB.MX": 107, "GRUMAB.MX": 5, "MEGACPO.MX": 8, "CEMEXCPO.MX": 47, "GFINBURO.MX": 14, "HOMEX.MX": 1561}, "qty": {"TS.MX": 17528.0, "ACCELSAB.MX": 17139.39976978302, "WMT.MX": 13923.0, "GFMULTIO.MX": 11921.0, "BAFARB.MX": 8966.5, "VALUEGFO.MX": 7200.0, "HERDEZ.MX": 4764.060104370117, "FRAGUAB.MX": 4770.0, "GCARSOA1.MX": 4311.119979858398, "MEDICAB.MX": 3690.4301795959473, "GRUMAB.MX": 1114.499969482422, "MEGACPO.MX": 745.3599853515626, "CEMEXCPO.MX": 492.090012550354, "GFINBURO.MX": 383.88000106811523, "HOMEX.MX": 330.9319960922002}, "pct": {"TS.MX": 0.1801804172621243, "ACCELSAB.MX": 0.1761857714594855, "WMT.MX": 0.14312254390350052, "GFMULTIO.MX": 0.12254283170822593, "BAFARB.MX": 0.09217182287658818, "VALUEGFO.MX": 0.07401295095203646, "HERDEZ.MX": 0.04897252039406933, "FRAGUAB.MX": 0.04903358000572416, "GCARSOA1.MX": 0.04431648772466723, "MEDICAB.MX": 0.037936059426993046, "GRUMAB.MX": 0.0114565877190762, "MEGACPO.MX": 0.0076619850051994195, "CEMEXCPO.MX": 0.005058476939288383, "GFINBURO.MX": 0.00394612384590585, "HOMEX.MX": 0.003401840777115491}}