{"allocation": {"ACCELSAB.MX": 2731, "TS.MX": 66, "GFMULTIO.MX": 1284, "FRAGUAB.MX": 43, "KUOB.MX": 114, "TMMA.MX": 282, "HOMEX.MX": 71}, "qty": {"ACCELSAB.MX": 39053.30052089691, "TS.MX": 20658.0, "GFMULTIO.MX": 16692.0, "FRAGUAB.MX": 11610.0, "KUOB.MX": 5527.860191345215, "TMMA.MX": 2253.1799354553223, "HOMEX.MX": 10.579000279307362}, "pct": {"ACCELSAB.MX": 0.40763356061873857, "TS.MX": 0.21562567012117173, "GFMULTIO.MX": 0.1742290485846935, "FRAGUAB.MX": 0.12118375593507619, "KUOB.MX": 0.05769912663834643, "TMMA.MX": 0.02351841579466223, "HOMEX.MX": 0.00011042230731134248}}