{"allocation": {"GAPB.MX": 130, "BACHOCOB.MX": 285, "GNP.MX": 453, "BAFARB.MX": 249, "ANB.MX": 5, "VOLARA.MX": 311, "GISSAA.MX": 125, "LALAB.MX": 127, "GFMULTIO.MX": 174, "PE&OLES.MX": 8, "GCARSOA1.MX": 24, "ACCELSAB.MX": 68, "GMEXICOB.MX": 20, "VALUEGFO.MX": 11, "FRAGUAB.MX": 3, "BOLSAA.MX": 17, "PINFRA.MX": 3, "CULTIBAB.MX": 44, "ICHB.MX": 3, "BSMXB.MX": 7, "HOMEX.MX": 2106, "MEDICAB.MX": 2}, "qty": {"GAPB.MX": 26218.399047851562, "BACHOCOB.MX": 24618.29921722412, "GNP.MX": 18573.0, "BAFARB.MX": 10333.5, "ANB.MX": 7742.9998779296875, "VOLARA.MX": 6493.679738998413, "GISSAA.MX": 2998.7499713897705, "LALAB.MX": 2391.4099903106685, "GFMULTIO.MX": 2262.0, "PE&OLES.MX": 1846.7199707031252, "GCARSOA1.MX": 1545.6000366210938, "ACCELSAB.MX": 1366.8000259399414, "GMEXICOB.MX": 1013.3999633789062, "VALUEGFO.MX": 935.0, "FRAGUAB.MX": 690.0, "BOLSAA.MX": 717.0600051879883, "PINFRA.MX": 533.8200073242188, "CULTIBAB.MX": 528.0, "ICHB.MX": 247.58999633789062, "BSMXB.MX": 180.80999946594235, "HOMEX.MX": 172.6920047700405, "MEDICAB.MX": 43.0}, "pct": {"GAPB.MX": 0.23524274489175165, "BACHOCOB.MX": 0.22088596149049852, "GNP.MX": 0.16664493865168056, "BAFARB.MX": 0.09271660332510316, "ANB.MX": 0.06947352283624417, "VOLARA.MX": 0.058264085593552555, "GISSAA.MX": 0.026906073602217043, "LALAB.MX": 0.021456758258027103, "GFMULTIO.MX": 0.020295636204711216, "PE&OLES.MX": 0.016569565295033416, "GCARSOA1.MX": 0.013867787825486318, "ACCELSAB.MX": 0.012263517281638773, "GMEXICOB.MX": 0.009092660029445601, "VALUEGFO.MX": 0.008389221861805919, "FRAGUAB.MX": 0.006190976561118806, "BOLSAA.MX": 0.006433770558021109, "PINFRA.MX": 0.004789662540870301, "CULTIBAB.MX": 0.004737442933725695, "ICHB.MX": 0.0022214838610077853, "BSMXB.MX": 0.001622305027115294, "HOMEX.MX": 0.00154946688959991, "MEDICAB.MX": 0.000385814481345085}}