{"allocation": {"ACCELSAB.MX": 1812, "SIMECB.MX": 280, "BAFARB.MX": 401, "TS.MX": 63, "FRAGUAB.MX": 42, "MEDICAB.MX": 157, "FRES.MX": 10, "MEGACPO.MX": 22, "CEMEXCPO.MX": 191, "BBVA.MX": 10, "CYDSASAA.MX": 21, "ASURB.MX": 1, "GFNORTEO.MX": 1, "OMAB.MX": 1}, "qty": {"ACCELSAB.MX": 36058.79930877686, "SIMECB.MX": 16520.0, "BAFARB.MX": 16240.5, "TS.MX": 15849.540115356445, "FRAGUAB.MX": 10920.0, "MEDICAB.MX": 4694.299940109254, "FRES.MX": 2200.0, "MEGACPO.MX": 1937.1000671386719, "CEMEXCPO.MX": 1806.8600072860718, "BBVA.MX": 1184.000015258789, "CYDSASAA.MX": 557.1300144195557, "ASURB.MX": 326.9700012207031, "GFNORTEO.MX": 104.8499984741211, "OMAB.MX": 109.8499984741211}, "pct": {"ACCELSAB.MX": 0.33230884450228765, "SIMECB.MX": 0.15224417386081865, "BAFARB.MX": 0.14966837200887562, "TS.MX": 0.14606538383391926, "FRAGUAB.MX": 0.10063597933172759, "MEDICAB.MX": 0.04326149008697481, "FRES.MX": 0.02027464785071435, "MEGACPO.MX": 0.017851828051287134, "CEMEXCPO.MX": 0.016651568346938303, "BBVA.MX": 0.01091144698391471, "CYDSASAA.MX": 0.005134370386099953, "ASURB.MX": 0.0030132734693169984, "GFNORTEO.MX": 0.0009662712710048827, "OMAB.MX": 0.0010123500161201425}}