{"allocation": {"BAFARB.MX": 633, "ACCELSAB.MX": 1266, "GNP.MX": 565, "BACHOCOB.MX": 150, "WMT.MX": 2, "ICHB.MX": 64, "GCARSOA1.MX": 41, "POCHTECB.MX": 263, "ALFAA.MX": 93, "GAPB.MX": 6, "MONEXB.MX": 88, "CYDSASAA.MX": 13, "MEDICAB.MX": 12, "LABB.MX": 11, "BOLSAA.MX": 4, "CREAL.MX": 7, "FRAGUAB.MX": 1, "CHDRAUIB.MX": 5, "KUOB.MX": 3, "VALUEGFO.MX": 1, "OMAB.MX": 1, "AZTECACPO.MX": 41, "RCENTROA.MX": 7, "PINFRA.MX": 1, "FEMSAUBD.MX": 1, "MEGACPO.MX": 1}, "qty": {"BAFARB.MX": 26269.5, "ACCELSAB.MX": 26155.55980682373, "GNP.MX": 22600.0, "BACHOCOB.MX": 13747.500228881836, "WMT.MX": 4606.0, "ICHB.MX": 4376.31982421875, "GCARSOA1.MX": 2363.650062561035, "POCHTECB.MX": 1838.3699398040771, "ALFAA.MX": 1592.160078048706, "GAPB.MX": 1147.1999816894531, "MONEXB.MX": 1056.0, "CYDSASAA.MX": 318.5, "MEDICAB.MX": 240.0, "LABB.MX": 184.69001007080078, "BOLSAA.MX": 147.47999572753906, "CREAL.MX": 155.6099967956543, "FRAGUAB.MX": 220.0, "CHDRAUIB.MX": 140.3499984741211, "KUOB.MX": 140.12999725341797, "VALUEGFO.MX": 99.5, "OMAB.MX": 117.75, "AZTECACPO.MX": 45.510000586509705, "RCENTROA.MX": 39.619998931884766, "PINFRA.MX": 167.77999877929688, "FEMSAUBD.MX": 183.30999755859372, "MEGACPO.MX": 81.81999969482422}, "pct": {"BAFARB.MX": 0.24315886333193226, "ACCELSAB.MX": 0.24210419659443966, "GNP.MX": 0.20919280196812537, "BACHOCOB.MX": 0.12725124305032018, "WMT.MX": 0.042634603799344487, "ICHB.MX": 0.04050861089986611, "GCARSOA1.MX": 0.021878698206162735, "POCHTECB.MX": 0.017016537998300392, "ALFAA.MX": 0.014737541057911415, "GAPB.MX": 0.010618848610061895, "MONEXB.MX": 0.009774672516740725, "CYDSASAA.MX": 0.0029481374967631827, "MEDICAB.MX": 0.0022215164810774376, "LABB.MX": 0.0017095495885943411, "BOLSAA.MX": 0.0013651218380748254, "CREAL.MX": 0.0014403757187581385, "FRAGUAB.MX": 0.0020363901076543177, "CHDRAUIB.MX": 0.0012991243113727217, "KUOB.MX": 0.0012970879099658502, "VALUEGFO.MX": 0.000921003707780021, "OMAB.MX": 0.0010899315235286177, "AZTECACPO.MX": 0.00042125506815322985, "RCENTROA.MX": 0.0003667353358643853, "PINFRA.MX": 0.0015530251353473349, "FEMSAUBD.MX": 0.0016967757530111699, "MEGACPO.MX": 0.0007573519908491788}}