{"allocation": {"VESTA.MX": 853, "BACHOCOB.MX": 262, "TS.MX": 69, "LABB.MX": 746, "PINFRA.MX": 68, "ACCELSAB.MX": 505, "ANB.MX": 4, "GCARSOA1.MX": 22, "GRUMAB.MX": 4, "FEMSAUBD.MX": 4}, "qty": {"VESTA.MX": 28123.411041259766, "BACHOCOB.MX": 22188.780639648438, "TS.MX": 14866.049789428711, "LABB.MX": 13599.5796585083, "PINFRA.MX": 12711.920166015625, "ACCELSAB.MX": 10150.500192642212, "ANB.MX": 6210.1201171875, "GCARSOA1.MX": 1437.9200134277344, "GRUMAB.MX": 788.0, "FEMSAUBD.MX": 709.9199829101562}, "pct": {"VESTA.MX": 0.25385301269322236, "BACHOCOB.MX": 0.20028469537710422, "TS.MX": 0.13418683531515452, "LABB.MX": 0.12275517584296396, "PINFRA.MX": 0.11474281076802996, "ACCELSAB.MX": 0.09162242270203426, "ANB.MX": 0.05605499626706085, "GCARSOA1.MX": 0.012979233809333761, "GRUMAB.MX": 0.00711279914476899, "FEMSAUBD.MX": 0.006408018080327126}}