{"allocation": {"ACCELSAB.MX": 2339, "BAFARB.MX": 814, "LABB.MX": 695, "GNP.MX": 242, "ANB.MX": 1, "GISSAA.MX": 35, "CREAL.MX": 15, "VITROA.MX": 6, "MEDICAB.MX": 3}, "qty": {"ACCELSAB.MX": 49820.69821548462, "BAFARB.MX": 33781.0, "LABB.MX": 12148.599681854248, "GNP.MX": 9680.0, "ANB.MX": 1919.0799560546875, "GISSAA.MX": 665.0, "CREAL.MX": 332.5500011444092, "VITROA.MX": 260.87999725341797, "MEDICAB.MX": 64.16999816894533}, "pct": {"ACCELSAB.MX": 0.45845027578563396, "BAFARB.MX": 0.3108529049378329, "LABB.MX": 0.11179146567689606, "GNP.MX": 0.08907540095906641, "ANB.MX": 0.01765938187583459, "GISSAA.MX": 0.006119332813820161, "CREAL.MX": 0.0030601265176525044, "VITROA.MX": 0.0024006188385897057, "MEDICAB.MX": 0.0005904925946736945}}