{"allocation": {"ACCELSAB.MX": 1666, "TS.MX": 63, "WMT.MX": 6, "BAFARB.MX": 260, "MEDICAB.MX": 242, "TMMA.MX": 750, "VITROA.MX": 88, "FRAGUAB.MX": 17, "MONEXB.MX": 254, "VALUEGFO.MX": 27, "GFMULTIO.MX": 165, "MEGACPO.MX": 19, "CEMEXCPO.MX": 46, "CHDRAUIB.MX": 12, "DINEA.MX": 36, "RCENTROA.MX": 14, "GENTERA.MX": 7}, "qty": {"ACCELSAB.MX": 29821.399364471436, "TS.MX": 19719.0, "WMT.MX": 11100.0, "BAFARB.MX": 10530.0, "MEDICAB.MX": 7506.840110778809, "TMMA.MX": 5767.500042915344, "VITROA.MX": 4634.079986572266, "FRAGUAB.MX": 4420.0, "MONEXB.MX": 3556.0, "VALUEGFO.MX": 2943.0, "GFMULTIO.MX": 2145.0, "MEGACPO.MX": 1633.6200637817383, "CEMEXCPO.MX": 475.1799964904786, "CHDRAUIB.MX": 444.59999084472656, "DINEA.MX": 388.8000068664551, "RCENTROA.MX": 140.0, "GENTERA.MX": 97.64999866485596}, "pct": {"ACCELSAB.MX": 0.283143215878044, "TS.MX": 0.18722465051559492, "WMT.MX": 0.10539041638638387, "BAFARB.MX": 0.09997847608546145, "MEDICAB.MX": 0.07127468513702583, "TMMA.MX": 0.05476029108390405, "VITROA.MX": 0.0439988846263657, "FRAGUAB.MX": 0.04196627391241592, "MONEXB.MX": 0.033762911772070366, "VALUEGFO.MX": 0.027942702290552048, "GFMULTIO.MX": 0.020365985869260667, "MEGACPO.MX": 0.015510621508027782, "CEMEXCPO.MX": 0.004511659251226303, "CHDRAUIB.MX": 0.00422131334779353, "DINEA.MX": 0.0036915130283499647, "RCENTROA.MX": 0.0013292484949634002, "GENTERA.MX": 0.0009271508125602701}}