{"allocation": {"ACCELSAB.MX": 1967, "TS.MX": 70, "BAFARB.MX": 428, "WMT.MX": 5, "SIMECB.MX": 174, "GFMULTIO.MX": 489, "ASURB.MX": 6, "LALAB.MX": 68, "MEGACPO.MX": 16, "OMAB.MX": 12, "GAPB.MX": 7, "CYDSASAA.MX": 24, "GFNORTEO.MX": 3, "ALFAA.MX": 11, "GISSAA.MX": 7, "DINEA.MX": 10, "CHDRAUIB.MX": 1}, "qty": {"ACCELSAB.MX": 40126.799249649055, "TS.MX": 17610.600128173828, "BAFARB.MX": 17548.0, "WMT.MX": 9435.0, "SIMECB.MX": 9747.480079650879, "GFMULTIO.MX": 6357.0, "ASURB.MX": 1881.840087890625, "LALAB.MX": 1714.9599533081052, "MEGACPO.MX": 1441.1199951171875, "OMAB.MX": 1316.1600036621094, "GAPB.MX": 1206.2400512695312, "CYDSASAA.MX": 720.0, "GFNORTEO.MX": 316.62000274658203, "ALFAA.MX": 226.92999076843262, "GISSAA.MX": 149.09999465942383, "DINEA.MX": 110.0, "CHDRAUIB.MX": 37.63999938964844}, "pct": {"ACCELSAB.MX": 0.3649699448234843, "TS.MX": 0.16017573983661956, "BAFARB.MX": 0.1596063656091014, "WMT.MX": 0.08581525299304033, "SIMECB.MX": 0.08865738940963022, "GFMULTIO.MX": 0.05781956155556517, "ASURB.MX": 0.01711611904979112, "LALAB.MX": 0.015598274749980677, "MEGACPO.MX": 0.013107586324781186, "OMAB.MX": 0.011971023178970303, "GAPB.MX": 0.010971255449923981, "CYDSASAA.MX": 0.0065486997514561775, "GFNORTEO.MX": 0.0028797907406841613, "ALFAA.MX": 0.002064022741865538, "GISSAA.MX": 0.001356126524955953, "DINEA.MX": 0.0010004957953613604, "CHDRAUIB.MX": 0.00034235146478861305}}