{"allocation": {"WMT.MX": 13, "ACCELSAB.MX": 985, "BAFARB.MX": 352, "GCARSOA1.MX": 161, "TMMA.MX": 1265, "GFMULTIO.MX": 462, "TS.MX": 23, "ALFAA.MX": 217, "ICHB.MX": 37, "CERAMICB.MX": 56, "GISSAA.MX": 101, "FRES.MX": 9, "CHDRAUIB.MX": 25, "DINEA.MX": 78, "GAPB.MX": 4, "AC.MX": 7, "ORBIA.MX": 1}, "qty": {"WMT.MX": 25474.28076171875, "ACCELSAB.MX": 20980.49924850464, "BAFARB.MX": 14432.0, "GCARSOA1.MX": 11835.110343933105, "TMMA.MX": 9550.750241279602, "GFMULTIO.MX": 6006.0, "TS.MX": 5786.340042114258, "ALFAA.MX": 4157.719966888428, "ICHB.MX": 3271.910011291504, "CERAMICB.MX": 2688.0, "GISSAA.MX": 2145.2399768829346, "FRES.MX": 1870.6500549316404, "CHDRAUIB.MX": 936.4999771118164, "DINEA.MX": 858.0, "GAPB.MX": 771.0399780273439, "AC.MX": 753.2700042724609, "ORBIA.MX": 44.0099983215332}, "pct": {"WMT.MX": 0.22834330593710767, "ACCELSAB.MX": 0.1880624855879668, "BAFARB.MX": 0.12936383256937903, "GCARSOA1.MX": 0.10608614419156653, "TMMA.MX": 0.08560987078193256, "GFMULTIO.MX": 0.05383586324914707, "TS.MX": 0.05186690163508609, "ALFAA.MX": 0.03726847212215346, "ICHB.MX": 0.02932835496693384, "CERAMICB.MX": 0.02409437236325463, "GISSAA.MX": 0.01922924509358526, "FRES.MX": 0.016767908848536336, "CHDRAUIB.MX": 0.008394486297139712, "DINEA.MX": 0.00769083760702101, "GAPB.MX": 0.006911355780337237, "AC.MX": 0.006752071418530908, "ORBIA.MX": 0.00039449155032188703}}