{"allocation": {"WMT.MX": 11, "ACCELSAB.MX": 794, "BAFARB.MX": 301, "KUOB.MX": 212, "GNP.MX": 254, "FRAGUAB.MX": 36, "GFMULTIO.MX": 539, "GCARSOA1.MX": 90, "TS.MX": 23, "HERDEZ.MX": 74, "MEDICAB.MX": 106, "OMAB.MX": 22, "ASURB.MX": 4, "CYDSASAA.MX": 50, "VALUEGFO.MX": 1, "CERAMICB.MX": 1}, "qty": {"WMT.MX": 21890.0, "ACCELSAB.MX": 16912.199394226074, "BAFARB.MX": 12341.0, "KUOB.MX": 10256.56022644043, "GNP.MX": 9931.399612426756, "FRAGUAB.MX": 9365.399780273438, "GFMULTIO.MX": 7007.0, "GCARSOA1.MX": 6491.699752807617, "TS.MX": 5786.340042114258, "HERDEZ.MX": 2971.100112915039, "MEDICAB.MX": 2745.3999595642094, "OMAB.MX": 2602.3800201416016, "ASURB.MX": 1237.719970703125, "CYDSASAA.MX": 1375.0, "VALUEGFO.MX": 113.0, "CERAMICB.MX": 48.0}, "pct": {"WMT.MX": 0.19707547047268842, "ACCELSAB.MX": 0.15226037699154954, "BAFARB.MX": 0.11110591051180665, "KUOB.MX": 0.09233971823011472, "GNP.MX": 0.08941230018598804, "FRAGUAB.MX": 0.0843166088561992, "GFMULTIO.MX": 0.06308395713120729, "GCARSOA1.MX": 0.05844471370269513, "TS.MX": 0.052094366656675335, "HERDEZ.MX": 0.02674878723500178, "MEDICAB.MX": 0.024716810811640764, "OMAB.MX": 0.023429203600645522, "ASURB.MX": 0.011143181614424874, "CYDSASAA.MX": 0.012379112466877413, "VALUEGFO.MX": 0.0010173379700051982, "CERAMICB.MX": 0.0004321435624800842}}