{"allocation": {"FRAGUAB.MX": 166, "GNP.MX": 735, "ACCELSAB.MX": 1293, "BAFARB.MX": 318}, "qty": {"FRAGUAB.MX": 42328.34091186524, "GNP.MX": 29400.0, "ACCELSAB.MX": 27540.899013519287, "BAFARB.MX": 13197.0}, "pct": {"FRAGUAB.MX": 0.37636486237957173, "GNP.MX": 0.26141178027740025, "ACCELSAB.MX": 0.2448814776042236, "BAFARB.MX": 0.11734187973880447}}