{"allocation": {"GNP.MX": 1144, "BACHOCOB.MX": 219, "BAFARB.MX": 387, "GCARSOA1.MX": 130, "VOLARA.MX": 308, "ICHB.MX": 70, "POCHTECB.MX": 746, "BOLSAA.MX": 25, "VALUEGFO.MX": 6, "OMAB.MX": 3, "ACCELSAB.MX": 16, "ALFAA.MX": 12, "GAPB.MX": 1, "RCENTROA.MX": 31, "GFMULTIO.MX": 13, "ASURB.MX": 1, "MEGACPO.MX": 1, "CYDSASAA.MX": 3, "MONEXB.MX": 6, "CHDRAUIB.MX": 2, "PINFRA.MX": 1, "GFINBURO.MX": 1}, "qty": {"GNP.MX": 45760.0, "BACHOCOB.MX": 19022.340133666992, "BAFARB.MX": 16060.5, "GCARSOA1.MX": 7530.900039672852, "VOLARA.MX": 6058.360023498535, "ICHB.MX": 5597.199935913086, "POCHTECB.MX": 5222.0, "BOLSAA.MX": 927.7500152587891, "VALUEGFO.MX": 558.0, "OMAB.MX": 351.240005493164, "ACCELSAB.MX": 320.0, "ALFAA.MX": 207.95999908447266, "GAPB.MX": 189.8999938964844, "RCENTROA.MX": 195.30000591278076, "GFMULTIO.MX": 169.0, "ASURB.MX": 301.6400146484375, "MEGACPO.MX": 79.47000122070312, "CYDSASAA.MX": 76.80000114440918, "MONEXB.MX": 72.0, "CHDRAUIB.MX": 61.72000122070312, "PINFRA.MX": 176.94000244140625, "GFINBURO.MX": 25.100000381469727}, "pct": {"GNP.MX": 0.4199547514095195, "BACHOCOB.MX": 0.17457434707302114, "BAFARB.MX": 0.147392554305345, "GCARSOA1.MX": 0.06911357635600421, "VOLARA.MX": 0.05559958648640074, "ICHB.MX": 0.05136736686354367, "POCHTECB.MX": 0.047924032164783886, "BOLSAA.MX": 0.00851427069554595, "VALUEGFO.MX": 0.005120951732659787, "OMAB.MX": 0.0032234464421319916, "ACCELSAB.MX": 0.002936746513353283, "ALFAA.MX": 0.0019085181319633657, "GAPB.MX": 0.0017427754530040947, "RCENTROA.MX": 0.0017923331606944828, "GFMULTIO.MX": 0.0015509692523647026, "ASURB.MX": 0.002768250816583225, "MEGACPO.MX": 0.0007293226531283782, "CYDSASAA.MX": 0.0007048191737074119, "MONEXB.MX": 0.0006607679655044887, "CHDRAUIB.MX": 0.0005664249949658132, "PINFRA.MX": 0.0016238372976328788, "GFINBURO.MX": 0.0002303510581420228}}