{"allocation": {"AXTELCPO.MX": 7393, "BACHOCOB.MX": 381, "WMT.MX": 12, "OMAB.MX": 162, "LABB.MX": 658, "FEMSAUBD.MX": 74, "FRAGUAB.MX": 32, "CREAL.MX": 285, "GCARSOA1.MX": 103, "VOLARA.MX": 241, "SORIANAB.MX": 198, "VITROA.MX": 8, "CYDSASAA.MX": 8, "AC.MX": 2, "GFMULTIO.MX": 14, "BAFARB.MX": 4, "ACCELSAB.MX": 8, "GCC.MX": 2, "URBI.MX": 2}, "qty": {"AXTELCPO.MX": 31642.04155111313, "BACHOCOB.MX": 26841.448837280273, "WMT.MX": 24960.0, "OMAB.MX": 20941.740692138672, "LABB.MX": 13107.360050201416, "FEMSAUBD.MX": 11781.540496826172, "FRAGUAB.MX": 7680.0, "CREAL.MX": 5982.149934768677, "GCARSOA1.MX": 5565.089874267579, "VOLARA.MX": 4834.459871292114, "SORIANAB.MX": 4266.899848937988, "VITROA.MX": 302.3999938964844, "CYDSASAA.MX": 190.47999572753906, "AC.MX": 215.97999572753903, "GFMULTIO.MX": 182.0, "BAFARB.MX": 164.0, "ACCELSAB.MX": 159.19999694824222, "GCC.MX": 195.9600067138672, "URBI.MX": 38.040000915527344}, "pct": {"AXTELCPO.MX": 0.19894300005032484, "BACHOCOB.MX": 0.16876023466311355, "WMT.MX": 0.15693100185191508, "OMAB.MX": 0.13166700109536614, "LABB.MX": 0.08240990161505914, "FEMSAUBD.MX": 0.07407407666369553, "FRAGUAB.MX": 0.04828646210828156, "CREAL.MX": 0.037611569811362856, "GCARSOA1.MX": 0.0349893881957035, "VOLARA.MX": 0.030395698357962814, "SORIANAB.MX": 0.02682727836921569, "VITROA.MX": 0.0019012794071389541, "CYDSASAA.MX": 0.001197604830219199, "AC.MX": 0.0013579309739381025, "GFMULTIO.MX": 0.001144288555170214, "BAFARB.MX": 0.001031117159603929, "ACCELSAB.MX": 0.0010009381015989372, "GCC.MX": 0.0012320593019437172, "URBI.MX": 0.00023916888838627695}}