{"allocation": {"CREAL.MX": 2949, "AXTELCPO.MX": 13500, "BACHOCOB.MX": 337, "ORBIA.MX": 158, "ACCELSAB.MX": 271, "ASURB.MX": 15, "ANB.MX": 1, "VESTA.MX": 29, "CERAMICB.MX": 3, "GNP.MX": 3, "GFMULTIO.MX": 8, "LALAB.MX": 4}, "qty": {"CREAL.MX": 69684.86752510071, "AXTELCPO.MX": 43065.000772476196, "BACHOCOB.MX": 25515.95376586914, "ORBIA.MX": 7016.779975891113, "ACCELSAB.MX": 5444.390041351318, "ASURB.MX": 5447.249908447266, "ANB.MX": 1422.0999755859375, "VESTA.MX": 1001.3699645996094, "CERAMICB.MX": 143.85000228881836, "GNP.MX": 123.0, "GFMULTIO.MX": 104.0, "LALAB.MX": 67.72000122070312}, "pct": {"CREAL.MX": 0.4381696219138989, "AXTELCPO.MX": 0.270787270986785, "BACHOCOB.MX": 0.16044108586898326, "ORBIA.MX": 0.0441206238640228, "ACCELSAB.MX": 0.03423363508743724, "ASURB.MX": 0.034251617569555096, "ANB.MX": 0.008941984547818863, "VESTA.MX": 0.0062964875211465226, "CERAMICB.MX": 0.0009045105968308138, "GNP.MX": 0.0007734084229405541, "GFMULTIO.MX": 0.0006539388291529887, "LALAB.MX": 0.00042581479142793816}}