{"allocation": {"GNP.MX": 2267, "KUOB.MX": 384, "POCHTECB.MX": 1192, "ICHB.MX": 82, "GRUMAB.MX": 9, "BACHOCOB.MX": 24, "TLEVISACPO.MX": 50, "SIMECB.MX": 9, "BAFARB.MX": 9, "CULTIBAB.MX": 10, "GMEXICOB.MX": 2}, "qty": {"GNP.MX": 104282.0, "KUOB.MX": 18312.959472656246, "POCHTECB.MX": 7795.679954528809, "ICHB.MX": 6421.4197998046875, "GRUMAB.MX": 1980.7200164794922, "BACHOCOB.MX": 1621.43994140625, "TLEVISACPO.MX": 1313.5000228881836, "SIMECB.MX": 459.4499931335449, "BAFARB.MX": 360.0, "CULTIBAB.MX": 106.49999618530272, "GMEXICOB.MX": 94.95999908447266}, "pct": {"GNP.MX": 0.7305289065626986, "KUOB.MX": 0.12828816343651428, "POCHTECB.MX": 0.054611242142408846, "ICHB.MX": 0.04498410833059763, "GRUMAB.MX": 0.013875579945202566, "BACHOCOB.MX": 0.011358707614474156, "TLEVISACPO.MX": 0.009201489571456094, "SIMECB.MX": 0.0032185947824561094, "BAFARB.MX": 0.00252191563608841, "CULTIBAB.MX": 0.000746066682286308, "GMEXICOB.MX": 0.0006652252958168685}}