{"allocation": {"WMT.MX": 21, "AXTELCPO.MX": 7378, "OMAB.MX": 260, "LABB.MX": 718, "CYDSASAA.MX": 524, "BACHOCOB.MX": 102, "CREAL.MX": 37, "GNP.MX": 11, "GFMULTIO.MX": 24, "BAFARB.MX": 4, "ACCELSAB.MX": 4, "AC.MX": 1, "GCARSOA1.MX": 1}, "qty": {"WMT.MX": 56700.0, "AXTELCPO.MX": 21027.29929637909, "OMAB.MX": 20844.19952392578, "LABB.MX": 13548.66060256958, "CYDSASAA.MX": 11737.599800109865, "BACHOCOB.MX": 6882.960342407227, "CREAL.MX": 650.830005645752, "GNP.MX": 451.0, "GFMULTIO.MX": 309.5999908447265, "BAFARB.MX": 164.0, "ACCELSAB.MX": 70.23999786376953, "AC.MX": 95.61000061035156, "GCARSOA1.MX": 46.56999969482422}, "pct": {"WMT.MX": 0.42783227939624185, "AXTELCPO.MX": 0.15866238778689346, "OMAB.MX": 0.15728080060866362, "LABB.MX": 0.10223199908930164, "CYDSASAA.MX": 0.08856656220673503, "BACHOCOB.MX": 0.051935672174356635, "CREAL.MX": 0.004910865693384322, "GNP.MX": 0.003403039823769049, "GFMULTIO.MX": 0.002336099996193209, "BAFARB.MX": 0.0012374690268251087, "ACCELSAB.MX": 0.0005299989134187597, "AC.MX": 0.0007214293561587793, "GCARSOA1.MX": 0.000351395928058535}}