{"allocation": {"GNP.MX": 2282, "FEMSAUBD.MX": 98, "BACHOCOB.MX": 193, "DINEA.MX": 1044, "GFMULTIO.MX": 666, "CERAMICB.MX": 153, "ACCELSAB.MX": 312, "GCARSOA1.MX": 1}, "qty": {"GNP.MX": 93562.0, "FEMSAUBD.MX": 17568.460418701172, "BACHOCOB.MX": 16094.269882202148, "DINEA.MX": 12110.400398254396, "GFMULTIO.MX": 8658.0, "CERAMICB.MX": 7336.350116729736, "ACCELSAB.MX": 6208.799880981446, "GCARSOA1.MX": 69.80000305175781}, "pct": {"GNP.MX": 0.5789438225785818, "FEMSAUBD.MX": 0.10871028442768826, "BACHOCOB.MX": 0.09958827437649317, "DINEA.MX": 0.07493684935681773, "GFMULTIO.MX": 0.05357405373854088, "CERAMICB.MX": 0.04539593617445479, "ACCELSAB.MX": 0.03841887023279582, "GCARSOA1.MX": 0.0004319091146275341}}