{"allocation": {"GNP.MX": 1243, "KUOB.MX": 669, "WMT.MX": 11, "CMOCTEZ.MX": 210, "VOLARA.MX": 551, "URBI.MX": 243, "ORBIA.MX": 48, "GFNORTEO.MX": 18, "BSMXB.MX": 30, "PINFRA.MX": 3, "RA.MX": 6, "OMAB.MX": 3, "GAPB.MX": 2}, "qty": {"GNP.MX": 75201.5, "KUOB.MX": 33443.31112289429, "WMT.MX": 31405.0, "CMOCTEZ.MX": 9870.0, "VOLARA.MX": 6711.180168151855, "URBI.MX": 4131.0, "ORBIA.MX": 1691.5200805664062, "GFNORTEO.MX": 1438.2000274658203, "BSMXB.MX": 428.10001373291016, "PINFRA.MX": 490.1400146484375, "RA.MX": 345.5999908447265, "OMAB.MX": 275.12999725341797, "GAPB.MX": 295.4599914550781}, "pct": {"GNP.MX": 0.4537696911394918, "KUOB.MX": 0.2017986470870617, "WMT.MX": 0.18949937368584055, "CMOCTEZ.MX": 0.05955608400825494, "VOLARA.MX": 0.040495603838803074, "URBI.MX": 0.024926664948135883, "ORBIA.MX": 0.010206718543045902, "GFNORTEO.MX": 0.008678172406933025, "BSMXB.MX": 0.0025831773436486615, "PINFRA.MX": 0.0029575298772248886, "RA.MX": 0.002085367992705235, "OMAB.MX": 0.0016601484528485826, "GAPB.MX": 0.0017828206760057668}}