{"allocation": {"GNP.MX": 2358, "BAFARB.MX": 456, "SIMECB.MX": 221, "MAXCOMA.MX": 1287, "FEMSAUBD.MX": 13, "ANB.MX": 1, "CULTIBAB.MX": 76, "BIMBOA.MX": 21, "FRAGUAB.MX": 3, "KUOB.MX": 3, "GAPB.MX": 1, "ASURB.MX": 1, "GCARSOA1.MX": 1, "HOMEX.MX": 1017, "PINFRA.MX": 1}, "qty": {"GNP.MX": 103516.20359802246, "BAFARB.MX": 18240.0, "SIMECB.MX": 11078.730236053467, "MAXCOMA.MX": 2509.6500613689427, "FEMSAUBD.MX": 2025.0100555419922, "ANB.MX": 1104.5, "CULTIBAB.MX": 836.0, "BIMBOA.MX": 747.3900032043457, "FRAGUAB.MX": 684.0, "KUOB.MX": 143.39999771118164, "GAPB.MX": 150.60000610351562, "ASURB.MX": 241.38999938964844, "GCARSOA1.MX": 48.25, "HOMEX.MX": 39.66300081834196, "PINFRA.MX": 167.42999267578125}, "pct": {"GNP.MX": 0.7313967507054707, "BAFARB.MX": 0.12887525111211326, "SIMECB.MX": 0.07827709107317721, "MAXCOMA.MX": 0.017732005584564305, "FEMSAUBD.MX": 0.014307767511651791, "ANB.MX": 0.007803876910818481, "CULTIBAB.MX": 0.0059067823426385245, "BIMBOA.MX": 0.005280705830133947, "FRAGUAB.MX": 0.004832821916704247, "KUOB.MX": 0.0010131968593478618, "GAPB.MX": 0.0010640687282936605, "ASURB.MX": 0.0017055480694788273, "GCARSOA1.MX": 0.0003409117799429531, "HOMEX.MX": 0.0002802400871888034, "PINFRA.MX": 0.0011829814884753613}}