{"allocation": {"GNP.MX": 378, "FRES.MX": 123, "WMT.MX": 13, "LABB.MX": 1417, "AXTELCPO.MX": 3318, "SIMECB.MX": 289, "BIMBOA.MX": 287, "GRUMAB.MX": 35, "MONEXB.MX": 619, "VOLARA.MX": 361, "BAFARB.MX": 37, "AMXL.MX": 45, "PINFRA.MX": 2, "GAPB.MX": 1, "BSMXB.MX": 9, "AC.MX": 1, "GICSAB.MX": 14, "GFINBURO.MX": 2, "MAXCOMA.MX": 30, "TLEVISACPO.MX": 1}, "qty": {"GNP.MX": 43470.0, "FRES.MX": 39273.898498535156, "WMT.MX": 38086.75, "LABB.MX": 26653.769243240356, "AXTELCPO.MX": 26245.37949371338, "SIMECB.MX": 18496.0, "BIMBOA.MX": 11764.13048171997, "GRUMAB.MX": 7896.350021362306, "MONEXB.MX": 6251.900236129762, "VOLARA.MX": 5996.210220336914, "BAFARB.MX": 1443.0, "AMXL.MX": 580.9499931335449, "PINFRA.MX": 277.9200134277344, "GAPB.MX": 176.52999877929688, "BSMXB.MX": 140.93999862670898, "AC.MX": 92.3499984741211, "GICSAB.MX": 42.69999933242798, "GFINBURO.MX": 31.420000076293945, "MAXCOMA.MX": 36.30000114440919, "TLEVISACPO.MX": 26.82999992370605}, "pct": {"GNP.MX": 0.19151186276592552, "FRES.MX": 0.173025476409808, "WMT.MX": 0.16779536322061453, "LABB.MX": 0.11742610990352183, "AXTELCPO.MX": 0.11562690397606792, "SIMECB.MX": 0.0814861608860952, "BIMBOA.MX": 0.05182816982690583, "GRUMAB.MX": 0.03478823790298714, "MONEXB.MX": 0.02754343363349299, "VOLARA.MX": 0.026416963166156042, "BAFARB.MX": 0.00635729509940719, "AMXL.MX": 0.002559439046672575, "PINFRA.MX": 0.0012244071652053473, "GAPB.MX": 0.000777722311945933, "BSMXB.MX": 0.0006209266545946175, "AC.MX": 0.00040685806841981394, "GICSAB.MX": 0.00018811954019454932, "GFINBURO.MX": 0.00013842426369258283, "MAXCOMA.MX": 0.0001599236447566375, "TLEVISACPO.MX": 0.00011820251353573926}}