{"allocation": {"KUOB.MX": 1755, "WMT.MX": 21, "ORBIA.MX": 680, "AMXL.MX": 1019, "URBI.MX": 896, "MONEXB.MX": 481, "VOLARA.MX": 314}, "qty": {"KUOB.MX": 84204.89919662476, "WMT.MX": 63462.0, "ORBIA.MX": 23908.799896240234, "AMXL.MX": 13542.509961128235, "URBI.MX": 12992.0, "MONEXB.MX": 5675.800091743469, "VOLARA.MX": 5548.380023956299}, "pct": {"KUOB.MX": 0.4022506742949226, "WMT.MX": 0.3031608912979688, "ORBIA.MX": 0.11421343617296924, "AMXL.MX": 0.06469319262278618, "URBI.MX": 0.06206338123196891, "MONEXB.MX": 0.02711355795030165, "VOLARA.MX": 0.026504866429082556}}