{"allocation": {"MONEXB.MX": 5742, "GNP.MX": 1234, "PINFRA.MX": 48, "CHDRAUIB.MX": 187, "SIMECB.MX": 75, "FRAGUAB.MX": 15, "URBI.MX": 9, "GISSAA.MX": 8, "IENOVA.MX": 2, "OMAB.MX": 1, "GRUMAB.MX": 1, "GMEXICOB.MX": 1, "TLEVISACPO.MX": 2, "AMXL.MX": 3, "VOLARA.MX": 3, "CREAL.MX": 2, "AEROMEX.MX": 3}, "qty": {"MONEXB.MX": 72923.39890480042, "GNP.MX": 67253.0, "PINFRA.MX": 7946.8798828125, "CHDRAUIB.MX": 5043.389871597289, "SIMECB.MX": 3666.0000801086426, "FRAGUAB.MX": 3255.0, "URBI.MX": 154.80000686645508, "GISSAA.MX": 133.60000610351562, "IENOVA.MX": 132.66000366210938, "OMAB.MX": 106.8499984741211, "GRUMAB.MX": 248.0500030517578, "GMEXICOB.MX": 53.43000030517578, "TLEVISACPO.MX": 48.2599983215332, "AMXL.MX": 44.25, "VOLARA.MX": 36.03000068664551, "CREAL.MX": 23.899999618530273, "AEROMEX.MX": 17.489999771118164}, "pct": {"MONEXB.MX": 0.45269577305946657, "GNP.MX": 0.4174949232044662, "PINFRA.MX": 0.04933284770032448, "CHDRAUIB.MX": 0.03130848686501261, "SIMECB.MX": 0.0227578906801559, "FRAGUAB.MX": 0.02020647368936014, "URBI.MX": 0.0009609715102487844, "GISSAA.MX": 0.0008293655939259732, "IENOVA.MX": 0.0008235302223130055, "OMAB.MX": 0.0006633062005761901, "GRUMAB.MX": 0.0015398512627683707, "GMEXICOB.MX": 0.0003316841460488598, "TLEVISACPO.MX": 0.0002995896732204686, "AMXL.MX": 0.00027469630130696966, "VOLARA.MX": 0.00022366797569964061, "CREAL.MX": 0.0001483670394677571, "AEROMEX.MX": 0.00010857487563809955}}