{"allocation": {"WMT.MX": 20, "GNP.MX": 589, "GFNORTEO.MX": 311, "AXTELCPO.MX": 2454, "URBI.MX": 892, "VALUEGFO.MX": 71, "BOLSAA.MX": 112, "FRES.MX": 14, "GISSAA.MX": 262, "ASURB.MX": 14, "ARA.MX": 1327, "AMXL.MX": 157, "FRAGUAB.MX": 8, "ANB.MX": 1, "BIMBOA.MX": 31, "KUOB.MX": 16, "MONEXB.MX": 32}, "qty": {"WMT.MX": 61980.0, "GNP.MX": 56561.66928100586, "GFNORTEO.MX": 23828.82085418701, "AXTELCPO.MX": 17251.62051486969, "URBI.MX": 12220.399829864502, "VALUEGFO.MX": 6142.210151672363, "BOLSAA.MX": 5612.320068359375, "FRES.MX": 4606.560119628906, "GISSAA.MX": 4781.5, "ASURB.MX": 3595.0601196289062, "ARA.MX": 3370.5799493789677, "AMXL.MX": 2179.160017967224, "FRAGUAB.MX": 1760.0, "ANB.MX": 1300.0, "BIMBOA.MX": 1282.4699668884277, "KUOB.MX": 763.0399780273436, "MONEXB.MX": 326.0799865722656}, "pct": {"WMT.MX": 0.2986103045885313, "GNP.MX": 0.27250560329198015, "GFNORTEO.MX": 0.11480366978467778, "AXTELCPO.MX": 0.08311570920605021, "URBI.MX": 0.058876045746845344, "VALUEGFO.MX": 0.029592243372663005, "BOLSAA.MX": 0.027039312763167466, "FRES.MX": 0.02219371281748578, "GISSAA.MX": 0.023036546811714458, "ASURB.MX": 0.017320458169352522, "ARA.MX": 0.016238946520233135, "AMXL.MX": 0.010498864742051339, "FRAGUAB.MX": 0.008479414909258067, "ANB.MX": 0.006263204194338345, "BIMBOA.MX": 0.006178747135175815, "KUOB.MX": 0.003676211685252844, "MONEXB.MX": 0.0015710042612224655}}