{"allocation": {"PASAB.MX": 783, "MEGACPO.MX": 138, "CERAMICB.MX": 204, "AUTLANB.MX": 433, "GMD.MX": 223, "KUOB.MX": 106, "GCC.MX": 35, "MFRISCOA-1.MX": 273, "AMXL.MX": 194, "VALUEGFO.MX": 31, "ACCELSAB.MX": 244, "ASURB.MX": 6, "GAPB.MX": 9, "LAMOSA.MX": 40, "ORBIA.MX": 33, "FINAMEXO.MX": 34, "CYDSASAA.MX": 53, "GFMULTIO.MX": 128, "GNP.MX": 37, "MEDICAB.MX": 29, "BBVA.MX": 7, "AC.MX": 8, "TMMA.MX": 206, "FEMSAUBD.MX": 5, "PE&OLES.MX": 2, "CMOCTEZ.MX": 9, "VITROA.MX": 8, "BIMBOA.MX": 12, "LABB.MX": 21, "AEROMEX.MX": 12, "SORIANAB.MX": 9, "OMAB.MX": 4, "RA.MX": 3, "RCENTROA.MX": 26, "CHDRAUIB.MX": 8, "TEAKCPO.MX": 16, "ALFAA.MX": 13, "GFNORTEO.MX": 3, "PINFRA.MX": 2, "VESTA.MX": 10, "CEMEXCPO.MX": 16, "BSMXB.MX": 7, "GISSAA.MX": 6, "AXTELCPO.MX": 42, "TLEVISACPO.MX": 2, "GENTERA.MX": 5, "HOMEX.MX": 106}, "qty": {"PASAB.MX": 19966.5, "MEGACPO.MX": 10864.740463256836, "CERAMICB.MX": 10567.199844360352, "AUTLANB.MX": 7564.509702682495, "GMD.MX": 6614.1799659729, "KUOB.MX": 4240.0, "GCC.MX": 3248.3499145507817, "MFRISCOA-1.MX": 3259.619885444641, "AMXL.MX": 3102.059955596924, "VALUEGFO.MX": 2976.0, "ACCELSAB.MX": 2515.6401023864746, "ASURB.MX": 2003.0399780273438, "GAPB.MX": 1669.4100494384768, "LAMOSA.MX": 1661.1999511718752, "ORBIA.MX": 1599.5100402832031, "FINAMEXO.MX": 1490.899948120117, "CYDSASAA.MX": 1456.4399757385254, "GFMULTIO.MX": 1280.0, "GNP.MX": 1265.4000282287598, "MEDICAB.MX": 1131.0, "BBVA.MX": 1099.0699615478516, "AC.MX": 1020.8800048828125, "TMMA.MX": 957.9000196456909, "FEMSAUBD.MX": 841.2999725341797, "PE&OLES.MX": 781.8800048828126, "CMOCTEZ.MX": 656.9099807739258, "VITROA.MX": 553.2000122070312, "BIMBOA.MX": 521.4000091552734, "LABB.MX": 463.6799983978271, "AEROMEX.MX": 381.3600082397461, "SORIANAB.MX": 364.68000411987305, "OMAB.MX": 377.76000976562494, "RA.MX": 304.8300018310547, "RCENTROA.MX": 309.39999008178705, "CHDRAUIB.MX": 290.23999023437506, "TEAKCPO.MX": 279.8399963378906, "ALFAA.MX": 270.01000595092773, "GFNORTEO.MX": 327.9000091552734, "PINFRA.MX": 374.8200073242187, "VESTA.MX": 234.20000076293945, "CEMEXCPO.MX": 228.16000366210938, "BSMXB.MX": 211.6099967956543, "GISSAA.MX": 197.16000366210938, "AXTELCPO.MX": 169.67999839782715, "TLEVISACPO.MX": 139.9600067138672, "GENTERA.MX": 85.50000190734863, "HOMEX.MX": 78.33400237560272}, "pct": {"PASAB.MX": 0.1996702636943026, "MEGACPO.MX": 0.10865026886377943, "CERAMICB.MX": 0.10567478423528535, "AUTLANB.MX": 0.07564709123044722, "GMD.MX": 0.0661435433314493, "KUOB.MX": 0.04240111777546606, "GCC.MX": 0.0324843554959417, "MFRISCOA-1.MX": 0.0325970581759409, "AMXL.MX": 0.0310214173405241, "VALUEGFO.MX": 0.029760784551836554, "ACCELSAB.MX": 0.025157064212729813, "ASURB.MX": 0.020030927834269893, "GAPB.MX": 0.016694540594761196, "LAMOSA.MX": 0.016612437447697442, "ORBIA.MX": 0.015995522075728432, "FINAMEXO.MX": 0.014909392521622008, "CYDSASAA.MX": 0.014564783713251449, "GFMULTIO.MX": 0.012800337441650132, "GNP.MX": 0.01265433387500135, "MEDICAB.MX": 0.011310298161333046, "BBVA.MX": 0.01099098935921401, "AC.MX": 0.010209069179635495, "TMMA.MX": 0.00957925272408448, "FEMSAUBD.MX": 0.00841322151413163, "PE&OLES.MX": 0.007819006172952385, "CMOCTEZ.MX": 0.006569272986479804, "VITROA.MX": 0.005532145960136696, "BIMBOA.MX": 0.005214137546302318, "LABB.MX": 0.004636922222215609, "AEROMEX.MX": 0.003813700618921269, "SORIANAB.MX": 0.0036468961804349493, "OMAB.MX": 0.0037776996851258187, "RA.MX": 0.0030483803795127557, "RCENTROA.MX": 0.0030940814667891232, "CHDRAUIB.MX": 0.0029024764172353433, "TEAKCPO.MX": 0.002798473736558701, "ALFAA.MX": 0.0027001712412451835, "GFNORTEO.MX": 0.0032790865346153646, "PINFRA.MX": 0.0037482988856498227, "VESTA.MX": 0.0023420617489065183, "CEMEXCPO.MX": 0.002281660185596195, "BSMXB.MX": 0.0021161557539147485, "GISSAA.MX": 0.001971652013181231, "AXTELCPO.MX": 0.0016968447160865946, "TLEVISACPO.MX": 0.0013996369642758735, "GENTERA.MX": 0.0008550225591217128, "HOMEX.MX": 0.0007833606746583889}}