{"allocation": {"GFMULTIO.MX": 1875, "ACCELSAB.MX": 1263, "WMT.MX": 6, "LAMOSA.MX": 200, "IENOVA.MX": 82, "CMOCTEZ.MX": 79, "TS.MX": 14, "CERAMICB.MX": 34, "MEGACPO.MX": 18, "GBMO.MX": 99, "PASAB.MX": 47, "AUTLANB.MX": 58, "GCC.MX": 8, "CHDRAUIB.MX": 19, "AXTELCPO.MX": 210, "ORBIA.MX": 10, "BACHOCOB.MX": 7, "TMMA.MX": 79, "MEDICAB.MX": 12, "BSMXB.MX": 12, "GFINBURO.MX": 10, "GCARSOA1.MX": 4, "ALEATIC.MX": 8, "ARA.MX": 35, "AC.MX": 2, "AZTECACPO.MX": 80, "SORIANAB.MX": 5, "AMXL.MX": 11, "HERDEZ.MX": 4, "VITROA.MX": 3, "MONEXB.MX": 13, "GAPB.MX": 1, "CREAL.MX": 4, "URBI.MX": 2, "GMEXICOB.MX": 2}, "qty": {"GFMULTIO.MX": 24375.0, "ACCELSAB.MX": 17063.13028907776, "WMT.MX": 11106.0, "LAMOSA.MX": 8000.0, "IENOVA.MX": 7625.179824829101, "CMOCTEZ.MX": 6162.0, "TS.MX": 4382.0, "CERAMICB.MX": 1948.1999740600586, "MEGACPO.MX": 1733.0399780273438, "GBMO.MX": 1306.7999811172485, "PASAB.MX": 1127.5299892425537, "AUTLANB.MX": 948.8800354003906, "GCC.MX": 982.4799804687501, "CHDRAUIB.MX": 794.7700347900391, "AXTELCPO.MX": 783.3000040054321, "ORBIA.MX": 643.6000061035156, "BACHOCOB.MX": 588.1399765014648, "TMMA.MX": 574.3299984931946, "MEDICAB.MX": 424.8000183105469, "BSMXB.MX": 349.6799926757813, "GFINBURO.MX": 293.60000610351557, "GCARSOA1.MX": 248.27999877929688, "ALEATIC.MX": 227.60000610351562, "ARA.MX": 236.60000801086426, "AC.MX": 241.7599945068359, "AZTECACPO.MX": 182.39999771118164, "SORIANAB.MX": 164.24999237060547, "AMXL.MX": 165.4399995803833, "HERDEZ.MX": 169.32000732421875, "VITROA.MX": 163.97999954223633, "MONEXB.MX": 154.1799955368042, "GAPB.MX": 204.5800018310547, "CREAL.MX": 102.72000122070312, "URBI.MX": 139.37362670898438, "GMEXICOB.MX": 107.9000015258789}, "pct": {"GFMULTIO.MX": 0.26008088523864814, "ACCELSAB.MX": 0.18206334484208136, "WMT.MX": 0.11850085380350465, "LAMOSA.MX": 0.08535988028345375, "IENOVA.MX": 0.08136055462340236, "CMOCTEZ.MX": 0.06574844778833025, "TS.MX": 0.04675587442526179, "CERAMICB.MX": 0.020787264569249286, "MEGACPO.MX": 0.01849151063135667, "GBMO.MX": 0.013943536242823493, "PASAB.MX": 0.012030728112218534, "AUTLANB.MX": 0.010124535778142086, "GCC.MX": 0.01048304668921281, "CHDRAUIB.MX": 0.008480184377819262, "AXTELCPO.MX": 0.008357799320991566, "ORBIA.MX": 0.006867202433928274, "BACHOCOB.MX": 0.006275444748009792, "TMMA.MX": 0.0061280924893219076, "MEDICAB.MX": 0.004532609838424655, "BSMXB.MX": 0.0037310802890404594, "GFINBURO.MX": 0.003132707671527172, "GCARSOA1.MX": 0.0026491438715721028, "ALEATIC.MX": 0.0024284886591886793, "ARA.MX": 0.002524518544858946, "AC.MX": 0.0025795755235539933, "AZTECACPO.MX": 0.0019462052460410878, "SORIANAB.MX": 0.0017525449606641342, "AMXL.MX": 0.0017652423197845196, "HERDEZ.MX": 0.001806641944348603, "VITROA.MX": 0.0017496641412257615, "MONEXB.MX": 0.0016450982451406298, "GAPB.MX": 0.002182865558085947, "CREAL.MX": 0.00109602087586443, "URBI.MX": 0.0014871145113187097, "GMEXICOB.MX": 0.0011512914016041874}}