{"allocation": {"VALUEGFO.MX": 161, "PASAB.MX": 507, "ACCELSAB.MX": 1029, "GNP.MX": 292, "CYDSASAA.MX": 242, "SIMECB.MX": 100, "KUOB.MX": 132, "ALPEKA.MX": 224, "CMOCTEZ.MX": 41, "BBVA.MX": 16, "CERAMICB.MX": 38, "ASURB.MX": 5, "GMD.MX": 57, "PE&OLES.MX": 4, "GFMULTIO.MX": 141, "MEDICAB.MX": 32, "GCC.MX": 14, "MEGACPO.MX": 14, "GBMO.MX": 71, "AMXL.MX": 54, "LABB.MX": 42, "BIMBOA.MX": 18, "TMMA.MX": 125, "VITROA.MX": 8, "AC.MX": 4, "GRUMAB.MX": 2, "TEAKCPO.MX": 25, "OMAB.MX": 4, "GFNORTEO.MX": 4, "GISSAA.MX": 11, "MFRISCOA-1.MX": 30, "AEROMEX.MX": 11, "BSMXB.MX": 10, "VESTA.MX": 11, "AXTELCPO.MX": 72, "PINFRA.MX": 2, "TLEVISACPO.MX": 3, "CEMEXCPO.MX": 16, "RA.MX": 2, "CREAL.MX": 8, "GCARSOA1.MX": 3, "GENTERA.MX": 7, "HOMEX.MX": 106}, "qty": {"VALUEGFO.MX": 15456.0, "PASAB.MX": 12675.0, "ACCELSAB.MX": 10598.700196266174, "GNP.MX": 9928.0, "CYDSASAA.MX": 7260.0, "SIMECB.MX": 6131.000137329102, "KUOB.MX": 5583.599899291992, "ALPEKA.MX": 5252.8001708984375, "CMOCTEZ.MX": 3033.589912414551, "BBVA.MX": 2688.0, "CERAMICB.MX": 1995.0, "ASURB.MX": 1790.3500366210938, "GMD.MX": 1624.5, "PE&OLES.MX": 1638.5999755859375, "GFMULTIO.MX": 1410.0, "MEDICAB.MX": 1311.0400390625, "GCC.MX": 1280.5800170898438, "MEGACPO.MX": 1120.1400299072266, "GBMO.MX": 944.3000135421753, "AMXL.MX": 915.3000411987305, "LABB.MX": 861.8400192260742, "BIMBOA.MX": 783.1799697875977, "TMMA.MX": 685.0000023841858, "VITROA.MX": 563.5999755859375, "AC.MX": 543.719970703125, "GRUMAB.MX": 498.6000061035156, "TEAKCPO.MX": 422.49999046325684, "OMAB.MX": 406.6799926757813, "GFNORTEO.MX": 431.3200073242187, "GISSAA.MX": 370.36997985839844, "MFRISCOA-1.MX": 342.9000091552734, "AEROMEX.MX": 314.4900016784668, "BSMXB.MX": 287.2999954223633, "VESTA.MX": 267.96000671386713, "AXTELCPO.MX": 272.1599979400635, "PINFRA.MX": 389.2799987792969, "TLEVISACPO.MX": 220.74000549316406, "CEMEXCPO.MX": 235.1999969482422, "RA.MX": 214.6999969482422, "CREAL.MX": 196.47999572753906, "GCARSOA1.MX": 194.79000091552734, "GENTERA.MX": 114.72999572753906, "HOMEX.MX": 66.35599863529205}, "pct": {"VALUEGFO.MX": 0.1525457908939995, "PASAB.MX": 0.12509820778865446, "ACCELSAB.MX": 0.10460579088301056, "GNP.MX": 0.09798619384029678, "CYDSASAA.MX": 0.0716538846978802, "SIMECB.MX": 0.06051101610507811, "KUOB.MX": 0.055108350328231935, "ALPEKA.MX": 0.05184346250503609, "CMOCTEZ.MX": 0.0299405649868877, "BBVA.MX": 0.026529702764173824, "CERAMICB.MX": 0.01969001377028526, "ASURB.MX": 0.01767018389709276, "GMD.MX": 0.016033296927232283, "PE&OLES.MX": 0.01617245918961213, "GFMULTIO.MX": 0.013916250333885823, "MEDICAB.MX": 0.012939547078965389, "GCC.MX": 0.012638916376165992, "MEGACPO.MX": 0.011055424868932849, "GBMO.MX": 0.009319939984925307, "AMXL.MX": 0.00903371950633868, "LABB.MX": 0.008506086138518453, "BIMBOA.MX": 0.007729736536205209, "TMMA.MX": 0.006760731568716819, "VITROA.MX": 0.005562552020160173, "AC.MX": 0.0053663427119416685, "GRUMAB.MX": 0.004921023050647889, "TEAKCPO.MX": 0.004169940165497202, "OMAB.MX": 0.004013801832524131, "GFNORTEO.MX": 0.004256990919104464, "GISSAA.MX": 0.0036554335857203707, "MFRISCOA-1.MX": 0.003384313735387606, "AEROMEX.MX": 0.003103916021887742, "BSMXB.MX": 0.00283555933136302, "VESTA.MX": 0.0026446798105673056, "AXTELCPO.MX": 0.002686132384541683, "PINFRA.MX": 0.00384206944183508, "TLEVISACPO.MX": 0.0021786334575504985, "CEMEXCPO.MX": 0.002321348961745333, "RA.MX": 0.0021190204994441563, "CREAL.MX": 0.0019391948979753549, "GCARSOA1.MX": 0.0019225151881406574, "GENTERA.MX": 0.0011323484690426132, "HOMEX.MX": 0.0006549125447969577}}