{"allocation": {"ACCELSAB.MX": 3404, "GFMULTIO.MX": 927, "LAMOSA.MX": 223, "FRAGUAB.MX": 17, "DINEA.MX": 267, "CMOCTEZ.MX": 35, "TS.MX": 7, "GNP.MX": 47, "IENOVA.MX": 15, "GCC.MX": 9, "PASAB.MX": 42, "MEGACPO.MX": 10, "ACTINVRB.MX": 61, "SIMECB.MX": 11, "ORBIA.MX": 7, "GFINBURO.MX": 13, "AXTELCPO.MX": 106, "CHDRAUIB.MX": 9, "GMD.MX": 14, "ICHB.MX": 3, "BACHOCOB.MX": 3, "MEDICAB.MX": 8, "FEMSAUBD.MX": 2, "TLEVISACPO.MX": 4, "AUTLANB.MX": 14, "OMAB.MX": 2, "TMMA.MX": 24, "CYDSASAA.MX": 5, "GRUMAB.MX": 1, "ARA.MX": 29, "BSMXB.MX": 6, "BIMBOA.MX": 4, "RA.MX": 1, "CREAL.MX": 6, "BOLSAA.MX": 4, "VITROA.MX": 2, "VESTA.MX": 5, "HERDEZ.MX": 3, "GAPB.MX": 1, "LABB.MX": 8, "GISSAA.MX": 4, "SORIANAB.MX": 4, "GCARSOA1.MX": 1, "GMEXICOB.MX": 2, "PE&OLES.MX": 1, "ALFAA.MX": 4}, "qty": {"ACCELSAB.MX": 47826.200649261475, "GFMULTIO.MX": 12051.0, "LAMOSA.MX": 8920.0, "FRAGUAB.MX": 4471.0, "DINEA.MX": 2670.0, "CMOCTEZ.MX": 2590.699882507324, "TS.MX": 2191.0, "GNP.MX": 1692.0, "IENOVA.MX": 1194.4499588012695, "GCC.MX": 985.2300109863281, "PASAB.MX": 924.0, "MEGACPO.MX": 900.6999969482422, "ACTINVRB.MX": 793.0, "SIMECB.MX": 606.650016784668, "ORBIA.MX": 375.61999893188477, "GFINBURO.MX": 342.28999900817865, "AXTELCPO.MX": 350.85999393463135, "CHDRAUIB.MX": 323.189998626709, "GMD.MX": 299.88000106811523, "ICHB.MX": 218.5800018310547, "BACHOCOB.MX": 223.5300064086914, "MEDICAB.MX": 256.0, "FEMSAUBD.MX": 346.05999755859375, "TLEVISACPO.MX": 234.24000549316406, "AUTLANB.MX": 195.8599967956543, "OMAB.MX": 212.5800018310547, "TMMA.MX": 172.79999542236328, "CYDSASAA.MX": 156.94999694824222, "GRUMAB.MX": 212.0, "ARA.MX": 156.30999612808228, "BSMXB.MX": 151.9799995422363, "BIMBOA.MX": 152.1999969482422, "RA.MX": 98.93000030517578, "CREAL.MX": 139.43999862670898, "BOLSAA.MX": 122.44000244140624, "VITROA.MX": 97.54000091552734, "VESTA.MX": 123.99999618530273, "HERDEZ.MX": 113.22000503540039, "GAPB.MX": 168.0500030517578, "LABB.MX": 104.4000015258789, "GISSAA.MX": 99.04000091552736, "SORIANAB.MX": 106.08000183105469, "GCARSOA1.MX": 59.77999877929688, "GMEXICOB.MX": 93.73999786376953, "PE&OLES.MX": 286.29998779296875, "ALFAA.MX": 85.63999938964844}, "pct": {"ACCELSAB.MX": 0.5093558346314527, "GFMULTIO.MX": 0.12834486285371327, "LAMOSA.MX": 0.09499926783297008, "FRAGUAB.MX": 0.04761678547995619, "DINEA.MX": 0.028435879497088576, "CMOCTEZ.MX": 0.027591321974569216, "TS.MX": 0.023334461415026618, "GNP.MX": 0.01802004049028984, "IENOVA.MX": 0.01272106183287465, "GCC.MX": 0.010492839651431642, "PASAB.MX": 0.009840731331576721, "MEGACPO.MX": 0.0095925829873589, "ACTINVRB.MX": 0.008445562712056645, "SIMECB.MX": 0.006460908904193102, "ORBIA.MX": 0.00400040637690023, "GFINBURO.MX": 0.0036454371403951825, "AXTELCPO.MX": 0.003736708804447343, "CHDRAUIB.MX": 0.003442019421578022, "GMD.MX": 0.0031937646344418424, "ICHB.MX": 0.0023279080870941093, "BACHOCOB.MX": 0.002380626339408609, "MEDICAB.MX": 0.0027264363862377064, "FEMSAUBD.MX": 0.003685588160801101, "TLEVISACPO.MX": 0.0024946893519104795, "AUTLANB.MX": 0.002085936804187783, "OMAB.MX": 0.002264007234291663, "TMMA.MX": 0.00184034451195797, "CYDSASAA.MX": 0.001671539775389002, "GRUMAB.MX": 0.0022578301323531004, "ARA.MX": 0.0016647236756885879, "BSMXB.MX": 0.0016186085966107147, "BIMBOA.MX": 0.001620951600253732, "RA.MX": 0.0010536185645411665, "CREAL.MX": 0.0014850558045031062, "BOLSAA.MX": 0.0013040034288565763, "VITROA.MX": 0.0010388148734755975, "VESTA.MX": 0.0013206175839568209, "HERDEZ.MX": 0.0012058091460098903, "GAPB.MX": 0.0017897564180768364, "LABB.MX": 0.0011118748550133918, "GISSAA.MX": 0.001054790086676209, "SORIANAB.MX": 0.0011297670970482423, "GCARSOA1.MX": 0.0006366654837543777, "GMEXICOB.MX": 0.000998344300865727, "PE&OLES.MX": 0.003049135562883442, "ALFAA.MX": 0.0009120781658332518}}