{"allocation": {"VALUEGFO.MX": 281, "CMOCTEZ.MX": 139, "ACCELSAB.MX": 711, "DINEA.MX": 488, "PASAB.MX": 239, "GCC.MX": 36, "LAMOSA.MX": 90, "GFMULTIO.MX": 269, "ICHB.MX": 36, "ORBIA.MX": 42, "GMEXICOB.MX": 27, "FEMSAUBD.MX": 9, "CYDSASAA.MX": 36, "GBMO.MX": 76, "FRES.MX": 4, "BAFARB.MX": 22, "TS.MX": 2, "ASURB.MX": 3, "ARA.MX": 105, "MEDICAB.MX": 19, "BACHOCOB.MX": 6, "TEAKCPO.MX": 33, "GRUMAB.MX": 2, "HERDEZ.MX": 11, "AUTLANB.MX": 25, "PE&OLES.MX": 2, "RA.MX": 3, "GFNORTEO.MX": 3, "GAPB.MX": 2, "AC.MX": 2, "OMAB.MX": 3, "MONEXB.MX": 19, "AEROMEX.MX": 9, "GCARSOA1.MX": 3, "GFINBURO.MX": 7, "BSMXB.MX": 6, "CREAL.MX": 6, "AZTECACPO.MX": 48, "AXTELCPO.MX": 27, "HOMEX.MX": 738}, "qty": {"VALUEGFO.MX": 32315.0, "CMOCTEZ.MX": 10869.799575805664, "ACCELSAB.MX": 8055.629945755006, "DINEA.MX": 5856.0, "PASAB.MX": 5497.0, "GCC.MX": 4357.0799560546875, "LAMOSA.MX": 3600.0, "GFMULTIO.MX": 3497.0, "ICHB.MX": 3179.8800659179688, "ORBIA.MX": 2740.5, "GMEXICOB.MX": 1582.1999588012693, "FEMSAUBD.MX": 1645.5599670410159, "CYDSASAA.MX": 1152.0, "GBMO.MX": 1006.2399826049805, "FRES.MX": 1030.0, "BAFARB.MX": 836.2199630737305, "TS.MX": 803.0599975585938, "ASURB.MX": 994.7699890136719, "ARA.MX": 731.8499779701233, "MEDICAB.MX": 721.8100318908691, "BACHOCOB.MX": 554.7599945068359, "TEAKCPO.MX": 514.8000125885011, "GRUMAB.MX": 482.4800109863282, "HERDEZ.MX": 445.39001846313477, "AUTLANB.MX": 427.25000381469727, "PE&OLES.MX": 632.02001953125, "RA.MX": 339.95999908447266, "GFNORTEO.MX": 389.88002014160156, "GAPB.MX": 352.239990234375, "AC.MX": 247.44000244140625, "OMAB.MX": 340.11000823974615, "MONEXB.MX": 283.09999275207514, "AEROMEX.MX": 256.9499931335449, "GCARSOA1.MX": 232.5300064086914, "GFINBURO.MX": 214.90000534057617, "BSMXB.MX": 184.0800018310547, "CREAL.MX": 157.74000549316406, "AZTECACPO.MX": 112.79999542236328, "AXTELCPO.MX": 104.48999691009521, "HOMEX.MX": 56.08799819648261}, "pct": {"VALUEGFO.MX": 0.33383054961031244, "CMOCTEZ.MX": 0.1122906132305476, "ACCELSAB.MX": 0.08321879536588844, "DINEA.MX": 0.06049548811753024, "PASAB.MX": 0.056786833705953506, "GCC.MX": 0.04501087409642, "LAMOSA.MX": 0.037189849252580065, "GFMULTIO.MX": 0.03612580634340903, "ICHB.MX": 0.03284979452577045, "ORBIA.MX": 0.028310772743526575, "GMEXICOB.MX": 0.01634493832090489, "FEMSAUBD.MX": 0.01699947975287111, "CYDSASAA.MX": 0.01190075176082562, "GBMO.MX": 0.010394975906943892, "FRES.MX": 0.010640429091710408, "BAFARB.MX": 0.008638581769086141, "TS.MX": 0.008296022291661506, "ASURB.MX": 0.010276484981224774, "ARA.MX": 0.007560386210059147, "MEDICAB.MX": 0.007456668409728176, "BACHOCOB.MX": 0.005730955713075382, "TEAKCPO.MX": 0.005318148573164632, "GRUMAB.MX": 0.004984266354434644, "HERDEZ.MX": 0.00460110767923551, "AUTLANB.MX": 0.004413712009731347, "PE&OLES.MX": 0.006529091458605527, "RA.MX": 0.003511961421627443, "GFNORTEO.MX": 0.004027660882127511, "GAPB.MX": 0.0036388200382074113, "AC.MX": 0.002556182330514984, "OMAB.MX": 0.003513511093258312, "MONEXB.MX": 0.0029245683482933844, "AEROMEX.MX": 0.0026544254194688943, "GCARSOA1.MX": 0.0024021544125113086, "GFINBURO.MX": 0.0022200274452762996, "BSMXB.MX": 0.0019016409773643297, "CREAL.MX": 0.0016295352848310898, "AZTECACPO.MX": 0.00116528189595817, "AXTELCPO.MX": 0.0010794353426358328, "HOMEX.MX": 0.0005794178327239364}}