{"allocation": {"TEAKCPO.MX": 1272, "CMOCTEZ.MX": 281, "WMT.MX": 7, "CYDSASAA.MX": 283, "SIMECB.MX": 103, "GCC.MX": 40, "ACCELSAB.MX": 375, "AUTLANB.MX": 201, "MEGACPO.MX": 43, "MONEXB.MX": 166, "VITROA.MX": 16, "ASURB.MX": 2, "AEROMEX.MX": 22, "MEDICAB.MX": 14, "FEMSAUBD.MX": 3, "PASAB.MX": 21, "GMD.MX": 19, "BAFARB.MX": 12, "MFRISCOA-1.MX": 37, "PE&OLES.MX": 1, "BACHOCOB.MX": 4, "GAPB.MX": 2, "ARA.MX": 44, "BOLSAA.MX": 9, "GISSAA.MX": 9, "PINFRA.MX": 2, "BBVA.MX": 2, "CERAMICB.MX": 5, "OMAB.MX": 3, "LAMOSA.MX": 6, "GFNORTEO.MX": 2, "GFINBURO.MX": 7, "DINEA.MX": 21, "BIMBOA.MX": 4, "SORIANAB.MX": 5, "BSMXB.MX": 6, "HOMEX.MX": 342, "CEMEXCPO.MX": 10, "TLEVISACPO.MX": 1, "TMMA.MX": 30, "RCENTROA.MX": 9, "AZTECACPO.MX": 26}, "qty": {"TEAKCPO.MX": 24168.0, "CMOCTEZ.MX": 20468.038970947266, "WMT.MX": 11902.309692382812, "CYDSASAA.MX": 9339.0, "SIMECB.MX": 6375.700157165527, "GCC.MX": 3986.799926757813, "ACCELSAB.MX": 3866.250157356262, "AUTLANB.MX": 3698.399923324586, "MEGACPO.MX": 3587.9201049804688, "MONEXB.MX": 2407.0, "VITROA.MX": 1085.9200439453125, "ASURB.MX": 668.0599975585938, "AEROMEX.MX": 642.400016784668, "MEDICAB.MX": 559.8600234985352, "FEMSAUBD.MX": 523.5600128173828, "PASAB.MX": 508.2000160217285, "GMD.MX": 490.1999855041504, "BAFARB.MX": 460.07826232910156, "MFRISCOA-1.MX": 425.12999153137207, "PE&OLES.MX": 411.9400024414063, "BACHOCOB.MX": 366.6400146484375, "GAPB.MX": 364.239990234375, "ARA.MX": 322.5199966430664, "BOLSAA.MX": 314.45998764038086, "GISSAA.MX": 270.4499931335449, "PINFRA.MX": 384.760009765625, "BBVA.MX": 311.1600036621094, "CERAMICB.MX": 250.0, "OMAB.MX": 276.3300018310547, "LAMOSA.MX": 240.0, "GFNORTEO.MX": 226.32000732421875, "GFINBURO.MX": 210.8400058746338, "DINEA.MX": 219.87000560760498, "BIMBOA.MX": 176.44000244140625, "SORIANAB.MX": 190.0, "BSMXB.MX": 159.66000366210935, "HOMEX.MX": 160.39800399541855, "CEMEXCPO.MX": 124.49999809265137, "TLEVISACPO.MX": 64.51000213623047, "TMMA.MX": 102.60000228881836, "RCENTROA.MX": 94.04999828338623, "AZTECACPO.MX": 71.5}, "pct": {"TEAKCPO.MX": 0.2405350164893169, "CMOCTEZ.MX": 0.2037106956049645, "WMT.MX": 0.11845921293107647, "CYDSASAA.MX": 0.09294755540358038, "SIMECB.MX": 0.06345494631060702, "GCC.MX": 0.039679120577718385, "ACCELSAB.MX": 0.038479334051287346, "AUTLANB.MX": 0.03680878378603805, "MEGACPO.MX": 0.03570921969603727, "MONEXB.MX": 0.023955965933870647, "VITROA.MX": 0.010807753876053686, "ASURB.MX": 0.00664894995566904, "AEROMEX.MX": 0.0063935658155427665, "MEDICAB.MX": 0.005572076298573714, "FEMSAUBD.MX": 0.005210795941582926, "PASAB.MX": 0.005057923669052366, "GMD.MX": 0.004878776133577612, "BAFARB.MX": 0.004578985949011367, "MFRISCOA-1.MX": 0.004231158950806924, "PE&OLES.MX": 0.004099883949017416, "BACHOCOB.MX": 0.003649030203951726, "GAPB.MX": 0.003625143663401772, "ARA.MX": 0.003209920254496624, "BOLSAA.MX": 0.0031297020155705646, "GISSAA.MX": 0.002691687088625988, "PINFRA.MX": 0.0038293717019780016, "BBVA.MX": 0.0030968585158755954, "CERAMICB.MX": 0.002488155996455198, "OMAB.MX": 0.0027502086042256583, "LAMOSA.MX": 0.00238862975659699, "GFNORTEO.MX": 0.002252477933366157, "GFINBURO.MX": 0.002098411299638477, "DINEA.MX": 0.0021882834915728016, "BIMBOA.MX": 0.001756041000356619, "SORIANAB.MX": 0.0018909985573059506, "BSMXB.MX": 0.001589035982023745, "HOMEX.MX": 0.001596381021842582, "CEMEXCPO.MX": 0.001239101667251565, "TLEVISACPO.MX": 0.0006420437945863979, "TMMA.MX": 0.0010211392437249618, "RCENTROA.MX": 0.0009360442687816341, "AZTECACPO.MX": 0.0007116126149861867}}