{"allocation": {"VALUEGFO.MX": 179, "CMOCTEZ.MX": 152, "ALPEKA.MX": 237, "IENOVA.MX": 80, "MEGACPO.MX": 46, "ACCELSAB.MX": 310, "PASAB.MX": 134, "GNP.MX": 83, "AUTLANB.MX": 151, "DINEA.MX": 217, "LAMOSA.MX": 57, "KUOB.MX": 56, "FRES.MX": 6, "TS.MX": 5, "CERAMICB.MX": 37, "SIMECB.MX": 27, "ORBIA.MX": 26, "ASURB.MX": 4, "AMXL.MX": 77, "FEMSAUBD.MX": 7, "BACHOCOB.MX": 12, "GFMULTIO.MX": 83, "BBVA.MX": 7, "CYDSASAA.MX": 30, "GMEXICOB.MX": 17, "MEDICAB.MX": 21, "VITROA.MX": 14, "ARA.MX": 100, "ALEATIC.MX": 23, "GFNORTEO.MX": 6, "GAPB.MX": 3, "HERDEZ.MX": 14, "AC.MX": 4, "PE&OLES.MX": 2, "GFINBURO.MX": 16, "ALFAA.MX": 21, "GCARSOA1.MX": 6, "BIMBOA.MX": 9, "AZTECACPO.MX": 112, "MFRISCOA-1.MX": 30}, "qty": {"VALUEGFO.MX": 21838.0, "CMOCTEZ.MX": 11472.960510253906, "ALPEKA.MX": 7050.75, "IENOVA.MX": 6667.19970703125, "MEGACPO.MX": 3910.0, "ACCELSAB.MX": 3223.9998817443843, "PASAB.MX": 3202.599948883057, "GNP.MX": 2988.0, "AUTLANB.MX": 2660.620126724243, "DINEA.MX": 2387.0, "LAMOSA.MX": 2258.3399391174316, "KUOB.MX": 2128.0, "FRES.MX": 2076.0, "TS.MX": 2007.6499938964844, "CERAMICB.MX": 1887.0, "SIMECB.MX": 1674.5400123596191, "ORBIA.MX": 1460.9399642944334, "ASURB.MX": 1266.6400146484375, "AMXL.MX": 1193.5, "FEMSAUBD.MX": 1163.75, "BACHOCOB.MX": 1093.1999816894531, "GFMULTIO.MX": 1079.0, "BBVA.MX": 963.2700042724609, "CYDSASAA.MX": 836.9999885559083, "GMEXICOB.MX": 841.8400077819824, "MEDICAB.MX": 808.5, "VITROA.MX": 760.7600021362305, "ARA.MX": 644.0000057220459, "ALEATIC.MX": 618.6999912261964, "GFNORTEO.MX": 637.1999816894532, "GAPB.MX": 509.82000732421875, "HERDEZ.MX": 552.0200042724609, "AC.MX": 478.7200012207031, "PE&OLES.MX": 673.760009765625, "GFINBURO.MX": 450.7200012207031, "ALFAA.MX": 430.0799903869629, "GCARSOA1.MX": 373.0199890136719, "BIMBOA.MX": 342.54001235961914, "AZTECACPO.MX": 294.5600128173828, "MFRISCOA-1.MX": 225.30000686645508}, "pct": {"VALUEGFO.MX": 0.2295559302404566, "CMOCTEZ.MX": 0.12060106797982229, "ALPEKA.MX": 0.07411582906598128, "IENOVA.MX": 0.07008403841223822, "MEGACPO.MX": 0.041101002254793725, "ACCELSAB.MX": 0.033889930027885075, "PASAB.MX": 0.033664978956584345, "GNP.MX": 0.03140915466427715, "AUTLANB.MX": 0.027967814278169485, "DINEA.MX": 0.025091583729461027, "LAMOSA.MX": 0.02373913936822411, "KUOB.MX": 0.02236903652127904, "FRES.MX": 0.02182242472658613, "TS.MX": 0.021103945505364707, "CERAMICB.MX": 0.01983570108818306, "SIMECB.MX": 0.01760237156617264, "ORBIA.MX": 0.015357057996568738, "ASURB.MX": 0.013314622531477591, "AMXL.MX": 0.012545791864730513, "FEMSAUBD.MX": 0.012233066847574475, "BACHOCOB.MX": 0.011491461614413981, "GFMULTIO.MX": 0.011342194739877859, "BBVA.MX": 0.010125668188638767, "CYDSASAA.MX": 0.008798347421201716, "GMEXICOB.MX": 0.008849224567269264, "MEDICAB.MX": 0.008498762230946477, "VITROA.MX": 0.00799693057881281, "ARA.MX": 0.006769576902114828, "ALEATIC.MX": 0.006503629088089196, "GFNORTEO.MX": 0.006698096645568475, "GAPB.MX": 0.005359108253343138, "HERDEZ.MX": 0.005802704716187636, "AC.MX": 0.005032192288896924, "PE&OLES.MX": 0.007082407079428848, "GFINBURO.MX": 0.0047378628609853575, "ALFAA.MX": 0.004520899911671669, "GCARSOA1.MX": 0.003921098570213314, "BIMBOA.MX": 0.0036007002098081267, "AZTECACPO.MX": 0.003096345716362997, "MFRISCOA-1.MX": 0.0023683007903384174}}