{"allocation": {"ACCELSAB.MX": 2715, "VALUEGFO.MX": 144, "WMT.MX": 5, "BAFARB.MX": 116, "RCENTROA.MX": 249, "MEGACPO.MX": 29, "MEDICAB.MX": 41, "TS.MX": 4, "GCC.MX": 10, "HERDEZ.MX": 25, "FRAGUAB.MX": 4, "GFINBURO.MX": 36, "CMOCTEZ.MX": 11, "IENOVA.MX": 9, "CYDSASAA.MX": 22, "GRUMAB.MX": 3, "GCARSOA1.MX": 9, "ACTINVRB.MX": 49, "BACHOCOB.MX": 8, "VESTA.MX": 22, "PINFRA.MX": 2, "GISSAA.MX": 22, "ALEATIC.MX": 20, "CERAMICB.MX": 10, "BSMXB.MX": 18, "CEMEXCPO.MX": 41, "AC.MX": 4, "ARA.MX": 71, "MONEXB.MX": 23, "AXTELCPO.MX": 95, "LABB.MX": 22, "GFNORTEO.MX": 2, "RA.MX": 3, "GENTERA.MX": 16, "ASURB.MX": 1, "GAPB.MX": 1, "GMEXICOB.MX": 4, "HOMEX.MX": 517}, "qty": {"ACCELSAB.MX": 38552.999482154846, "VALUEGFO.MX": 17280.0, "WMT.MX": 9945.0, "BAFARB.MX": 4582.0, "RCENTROA.MX": 3610.5, "MEGACPO.MX": 2701.9299468994145, "MEDICAB.MX": 1414.0900688171387, "TS.MX": 1252.0, "GCC.MX": 1061.999969482422, "HERDEZ.MX": 1044.7500228881836, "FRAGUAB.MX": 1060.0, "GFINBURO.MX": 987.120002746582, "CMOCTEZ.MX": 759.0, "IENOVA.MX": 697.1399917602539, "CYDSASAA.MX": 659.7799949645996, "GRUMAB.MX": 668.6999816894532, "GCARSOA1.MX": 587.879997253418, "ACTINVRB.MX": 612.00998878479, "BACHOCOB.MX": 567.2000122070312, "VESTA.MX": 558.1400184631348, "PINFRA.MX": 360.95999145507807, "GISSAA.MX": 536.3599815368652, "ALEATIC.MX": 530.0, "CERAMICB.MX": 510.0, "BSMXB.MX": 449.81999588012695, "CEMEXCPO.MX": 429.27001094818115, "AC.MX": 420.6000061035156, "ARA.MX": 378.4299945831299, "MONEXB.MX": 305.90000438690186, "AXTELCPO.MX": 302.1000063419342, "LABB.MX": 275.6599941253662, "GFNORTEO.MX": 186.3000030517578, "RA.MX": 263.2800064086914, "GENTERA.MX": 241.44000244140625, "ASURB.MX": 273.4200134277344, "GAPB.MX": 141.11000061035156, "GMEXICOB.MX": 167.9199981689453, "HOMEX.MX": 109.60399870574473}, "pct": {"ACCELSAB.MX": 0.4080355485061061, "VALUEGFO.MX": 0.1828873076775561, "WMT.MX": 0.10525545572067681, "BAFARB.MX": 0.04849477105200012, "RCENTROA.MX": 0.038212651873253255, "MEGACPO.MX": 0.028596567912140974, "MEDICAB.MX": 0.014966384577519474, "TS.MX": 0.013250862801637744, "GCC.MX": 0.01123994879469253, "HERDEZ.MX": 0.011057379564935474, "FRAGUAB.MX": 0.011218781605220454, "GFINBURO.MX": 0.010447437480149546, "CMOCTEZ.MX": 0.008033070979587099, "IENOVA.MX": 0.007378359731908939, "CYDSASAA.MX": 0.0069829506330200885, "GRUMAB.MX": 0.007077357598102729, "GCARSOA1.MX": 0.006221978584211035, "ACTINVRB.MX": 0.006477364532443377, "BACHOCOB.MX": 0.00600310666361232, "VESTA.MX": 0.005907217898369454, "PINFRA.MX": 0.003820312558827134, "GISSAA.MX": 0.005676703296832232, "ALEATIC.MX": 0.005609390802610227, "CERAMICB.MX": 0.005397715677983426, "BSMXB.MX": 0.0047607851843776494, "CEMEXCPO.MX": 0.004543289153300224, "AC.MX": 0.004451527935499747, "ARA.MX": 0.0040052108132951824, "MONEXB.MX": 0.0032375710775968216, "AXTELCPO.MX": 0.0031973528246093154, "LABB.MX": 0.0029175181805555068, "GFNORTEO.MX": 0.0019717538181977124, "RA.MX": 0.0027864914084152364, "GENTERA.MX": 0.0025553421303339905, "ASURB.MX": 0.002893810770888864, "GAPB.MX": 0.0014934738482642069, "GMEXICOB.MX": 0.001777224326987185, "HOMEX.MX": 0.0011600220042817127}}