{"allocation": {"ACCELSAB.MX": 6021, "CMOCTEZ.MX": 106, "CYDSASAA.MX": 220, "HERDEZ.MX": 140, "FRAGUAB.MX": 8, "BACHOCOB.MX": 16, "ALEATIC.MX": 38, "TS.MX": 2, "GCC.MX": 6, "MONEXB.MX": 43, "MEGACPO.MX": 6, "CREAL.MX": 18, "GBMO.MX": 38, "BAFARB.MX": 12, "MEDICAB.MX": 11, "GMEXICOB.MX": 5, "ICHB.MX": 3, "LAMOSA.MX": 7, "BOLSAA.MX": 5, "PASAB.MX": 8, "GFINBURO.MX": 5, "WMT.MX": 1, "CERAMICB.MX": 3, "FEMSAUBD.MX": 1, "SIMECB.MX": 2, "GFNORTEO.MX": 1, "AC.MX": 1, "DINEA.MX": 12, "OMAB.MX": 1, "VITROA.MX": 1, "MFRISCOA-1.MX": 10, "TMMA.MX": 25, "BSMXB.MX": 3, "BIMBOA.MX": 2, "GCARSOA1.MX": 1, "AZTECACPO.MX": 18, "HOMEX.MX": 177}, "qty": {"ACCELSAB.MX": 62377.5579328537, "CMOCTEZ.MX": 8056.0, "CYDSASAA.MX": 6930.0, "HERDEZ.MX": 6267.800064086914, "FRAGUAB.MX": 1928.0, "BACHOCOB.MX": 1541.5999755859375, "ALEATIC.MX": 1062.8599739074705, "TS.MX": 735.8400268554688, "GCC.MX": 653.0999908447266, "MONEXB.MX": 687.569990158081, "MEGACPO.MX": 516.0, "CREAL.MX": 493.9200096130371, "GBMO.MX": 505.4000072479248, "BAFARB.MX": 460.07826232910156, "MEDICAB.MX": 438.90001678466797, "GMEXICOB.MX": 310.84999084472656, "ICHB.MX": 278.759994506836, "LAMOSA.MX": 273.77000427246094, "BOLSAA.MX": 180.40000915527344, "PASAB.MX": 192.8000030517578, "GFINBURO.MX": 155.79999923706055, "WMT.MX": 1654.1500244140625, "CERAMICB.MX": 153.0, "FEMSAUBD.MX": 180.77999877929688, "SIMECB.MX": 121.68000030517578, "GFNORTEO.MX": 117.0199966430664, "AC.MX": 129.25999450683594, "DINEA.MX": 132.0, "OMAB.MX": 99.04000091552734, "VITROA.MX": 62.290000915527344, "MFRISCOA-1.MX": 100.6999969482422, "TMMA.MX": 100.0, "BSMXB.MX": 83.15999794006346, "BIMBOA.MX": 87.05999755859376, "GCARSOA1.MX": 67.19999694824219, "AZTECACPO.MX": 52.560001373291016, "HOMEX.MX": 30.090000316500653}, "pct": {"ACCELSAB.MX": 0.6416322282446928, "CMOCTEZ.MX": 0.08286616857145004, "CYDSASAA.MX": 0.07128383170309692, "HERDEZ.MX": 0.06447226622179389, "FRAGUAB.MX": 0.01983192316357444, "BACHOCOB.MX": 0.015857309265969163, "ALEATIC.MX": 0.01093286168888573, "TS.MX": 0.0075690471334440915, "GCC.MX": 0.0067179610148152425, "MONEXB.MX": 0.007072528638171523, "MEGACPO.MX": 0.0053077138757284285, "CREAL.MX": 0.005080593194812085, "GBMO.MX": 0.0051986795179516645, "BAFARB.MX": 0.004732487939699993, "MEDICAB.MX": 0.004514642847181051, "GMEXICOB.MX": 0.0031974860652647487, "ICHB.MX": 0.002867399788453322, "LAMOSA.MX": 0.002816071415572039, "BOLSAA.MX": 0.0018556426972383341, "PASAB.MX": 0.00198319234774864, "GFINBURO.MX": 0.0016026004220717537, "WMT.MX": 0.017015029141703563, "CERAMICB.MX": 0.0015737988817566852, "FEMSAUBD.MX": 0.0018595513720446558, "SIMECB.MX": 0.0012516329961597306, "GFNORTEO.MX": 0.0012036989533335228, "AC.MX": 0.0013296028419002202, "DINEA.MX": 0.0013577872705351794, "OMAB.MX": 0.0010187519130067844, "VITROA.MX": 0.0006407315933691492, "MFRISCOA-1.MX": 0.0010358270757519295, "TMMA.MX": 0.0010286267201024086, "BSMXB.MX": 0.0008554059592481054, "BIMBOA.MX": 0.0008955223974082001, "GCARSOA1.MX": 0.0006912371245176224, "AZTECACPO.MX": 0.0005406462182118644, "HOMEX.MX": 0.0003095137833344251}}