{"allocation": {"WMT.MX": 11, "KUOB.MX": 136, "GCC.MX": 53, "AUTLANB.MX": 310, "CMOCTEZ.MX": 63, "BACHOCOB.MX": 41, "GMD.MX": 126, "CERAMICB.MX": 62, "GFMULTIO.MX": 307, "CYDSASAA.MX": 95, "GISSAA.MX": 86, "VALUEGFO.MX": 29, "MEGACPO.MX": 30, "VITROA.MX": 36, "FRES.MX": 8, "GFNORTEO.MX": 19, "ACCELSAB.MX": 216, "GAPB.MX": 10, "TS.MX": 5, "CEMEXCPO.MX": 109, "PE&OLES.MX": 4, "BSMXB.MX": 54, "TMMA.MX": 289, "MEDICAB.MX": 39, "GMEXICOB.MX": 23, "GBMO.MX": 115, "CREAL.MX": 61, "MONEXB.MX": 88, "PINFRA.MX": 7, "SORIANAB.MX": 31, "OMAB.MX": 13, "GRUMAB.MX": 5, "TLEVISACPO.MX": 14, "ALEATIC.MX": 33, "AZTECACPO.MX": 263, "HOMEX.MX": 925}, "qty": {"WMT.MX": 22084.48059082031, "KUOB.MX": 5725.599792480468, "GCC.MX": 5552.280113220216, "AUTLANB.MX": 5462.2002601623535, "CMOCTEZ.MX": 4698.540115356445, "BACHOCOB.MX": 3921.650062561035, "GMD.MX": 3591.0, "CERAMICB.MX": 3462.6999053955074, "GFMULTIO.MX": 3070.0, "CYDSASAA.MX": 3017.200021743775, "GISSAA.MX": 2927.4400787353516, "VALUEGFO.MX": 2755.0, "MEGACPO.MX": 2554.8001098632812, "VITROA.MX": 2512.8001098632812, "FRES.MX": 2796.0, "GFNORTEO.MX": 2272.0200347900386, "ACCELSAB.MX": 2226.960090637207, "GAPB.MX": 1945.8999633789065, "TS.MX": 1671.0000610351562, "CEMEXCPO.MX": 1687.3199501037598, "PE&OLES.MX": 1725.4000244140625, "BSMXB.MX": 1582.1999588012695, "TMMA.MX": 1580.829939365387, "MEDICAB.MX": 1551.0300178527832, "GMEXICOB.MX": 1517.5400772094727, "GBMO.MX": 1529.5000219345093, "CREAL.MX": 1525.0, "MONEXB.MX": 1355.1999664306638, "PINFRA.MX": 1335.4599914550781, "SORIANAB.MX": 1257.6699905395508, "OMAB.MX": 1234.8699722290037, "GRUMAB.MX": 1111.500015258789, "TLEVISACPO.MX": 1078.2799530029297, "ALEATIC.MX": 1044.4499874114993, "AZTECACPO.MX": 883.679972410202, "HOMEX.MX": 508.7500110268593}, "pct": {"WMT.MX": 0.21081778267529983, "KUOB.MX": 0.054656402163183224, "GCC.MX": 0.0530018977556479, "AUTLANB.MX": 0.05214199820730765, "CMOCTEZ.MX": 0.0448521215999131, "BACHOCOB.MX": 0.03743595269164803, "GMD.MX": 0.034279577211414135, "CERAMICB.MX": 0.03305482839514389, "GFMULTIO.MX": 0.029306126994998995, "CYDSASAA.MX": 0.02880210000212925, "GISSAA.MX": 0.02794525430542934, "VALUEGFO.MX": 0.026299146537857407, "MEGACPO.MX": 0.024388044451625637, "VITROA.MX": 0.023987113724006758, "FRES.MX": 0.026690531295771074, "GFNORTEO.MX": 0.02168863442173906, "ACCELSAB.MX": 0.02125849355993761, "GAPB.MX": 0.018575502099787013, "TS.MX": 0.015951315960048, "CEMEXCPO.MX": 0.0161071051266893, "PE&OLES.MX": 0.01647061636242765, "BSMXB.MX": 0.015103632874303644, "TMMA.MX": 0.015090554710273157, "MEDICAB.MX": 0.014806085562296165, "GMEXICOB.MX": 0.014486391603485794, "GBMO.MX": 0.014600560873506996, "CREAL.MX": 0.014557603800447384, "MONEXB.MX": 0.012936697824050622, "PINFRA.MX": 0.01274826062095205, "SORIANAB.MX": 0.012005679628844058, "OMAB.MX": 0.011788031344773311, "GRUMAB.MX": 0.010610345473002408, "TLEVISACPO.MX": 0.010293227765102738, "ALEATIC.MX": 0.009970287938438599, "AZTECACPO.MX": 0.008435582245729835, "HOMEX.MX": 0.004856512192788364}}