{"allocation": {"VALUEGFO.MX": 311, "CMOCTEZ.MX": 103, "ACCELSAB.MX": 734, "GCC.MX": 50, "PASAB.MX": 257, "DINEA.MX": 351, "GFMULTIO.MX": 300, "GMEXICOB.MX": 51, "LAMOSA.MX": 64, "KUOB.MX": 45, "ORBIA.MX": 30, "FEMSAUBD.MX": 8, "TS.MX": 4, "CYDSASAA.MX": 34, "GBMO.MX": 72, "ASURB.MX": 3, "FRES.MX": 3, "BAFARB.MX": 21, "MEDICAB.MX": 17, "AUTLANB.MX": 35, "ARA.MX": 86, "BACHOCOB.MX": 6, "TEAKCPO.MX": 27, "MONEXB.MX": 29, "HERDEZ.MX": 9, "RA.MX": 4, "PE&OLES.MX": 1, "GFNORTEO.MX": 3, "GAPB.MX": 2, "AC.MX": 2, "AEROMEX.MX": 11, "OMAB.MX": 3, "GCARSOA1.MX": 3, "GFINBURO.MX": 7, "CREAL.MX": 7, "AZTECACPO.MX": 44, "AXTELCPO.MX": 24, "HOMEX.MX": 492}, "qty": {"VALUEGFO.MX": 35765.0, "CMOCTEZ.MX": 8079.320251464844, "ACCELSAB.MX": 7927.20013999939, "GCC.MX": 6442.500305175781, "PASAB.MX": 5905.859882354736, "DINEA.MX": 4036.5, "GFMULTIO.MX": 3900.0, "GMEXICOB.MX": 2875.8899688720703, "LAMOSA.MX": 2592.0, "KUOB.MX": 1969.1999244689941, "ORBIA.MX": 1722.9000091552734, "FEMSAUBD.MX": 1399.5999755859375, "TS.MX": 1606.1199951171875, "CYDSASAA.MX": 1052.3000259399414, "GBMO.MX": 957.6000137329102, "ASURB.MX": 946.1099853515625, "FRES.MX": 1020.0, "BAFARB.MX": 798.0, "MEDICAB.MX": 677.4499740600585, "AUTLANB.MX": 592.2000026702881, "ARA.MX": 581.3600196838379, "BACHOCOB.MX": 574.0800018310547, "TEAKCPO.MX": 437.40002059936523, "MONEXB.MX": 406.0, "HERDEZ.MX": 376.74000549316406, "RA.MX": 426.55999755859375, "PE&OLES.MX": 356.0400085449219, "GFNORTEO.MX": 351.20999908447266, "GAPB.MX": 367.7799987792969, "AC.MX": 244.52000427246097, "AEROMEX.MX": 296.8899974822998, "OMAB.MX": 310.70999908447266, "GCARSOA1.MX": 201.15000915527344, "GFINBURO.MX": 194.59999465942383, "CREAL.MX": 162.04999732971194, "AZTECACPO.MX": 106.0400037765503, "AXTELCPO.MX": 95.28000068664551, "HOMEX.MX": 54.61200070381161}, "pct": {"VALUEGFO.MX": 0.3732956707619725, "CMOCTEZ.MX": 0.08432756249325758, "ACCELSAB.MX": 0.08273981528101425, "GCC.MX": 0.06724332371885379, "PASAB.MX": 0.06164216206374487, "DINEA.MX": 0.04213079756831265, "GFMULTIO.MX": 0.04070608460706537, "GMEXICOB.MX": 0.0300169795880813, "LAMOSA.MX": 0.027053890077311137, "KUOB.MX": 0.020553440700938872, "ORBIA.MX": 0.01798269578004827, "FEMSAUBD.MX": 0.014608265390319947, "TS.MX": 0.016763809335984526, "CYDSASAA.MX": 0.010983336894340598, "GBMO.MX": 0.009994909533009948, "ASURB.MX": 0.009874982849053866, "FRES.MX": 0.010646206743386327, "BAFARB.MX": 0.008329091158061068, "MEDICAB.MX": 0.0070708553746520455, "AUTLANB.MX": 0.006181062413590021, "ARA.MX": 0.006067920550875767, "BACHOCOB.MX": 0.005991935673271578, "TEAKCPO.MX": 0.004565344165551255, "MONEXB.MX": 0.0042376077821714205, "HERDEZ.MX": 0.003932207830377181, "RA.MX": 0.004452201884771721, "PE&OLES.MX": 0.003716152490084581, "GFNORTEO.MX": 0.0036657394711743316, "GAPB.MX": 0.0038386881402811424, "AC.MX": 0.002552167174880713, "AEROMEX.MX": 0.003098776758078441, "OMAB.MX": 0.0032430224387163453, "GCARSOA1.MX": 0.002099494690099111, "GFINBURO.MX": 0.002031129191574609, "CREAL.MX": 0.0016913899748405054, "AZTECACPO.MX": 0.0011067880424260994, "AXTELCPO.MX": 0.000994480966490215, "HOMEX.MX": 0.0005700104413360177}}