{"allocation": {"ACCELSAB.MX": 6715, "HERDEZ.MX": 105, "CYDSASAA.MX": 134, "BACHOCOB.MX": 26, "KUOB.MX": 54, "CMOCTEZ.MX": 25, "ALEATIC.MX": 51, "MEDICAB.MX": 37, "GCC.MX": 11, "CREAL.MX": 36, "GBMO.MX": 37, "MONEXB.MX": 35, "BAFARB.MX": 12, "GMEXICOB.MX": 6, "MEGACPO.MX": 4, "ICHB.MX": 4, "WMT.MX": 1, "LAMOSA.MX": 7, "LABB.MX": 12, "BOLSAA.MX": 7, "PASAB.MX": 9, "CERAMICB.MX": 4, "GFINBURO.MX": 5, "AC.MX": 1, "GFNORTEO.MX": 1, "SIMECB.MX": 2, "DINEA.MX": 11, "OMAB.MX": 1, "TMMA.MX": 31, "VITROA.MX": 1, "BIMBOA.MX": 2, "BSMXB.MX": 3, "MFRISCOA-1.MX": 8, "GCARSOA1.MX": 1, "AZTECACPO.MX": 19, "HOMEX.MX": 88}, "qty": {"ACCELSAB.MX": 69500.25256156923, "HERDEZ.MX": 4828.950176239014, "CYDSASAA.MX": 4221.0, "BACHOCOB.MX": 2477.8000793457027, "KUOB.MX": 2268.0, "CMOCTEZ.MX": 1854.9999237060547, "ALEATIC.MX": 1741.1399688720703, "MEDICAB.MX": 1472.5999717712402, "GCC.MX": 1075.6900100708008, "CREAL.MX": 940.3200302124023, "GBMO.MX": 492.10000705718994, "MONEXB.MX": 490.0, "BAFARB.MX": 454.10321044921875, "GMEXICOB.MX": 363.2999954223633, "MEGACPO.MX": 335.8800048828125, "ICHB.MX": 306.0799865722656, "WMT.MX": 1602.0, "LAMOSA.MX": 292.5300064086914, "LABB.MX": 236.40000915527344, "BOLSAA.MX": 243.18001174926758, "PASAB.MX": 217.80000686645508, "CERAMICB.MX": 204.0, "GFINBURO.MX": 150.45000076293945, "AC.MX": 125.70999908447266, "GFNORTEO.MX": 111.12999725341795, "SIMECB.MX": 115.0, "DINEA.MX": 120.4499979019165, "OMAB.MX": 88.6500015258789, "TMMA.MX": 115.01000118255615, "VITROA.MX": 60.040000915527344, "BIMBOA.MX": 79.55999755859376, "BSMXB.MX": 78.44999885559083, "MFRISCOA-1.MX": 85.5999984741211, "GCARSOA1.MX": 64.02999877929688, "AZTECACPO.MX": 49.20999836921692, "HOMEX.MX": 31.944000482559204}, "pct": {"ACCELSAB.MX": 0.7172860203873658, "HERDEZ.MX": 0.04983778226553748, "CYDSASAA.MX": 0.04356335668525677, "BACHOCOB.MX": 0.02557244459874304, "KUOB.MX": 0.023407176726406624, "CMOCTEZ.MX": 0.01914475795487585, "ALEATIC.MX": 0.017969652097353912, "MEDICAB.MX": 0.015198151581371616, "GCC.MX": 0.011101792843279256, "CREAL.MX": 0.009704690091076594, "GBMO.MX": 0.005078779467483947, "MONEXB.MX": 0.005057106082865629, "BAFARB.MX": 0.004686628791452153, "GMEXICOB.MX": 0.003749482891337731, "MEGACPO.MX": 0.00346649146082818, "ICHB.MX": 0.003158936657016397, "WMT.MX": 0.01653364070357293, "LAMOSA.MX": 0.0030190923976124787, "LABB.MX": 0.0024397957638543338, "BOLSAA.MX": 0.0025097696258133797, "PASAB.MX": 0.002247832121576583, "CERAMICB.MX": 0.002105407430417527, "GFINBURO.MX": 0.0015527379878069378, "AC.MX": 0.0012974057164226924, "GFNORTEO.MX": 0.0011469309899981644, "SIMECB.MX": 0.0011868718357745862, "DINEA.MX": 0.0012431192185121105, "OMAB.MX": 0.0009149233917603458, "TMMA.MX": 0.0011869750542258936, "VITROA.MX": 0.0006196503139697372, "BIMBOA.MX": 0.0008211088726659981, "BSMXB.MX": 0.0008096529926804285, "MFRISCOA-1.MX": 0.0008834454550546251, "GCARSOA1.MX": 0.0006608295843115531, "AZTECACPO.MX": 0.0005078779226342338, "HOMEX.MX": 0.00032968203908451577}}