{"allocation": {"GFMULTIO.MX": 1028, "ACCELSAB.MX": 1054, "WMT.MX": 7, "VALUEGFO.MX": 92, "CERAMICB.MX": 114, "CMOCTEZ.MX": 61, "ALPEKA.MX": 161, "PASAB.MX": 107, "CULTIBAB.MX": 119, "FRES.MX": 7, "AUTLANB.MX": 106, "BAFARB.MX": 39, "TEAKCPO.MX": 102, "ACTINVRB.MX": 103, "ORBIA.MX": 19, "BACHOCOB.MX": 13, "CHDRAUIB.MX": 27, "MONEXB.MX": 96, "MEGACPO.MX": 11, "ASURB.MX": 3, "KUOB.MX": 18, "TLEVISACPO.MX": 10, "BSMXB.MX": 23, "MEDICAB.MX": 17, "GRUMAB.MX": 2, "BBVA.MX": 6, "SIMECB.MX": 11, "CYDSASAA.MX": 19, "ARA.MX": 84, "AXTELCPO.MX": 134, "ALEATIC.MX": 17, "AC.MX": 4, "SORIANAB.MX": 12, "HERDEZ.MX": 9, "ICHB.MX": 5, "AZTECACPO.MX": 130}, "qty": {"GFMULTIO.MX": 13364.0, "ACCELSAB.MX": 12679.619718551636, "WMT.MX": 12852.0, "VALUEGFO.MX": 9016.0, "CERAMICB.MX": 6532.199913024902, "CMOCTEZ.MX": 4767.150093078613, "ALPEKA.MX": 4538.590085983276, "PASAB.MX": 2568.0, "CULTIBAB.MX": 2218.1599273681645, "FRES.MX": 1680.0, "AUTLANB.MX": 1779.7400970458984, "BAFARB.MX": 1501.5, "TEAKCPO.MX": 1429.0200233459473, "ACTINVRB.MX": 1411.099980354309, "ORBIA.MX": 1229.1100463867188, "BACHOCOB.MX": 1201.3300476074219, "CHDRAUIB.MX": 1224.180004119873, "MONEXB.MX": 1138.5599670410156, "MEGACPO.MX": 988.5700302124023, "ASURB.MX": 1073.7600402832031, "KUOB.MX": 864.0, "TLEVISACPO.MX": 689.4000244140625, "BSMXB.MX": 695.5199947357178, "MEDICAB.MX": 633.0800285339355, "GRUMAB.MX": 484.1000061035156, "BBVA.MX": 717.5399780273438, "SIMECB.MX": 597.9600067138672, "CYDSASAA.MX": 595.8400115966796, "ARA.MX": 544.3200016021729, "AXTELCPO.MX": 511.8799910545349, "ALEATIC.MX": 492.6599922180176, "AC.MX": 470.23999023437506, "SORIANAB.MX": 420.11997985839844, "HERDEZ.MX": 370.35001373291016, "ICHB.MX": 373.65001678466797, "AZTECACPO.MX": 298.99999380111694}, "pct": {"GFMULTIO.MX": 0.1453363022595487, "ACCELSAB.MX": 0.13789352319302262, "WMT.MX": 0.13976819489970965, "VALUEGFO.MX": 0.09805089053966559, "CERAMICB.MX": 0.07103904377276152, "CMOCTEZ.MX": 0.05184375687251639, "ALPEKA.MX": 0.04935811886924996, "PASAB.MX": 0.027927538476692684, "CULTIBAB.MX": 0.024122954329841226, "FRES.MX": 0.018270352274471848, "AUTLANB.MX": 0.01935504674406624, "BAFARB.MX": 0.016329127345309214, "TEAKCPO.MX": 0.015540892401074074, "ACTINVRB.MX": 0.015346008175936628, "ORBIA.MX": 0.013366829483082016, "BACHOCOB.MX": 0.013064716171247402, "CHDRAUIB.MX": 0.013313214239663381, "MONEXB.MX": 0.0123820783830062, "MEGACPO.MX": 0.010750906369027305, "ASURB.MX": 0.011677365591800718, "KUOB.MX": 0.00939618116972838, "TLEVISACPO.MX": 0.007497369823853819, "BSMXB.MX": 0.007563925784381173, "MEDICAB.MX": 0.006884878059076008, "GRUMAB.MX": 0.005264689075943573, "BBVA.MX": 0.0078033977199859295, "SIMECB.MX": 0.00650294045756423, "CYDSASAA.MX": 0.0064798850661290045, "ARA.MX": 0.005919594154352845, "AXTELCPO.MX": 0.005566802237392769, "ALEATIC.MX": 0.0053577807198581795, "AC.MX": 0.005113958497098949, "SORIANAB.MX": 0.004568892874736284, "HERDEZ.MX": 0.004027634056997474, "ICHB.MX": 0.004063522282153693, "AZTECACPO.MX": 0.0032516876290543486}}