{"allocation": {"ACCELSAB.MX": 2733, "GFMULTIO.MX": 1028, "FRES.MX": 41, "WMT.MX": 5, "POCHTECB.MX": 958, "BAFARB.MX": 76, "SIMECB.MX": 46, "TS.MX": 9, "MEGACPO.MX": 15, "CHDRAUIB.MX": 21, "MEDICAB.MX": 26, "GFINBURO.MX": 27, "BACHOCOB.MX": 7, "GCC.MX": 4, "GRUMAB.MX": 2, "BSMXB.MX": 18, "KUOB.MX": 10, "CYDSASAA.MX": 15, "FEMSAUBD.MX": 3, "PASAB.MX": 22, "ALEATIC.MX": 20, "BBVA.MX": 3, "GISSAA.MX": 18, "AMXL.MX": 25, "ARA.MX": 68, "LALAB.MX": 13, "DINEA.MX": 29, "ASURB.MX": 1, "GFNORTEO.MX": 2, "OMAB.MX": 2, "RA.MX": 2, "ALFAA.MX": 10, "GAPB.MX": 1, "VOLARA.MX": 12, "GMEXICOB.MX": 3}, "qty": {"ACCELSAB.MX": 55753.198957443245, "GFMULTIO.MX": 13364.0, "FRES.MX": 8521.850250244139, "WMT.MX": 9435.0, "POCHTECB.MX": 6274.900182723999, "BAFARB.MX": 3116.0, "SIMECB.MX": 2576.920021057129, "TS.MX": 2264.220016479492, "MEGACPO.MX": 1351.0499954223633, "CHDRAUIB.MX": 790.4399871826172, "MEDICAB.MX": 728.0, "GFINBURO.MX": 726.0299835205079, "BACHOCOB.MX": 522.1299743652344, "GCC.MX": 428.5199890136718, "GRUMAB.MX": 396.3999938964844, "BSMXB.MX": 477.54001235961914, "KUOB.MX": 447.99999237060547, "CYDSASAA.MX": 450.0, "FEMSAUBD.MX": 536.7599945068359, "PASAB.MX": 433.40001678466797, "ALEATIC.MX": 412.59998321533203, "BBVA.MX": 332.96999359130854, "GISSAA.MX": 383.39998626708984, "AMXL.MX": 347.00000286102295, "ARA.MX": 335.9200038909912, "LALAB.MX": 327.85999107360834, "DINEA.MX": 319.0, "ASURB.MX": 313.6400146484375, "GFNORTEO.MX": 211.0800018310547, "OMAB.MX": 219.36000061035156, "RA.MX": 195.82000732421875, "ALFAA.MX": 206.29999160766602, "GAPB.MX": 172.32000732421875, "VOLARA.MX": 198.12000274658203, "GMEXICOB.MX": 160.0800018310547}, "pct": {"ACCELSAB.MX": 0.49457361264407945, "GFMULTIO.MX": 0.11854892424057202, "FRES.MX": 0.07559534418629843, "WMT.MX": 0.08369568244610873, "POCHTECB.MX": 0.0556631746766611, "BAFARB.MX": 0.027641308585275547, "SIMECB.MX": 0.022859255937617094, "TS.MX": 0.020085367195271927, "MEGACPO.MX": 0.011984849113480314, "CHDRAUIB.MX": 0.007011808602007692, "MEDICAB.MX": 0.006457918052015597, "GFINBURO.MX": 0.006440442495716585, "BACHOCOB.MX": 0.0046316931139446255, "GCC.MX": 0.003801300786677083, "GRUMAB.MX": 0.00351637180824585, "BSMXB.MX": 0.004236145970297988, "KUOB.MX": 0.003974103348946404, "CYDSASAA.MX": 0.003991844949734915, "FEMSAUBD.MX": 0.004761472607315231, "PASAB.MX": 0.003844590373815343, "ALEATIC.MX": 0.003660078131686298, "BBVA.MX": 0.0029536990829571825, "GISSAA.MX": 0.003401051775352708, "AMXL.MX": 0.003078156019952835, "ARA.MX": 0.0029798679356604144, "LALAB.MX": 0.0029083694435273733, "DINEA.MX": 0.0028297745310343065, "ASURB.MX": 0.002782227352242556, "GFNORTEO.MX": 0.0018724414206651829, "OMAB.MX": 0.001945891356911733, "RA.MX": 0.0017370735717649707, "ALFAA.MX": 0.001830039065843149, "GAPB.MX": 0.0015286105577232583, "VOLARA.MX": 0.0017574762942342468, "GMEXICOB.MX": 0.0014200323263618925}}