{"allocation": {"ACCELSAB.MX": 2188, "GFMULTIO.MX": 1018, "BAFARB.MX": 193, "VALUEGFO.MX": 68, "FRES.MX": 35, "WMT.MX": 3, "TMMA.MX": 539, "CHDRAUIB.MX": 101, "GBMO.MX": 149, "CERAMICB.MX": 34, "ALPEKA.MX": 60, "MEGACPO.MX": 15, "ICHB.MX": 13, "DINEA.MX": 100, "GCARSOA1.MX": 12, "MEDICAB.MX": 31, "GRUMAB.MX": 4, "ORBIA.MX": 16, "IENOVA.MX": 8, "HERDEZ.MX": 16, "AC.MX": 5, "GCC.MX": 5, "OMAB.MX": 4, "ASURB.MX": 2, "RA.MX": 5, "GISSAA.MX": 21, "GFNORTEO.MX": 4, "ALFAA.MX": 21, "GAPB.MX": 2, "ARA.MX": 78, "AEROMEX.MX": 19, "LABB.MX": 20, "VOLARA.MX": 12}, "qty": {"ACCELSAB.MX": 46604.39833068848, "GFMULTIO.MX": 13234.0, "BAFARB.MX": 7913.0, "VALUEGFO.MX": 7684.0, "FRES.MX": 7274.750213623046, "WMT.MX": 5878.68017578125, "TMMA.MX": 4069.4501028060913, "CHDRAUIB.MX": 3783.4599075317383, "GBMO.MX": 1922.0999431610105, "CERAMICB.MX": 1632.0, "ALPEKA.MX": 1399.1999816894531, "MEGACPO.MX": 1252.650032043457, "ICHB.MX": 1149.5900039672852, "DINEA.MX": 1100.0, "GCARSOA1.MX": 882.1200256347656, "MEDICAB.MX": 806.0, "GRUMAB.MX": 757.9600219726564, "ORBIA.MX": 704.1599731445312, "IENOVA.MX": 662.9600219726562, "HERDEZ.MX": 650.0800170898438, "AC.MX": 538.0500030517578, "GCC.MX": 543.1499862670897, "OMAB.MX": 467.2000122070312, "ASURB.MX": 624.5, "RA.MX": 516.5499877929689, "GISSAA.MX": 446.03999519348145, "GFNORTEO.MX": 479.3200073242187, "ALFAA.MX": 402.3599967956543, "GAPB.MX": 385.51998901367193, "ARA.MX": 396.23999404907227, "AEROMEX.MX": 369.17000579833984, "LABB.MX": 304.7999954223633, "VOLARA.MX": 207.0}, "pct": {"ACCELSAB.MX": 0.4051131127918293, "GFMULTIO.MX": 0.11503778885085907, "BAFARB.MX": 0.06878449623521594, "VALUEGFO.MX": 0.06679389221172745, "FRES.MX": 0.06323644997865421, "WMT.MX": 0.051100979959441926, "TMMA.MX": 0.03537407750232083, "CHDRAUIB.MX": 0.03288808084995669, "GBMO.MX": 0.01670803441224154, "CERAMICB.MX": 0.014186313390101405, "ALPEKA.MX": 0.012162677350288437, "MEGACPO.MX": 0.010888778138902603, "ICHB.MX": 0.009992919158338128, "DINEA.MX": 0.009561853387935996, "GCARSOA1.MX": 0.007667911232438156, "MEDICAB.MX": 0.007006230755160375, "GRUMAB.MX": 0.006588638730926624, "ORBIA.MX": 0.006120976749873597, "IENOVA.MX": 0.005762842301968514, "HERDEZ.MX": 0.005650881648945466, "AC.MX": 0.0046770502223267485, "GCC.MX": 0.004721382305768511, "OMAB.MX": 0.004061180017786855, "ASURB.MX": 0.005428524946150936, "RA.MX": 0.004490159318924088, "GISSAA.MX": 0.0038772445810870415, "GFNORTEO.MX": 0.004166534214489624, "ALFAA.MX": 0.0034975520895731303, "GAPB.MX": 0.0033511687391522063, "ARA.MX": 0.0034443533904853275, "AEROMEX.MX": 0.0032090449733338244, "LABB.MX": 0.0026495026080656367, "VOLARA.MX": 0.0017993669557297737}}