{"allocation": {"ACCELSAB.MX": 2320, "BAFARB.MX": 626, "GFMULTIO.MX": 786, "LABB.MX": 314, "GNP.MX": 135, "VALUEGFO.MX": 47, "ANB.MX": 2, "FRAGUAB.MX": 8, "ALPEKA.MX": 91, "MONEXB.MX": 49, "SIMECB.MX": 3, "AMXL.MX": 8, "CREAL.MX": 4, "GCC.MX": 1, "MEDICAB.MX": 4, "TMMA.MX": 13, "CYDSASAA.MX": 3, "FEMSAUBD.MX": 1, "HERDEZ.MX": 1, "VESTA.MX": 2, "BIMBOA.MX": 1, "BOLSAA.MX": 1, "GISSAA.MX": 2, "VOLARA.MX": 2, "GMEXICOB.MX": 1, "VITROA.MX": 1, "GFINBURO.MX": 1, "AZTECACPO.MX": 26, "ALFAA.MX": 2}, "qty": {"ACCELSAB.MX": 49415.99822998047, "BAFARB.MX": 25979.0, "GFMULTIO.MX": 10218.0, "LABB.MX": 5488.719856262207, "GNP.MX": 5400.0, "VALUEGFO.MX": 3924.5, "ANB.MX": 3838.159912109375, "FRAGUAB.MX": 1920.0, "ALPEKA.MX": 1880.059986114502, "MONEXB.MX": 588.0, "SIMECB.MX": 166.22999954223633, "AMXL.MX": 107.83999633789062, "CREAL.MX": 88.68000030517578, "GCC.MX": 102.87000274658205, "MEDICAB.MX": 85.55999755859376, "TMMA.MX": 91.65000247955322, "CYDSASAA.MX": 71.85000228881836, "FEMSAUBD.MX": 173.86000061035156, "HERDEZ.MX": 40.11000061035156, "VESTA.MX": 56.43999862670898, "BIMBOA.MX": 36.5, "BOLSAA.MX": 31.959999084472656, "GISSAA.MX": 38.0, "VOLARA.MX": 37.560001373291016, "GMEXICOB.MX": 46.88999938964844, "VITROA.MX": 43.47999954223633, "GFINBURO.MX": 23.520000457763672, "AZTECACPO.MX": 40.039999008178704, "ALFAA.MX": 33.20000076293945}, "pct": {"ACCELSAB.MX": 0.4493643020482155, "BAFARB.MX": 0.2362399955694511, "GFMULTIO.MX": 0.09291736690129149, "LABB.MX": 0.049911665365308215, "GNP.MX": 0.04910489149216814, "VALUEGFO.MX": 0.035687434566854415, "ANB.MX": 0.03490230111365194, "FRAGUAB.MX": 0.017459516974993115, "ALPEKA.MX": 0.017096322521651806, "MONEXB.MX": 0.005346977073591642, "SIMECB.MX": 0.0015116122389379025, "AMXL.MX": 0.0009806428367940608, "CREAL.MX": 0.00080641144305761, "GCC.MX": 0.0009354482079018425, "MEDICAB.MX": 0.0007780397029972069, "TMMA.MX": 0.0008334191531510003, "CYDSASAA.MX": 0.0006533678826119366, "FEMSAUBD.MX": 0.0015809956416295554, "HERDEZ.MX": 0.0003647402273559465, "VESTA.MX": 0.0005132370385893821, "BIMBOA.MX": 0.0003319126924933587, "BOLSAA.MX": 0.0002906282013208931, "GISSAA.MX": 0.0003455529401300721, "VOLARA.MX": 0.00034155181331132253, "GMEXICOB.MX": 0.000426394135573429, "VITROA.MX": 0.00039538530733352505, "GFINBURO.MX": 0.0002138790871063389, "AZTECACPO.MX": 0.00036410366789687686, "ALFAA.MX": 0.000301904154630378}}