{"allocation": {"BAFARB.MX": 1200, "ACCELSAB.MX": 1456, "FRAGUAB.MX": 83, "GFMULTIO.MX": 771, "VALUEGFO.MX": 7, "GNP.MX": 4, "ACTINVRB.MX": 7, "VITROA.MX": 1, "MEDICAB.MX": 3, "KUOB.MX": 1, "PINFRA.MX": 1, "CYDSASAA.MX": 1, "HERDEZ.MX": 1, "MONEXB.MX": 2, "RCENTROA.MX": 2, "GCARSOA1.MX": 1, "TMMA.MX": 2, "MEGACPO.MX": 1}, "qty": {"BAFARB.MX": 49800.0, "ACCELSAB.MX": 31012.798889160156, "FRAGUAB.MX": 21164.17045593262, "GFMULTIO.MX": 10023.0, "VALUEGFO.MX": 570.5, "GNP.MX": 160.0, "ACTINVRB.MX": 90.92999839782715, "VITROA.MX": 49.2400016784668, "MEDICAB.MX": 70.5, "KUOB.MX": 47.970001220703125, "PINFRA.MX": 190.72999572753903, "CYDSASAA.MX": 26.549999237060547, "HERDEZ.MX": 41.130001068115234, "MONEXB.MX": 24.600000381469727, "RCENTROA.MX": 18.0, "GCARSOA1.MX": 71.55999755859375, "TMMA.MX": 14.760000228881836, "MEGACPO.MX": 81.54000091552734}, "pct": {"BAFARB.MX": 0.4389290227891569, "ACCELSAB.MX": 0.2733417170758176, "FRAGUAB.MX": 0.1865375232201938, "GFMULTIO.MX": 0.08834107621316706, "VALUEGFO.MX": 0.00502829332331755, "GNP.MX": 0.0014102137278366486, "ACTINVRB.MX": 0.000801442075079877, "VITROA.MX": 0.0004339932895354594, "MEDICAB.MX": 0.0006213754238280233, "KUOB.MX": 0.0004227997140361021, "PINFRA.MX": 0.0016810628642825057, "CYDSASAA.MX": 0.00023400733373847083, "HERDEZ.MX": 0.0003625130758262008, "MONEXB.MX": 0.00021682036401709625, "RCENTROA.MX": 0.00015864904438162296, "GCARSOA1.MX": 0.0006307180682567873, "TMMA.MX": 0.00013009221841025776, "MEGACPO.MX": 0.0007186801791180598}}