{"allocation": {"GNP.MX": 1519, "ACCELSAB.MX": 791, "BAFARB.MX": 382, "BACHOCOB.MX": 40, "VALUEGFO.MX": 40, "TS.MX": 16, "ANB.MX": 1, "FRAGUAB.MX": 3, "MONEXB.MX": 43, "ICHB.MX": 6, "GRUMAB.MX": 1, "MEGACPO.MX": 4, "FRES.MX": 1, "GISSAA.MX": 10, "MEDICAB.MX": 10, "HERDEZ.MX": 4, "PINFRA.MX": 1, "GCARSOA1.MX": 2, "ALPEKA.MX": 7, "FEMSAUBD.MX": 1, "GAPB.MX": 1, "BOLSAA.MX": 3, "VOLARA.MX": 5, "BSMXB.MX": 4, "ALFAA.MX": 5, "GFINBURO.MX": 3, "LALAB.MX": 4, "GMEXICOB.MX": 1, "AZTECACPO.MX": 71, "HOMEX.MX": 698}, "qty": {"GNP.MX": 62279.0, "ACCELSAB.MX": 15899.100301742554, "BAFARB.MX": 15853.0, "BACHOCOB.MX": 3455.1998901367188, "VALUEGFO.MX": 3400.0, "TS.MX": 3143.0400390625, "ANB.MX": 1548.5999755859375, "FRAGUAB.MX": 690.0, "MONEXB.MX": 516.0, "ICHB.MX": 495.17999267578125, "GRUMAB.MX": 201.8500061035156, "MEGACPO.MX": 316.1199951171875, "FRES.MX": 177.0, "GISSAA.MX": 239.89999771118164, "MEDICAB.MX": 215.0, "HERDEZ.MX": 156.83999633789062, "PINFRA.MX": 177.94000244140625, "GCARSOA1.MX": 128.8000030517578, "ALPEKA.MX": 145.03999519348142, "FEMSAUBD.MX": 170.6999969482422, "GAPB.MX": 201.67999267578125, "BOLSAA.MX": 126.54000091552734, "VOLARA.MX": 104.39999580383301, "BSMXB.MX": 103.3199996948242, "ALFAA.MX": 83.4000015258789, "GFINBURO.MX": 71.69999885559083, "LALAB.MX": 75.3199996948242, "GMEXICOB.MX": 50.66999816894531, "AZTECACPO.MX": 59.072001218795776, "HOMEX.MX": 57.2360015809536}, "pct": {"GNP.MX": 0.5654445981864337, "ACCELSAB.MX": 0.144351392630656, "BAFARB.MX": 0.14393283795580425, "BACHOCOB.MX": 0.031370511946758405, "VALUEGFO.MX": 0.030869340128034724, "TS.MX": 0.028536344706427016, "ANB.MX": 0.014060076284890756, "FRAGUAB.MX": 0.006264660202454106, "MONEXB.MX": 0.0046848763253135054, "ICHB.MX": 0.004495846946619539, "GRUMAB.MX": 0.0018326401450750906, "MEGACPO.MX": 0.0028701222501603344, "FRES.MX": 0.001607021530194749, "GISSAA.MX": 0.002178104301782711, "MEDICAB.MX": 0.0019520318022139605, "HERDEZ.MX": 0.001423984468421784, "PINFRA.MX": 0.0016155560169844407, "GCARSOA1.MX": 0.0011694032654990065, "ALPEKA.MX": 0.0013168496893517939, "FEMSAUBD.MX": 0.001549822431073464, "GAPB.MX": 0.0018310965561553656, "BOLSAA.MX": 0.0011488842141362467, "VOLARA.MX": 0.0009478702881864468, "BSMXB.MX": 0.0009380647684141095, "ALFAA.MX": 0.0007572067687591091, "GFINBURO.MX": 0.0006509798976038041, "LALAB.MX": 0.0006838466732420588, "GMEXICOB.MX": 0.00046004394346002044, "AZTECACPO.MX": 0.0005363275581372613, "HOMEX.MX": 0.0005196581177562323}}