{"allocation": {"ACCELSAB.MX": 3219, "VALUEGFO.MX": 99, "BAFARB.MX": 167, "FRAGUAB.MX": 22, "DINEA.MX": 539, "WMT.MX": 2, "TMMA.MX": 185, "FINAMEXO.MX": 24, "CHDRAUIB.MX": 26, "CYDSASAA.MX": 32, "TS.MX": 2, "RCENTROA.MX": 83, "KUOB.MX": 17, "GFINBURO.MX": 26, "ORBIA.MX": 13, "ASURB.MX": 2, "CULTIBAB.MX": 42, "MEGACPO.MX": 7, "MEDICAB.MX": 17, "AMXL.MX": 33, "VESTA.MX": 17, "GFNORTEO.MX": 3, "ALEATIC.MX": 16, "GAPB.MX": 2, "GCC.MX": 3, "OMAB.MX": 3, "GRUMAB.MX": 1, "FEMSAUBD.MX": 1, "GENTERA.MX": 23, "MONEXB.MX": 23, "RA.MX": 2, "VITROA.MX": 5, "BIMBOA.MX": 6, "SORIANAB.MX": 8, "CEMEXCPO.MX": 18}, "qty": {"ACCELSAB.MX": 57620.09877204895, "VALUEGFO.MX": 10791.0, "BAFARB.MX": 6763.5, "FRAGUAB.MX": 5720.0, "DINEA.MX": 5821.200102806091, "WMT.MX": 3700.0, "TMMA.MX": 1422.650010585785, "FINAMEXO.MX": 976.8000183105469, "CHDRAUIB.MX": 963.2999801635742, "CYDSASAA.MX": 940.7999877929689, "TS.MX": 626.0, "RCENTROA.MX": 830.0, "KUOB.MX": 739.5, "GFINBURO.MX": 720.2000198364258, "ORBIA.MX": 664.0400238037109, "ASURB.MX": 691.8599853515625, "CULTIBAB.MX": 632.1000080108643, "MEGACPO.MX": 601.8600234985352, "MEDICAB.MX": 527.3400077819824, "AMXL.MX": 505.2300138473511, "VESTA.MX": 455.26001167297363, "GFNORTEO.MX": 318.4800109863281, "ALEATIC.MX": 367.8399963378906, "GAPB.MX": 343.260009765625, "GCC.MX": 315.0599899291992, "OMAB.MX": 319.2000045776367, "GRUMAB.MX": 232.97000122070312, "FEMSAUBD.MX": 174.0, "GENTERA.MX": 320.84999561309814, "MONEXB.MX": 322.0, "RA.MX": 202.16000366210935, "VITROA.MX": 263.29999923706055, "BIMBOA.MX": 226.8600082397461, "SORIANAB.MX": 215.7599945068359, "CEMEXCPO.MX": 185.939998626709}, "pct": {"ACCELSAB.MX": 0.5460563872850542, "VALUEGFO.MX": 0.10226456741256788, "BAFARB.MX": 0.06409659917476627, "FRAGUAB.MX": 0.0542075178945314, "DINEA.MX": 0.05516657495463447, "WMT.MX": 0.035064303533175904, "TMMA.MX": 0.013482224808825912, "FINAMEXO.MX": 0.00925697630628454, "CHDRAUIB.MX": 0.0091290386210697, "CYDSASAA.MX": 0.008915809820535364, "TS.MX": 0.005932501084261653, "RCENTROA.MX": 0.007865776197982703, "KUOB.MX": 0.007008122287238805, "GFINBURO.MX": 0.006825219486525335, "ORBIA.MX": 0.006293000257521803, "ASURB.MX": 0.006556645548331303, "CULTIBAB.MX": 0.005990309876815098, "MEGACPO.MX": 0.0057037304184964915, "MEDICAB.MX": 0.004997516242717506, "AMXL.MX": 0.00478798339449032, "VESTA.MX": 0.004314425739410366, "GFNORTEO.MX": 0.003018183722830758, "ALEATIC.MX": 0.0034859603468200295, "GAPB.MX": 0.0032530197765467026, "GCC.MX": 0.0029857727346045363, "OMAB.MX": 0.003025006986027403, "GRUMAB.MX": 0.002207819145115431, "FEMSAUBD.MX": 0.0016489699499385425, "GENTERA.MX": 0.003040643685079954, "MONEXB.MX": 0.0030515420912655784, "RA.MX": 0.0019158377650476093, "VITROA.MX": 0.002495251646900885, "BIMBOA.MX": 0.0021499157266100656, "SORIANAB.MX": 0.0020447226858659622, "CEMEXCPO.MX": 0.001762123392109523}}