{"allocation": {"ACCELSAB.MX": 1511, "FRAGUAB.MX": 82, "GFMULTIO.MX": 1031, "WMT.MX": 7, "GNP.MX": 318, "BAFARB.MX": 129, "TS.MX": 19, "VALUEGFO.MX": 25, "MEDICAB.MX": 40, "CERAMICB.MX": 14, "KUOB.MX": 13, "OMAB.MX": 5, "HERDEZ.MX": 14, "CYDSASAA.MX": 18, "GCARSOA1.MX": 6, "GRUMAB.MX": 2, "PINFRA.MX": 2, "MEGACPO.MX": 3, "ASURB.MX": 1, "AMXL.MX": 15, "DINEA.MX": 18, "GCC.MX": 1, "MONEXB.MX": 13, "IENOVA.MX": 2, "ALPEKA.MX": 6, "BIMBOA.MX": 2, "VOLARA.MX": 6, "ALFAA.MX": 5, "SIMECB.MX": 2, "ORBIA.MX": 2, "BOLSAA.MX": 2, "LALAB.MX": 3, "GFINBURO.MX": 3, "BSMXB.MX": 2, "CHDRAUIB.MX": 2, "AZTECACPO.MX": 30, "GMEXICOB.MX": 1, "ARA.MX": 10, "HOMEX.MX": 257}, "qty": {"ACCELSAB.MX": 32184.298847198486, "FRAGUAB.MX": 21332.29949951172, "GFMULTIO.MX": 13403.0, "WMT.MX": 13930.0, "GNP.MX": 12433.799514770506, "BAFARB.MX": 5289.0, "TS.MX": 4780.020034790039, "VALUEGFO.MX": 2825.0, "MEDICAB.MX": 1035.9999847412112, "CERAMICB.MX": 672.0, "KUOB.MX": 628.940013885498, "OMAB.MX": 591.4500045776367, "HERDEZ.MX": 562.1000213623047, "CYDSASAA.MX": 495.0, "GCARSOA1.MX": 432.7799835205078, "GRUMAB.MX": 373.8200073242187, "PINFRA.MX": 381.61999511718744, "MEGACPO.MX": 242.73001098632812, "ASURB.MX": 309.42999267578125, "AMXL.MX": 206.8499994277954, "DINEA.MX": 189.0, "GCC.MX": 105.52999877929688, "MONEXB.MX": 175.63000297546387, "IENOVA.MX": 159.60000610351562, "ALPEKA.MX": 132.7200050354004, "BIMBOA.MX": 79.0999984741211, "VOLARA.MX": 99.54000091552734, "ALFAA.MX": 89.44999694824219, "SIMECB.MX": 105.04000091552734, "ORBIA.MX": 82.0199966430664, "BOLSAA.MX": 71.4800033569336, "LALAB.MX": 68.52000045776367, "GFINBURO.MX": 78.0, "BSMXB.MX": 57.400001525878906, "CHDRAUIB.MX": 66.08000183105469, "AZTECACPO.MX": 52.5, "GMEXICOB.MX": 48.90999984741211, "ARA.MX": 41.599998474121094, "HOMEX.MX": 21.587999708950505}, "pct": {"ACCELSAB.MX": 0.2827304883407433, "FRAGUAB.MX": 0.18739856610090302, "GFMULTIO.MX": 0.1177417831353762, "WMT.MX": 0.12237133769124751, "GNP.MX": 0.10922761516204244, "BAFARB.MX": 0.04646245549526261, "TS.MX": 0.0419912021427294, "VALUEGFO.MX": 0.024816872144850986, "MEDICAB.MX": 0.009100983774651402, "CERAMICB.MX": 0.0059033409137486245, "KUOB.MX": 0.005525070411106977, "OMAB.MX": 0.005195730670327342, "HERDEZ.MX": 0.004937898889474805, "CYDSASAA.MX": 0.004348443083788049, "GCARSOA1.MX": 0.003801856820488198, "GRUMAB.MX": 0.0032839091422840337, "PINFRA.MX": 0.0033524299563688137, "MEGACPO.MX": 0.0021323184595985773, "ASURB.MX": 0.002718260023368864, "AMXL.MX": 0.0018171221199865836, "DINEA.MX": 0.0016603146319918004, "GCC.MX": 0.00092705291580605, "MONEXB.MX": 0.0015428627712006672, "IENOVA.MX": 0.0014020435206330564, "ALPEKA.MX": 0.0011659098747000037, "BIMBOA.MX": 0.000694872406651388, "VOLARA.MX": 0.0008744323808916786, "ALFAA.MX": 0.0007857943849988805, "SIMECB.MX": 0.0009227484151559904, "ORBIA.MX": 0.0007205238123936588, "BOLSAA.MX": 0.0006279327802557665, "LALAB.MX": 0.0006019299436196291, "GFINBURO.MX": 0.0006852092132029653, "BSMXB.MX": 0.0005042437164538012, "CHDRAUIB.MX": 0.0005804952059372755, "AZTECACPO.MX": 0.00046119850888661125, "GMEXICOB.MX": 0.0004296613142718257, "ARA.MX": 0.0003654449003038086, "HOMEX.MX": 0.0001896448242973823}}