{"allocation": {"ACCELSAB.MX": 1918, "BAFARB.MX": 455, "GNP.MX": 447, "GFMULTIO.MX": 962, "WMT.MX": 5, "VALUEGFO.MX": 42, "BACHOCOB.MX": 13, "MEGACPO.MX": 11, "RCENTROA.MX": 113, "ICHB.MX": 5, "FRAGUAB.MX": 1, "OMAB.MX": 2, "LABB.MX": 14, "MONEXB.MX": 18, "GCC.MX": 2, "KUOB.MX": 3, "VOLARA.MX": 7, "CHDRAUIB.MX": 4, "MEDICAB.MX": 6, "FEMSAUBD.MX": 1, "BSMXB.MX": 4, "RA.MX": 1, "GCARSOA1.MX": 1, "CEMEXCPO.MX": 12, "CYDSASAA.MX": 3, "CREAL.MX": 3, "ALFAA.MX": 4, "BIMBOA.MX": 2, "BOLSAA.MX": 2, "GFINBURO.MX": 3, "AZTECACPO.MX": 65}, "qty": {"ACCELSAB.MX": 39625.879707336426, "BAFARB.MX": 18882.5, "GNP.MX": 17880.0, "GFMULTIO.MX": 12506.0, "WMT.MX": 11515.0, "VALUEGFO.MX": 4179.0, "BACHOCOB.MX": 1191.4500198364258, "MEGACPO.MX": 900.0199966430664, "RCENTROA.MX": 639.5799827575684, "ICHB.MX": 341.89998626708984, "FRAGUAB.MX": 220.0, "OMAB.MX": 235.5, "LABB.MX": 235.0600128173828, "MONEXB.MX": 216.0, "GCC.MX": 209.97999572753903, "KUOB.MX": 140.12999725341797, "VOLARA.MX": 124.32000160217285, "CHDRAUIB.MX": 112.27999877929688, "MEDICAB.MX": 120.0, "FEMSAUBD.MX": 183.30999755859372, "BSMXB.MX": 101.87999725341795, "RA.MX": 90.79000091552734, "GCARSOA1.MX": 57.650001525878906, "CEMEXCPO.MX": 89.6399974822998, "CYDSASAA.MX": 73.5, "CREAL.MX": 66.68999862670898, "ALFAA.MX": 68.4800033569336, "BIMBOA.MX": 70.13999938964844, "BOLSAA.MX": 73.73999786376953, "GFINBURO.MX": 74.31000137329102, "AZTECACPO.MX": 72.15000092983246}, "pct": {"ACCELSAB.MX": 0.3592656457445215, "BAFARB.MX": 0.1711970461192046, "GNP.MX": 0.1621079404004437, "GFMULTIO.MX": 0.11338489388411348, "WMT.MX": 0.10440005222097927, "VALUEGFO.MX": 0.03788865117077485, "BACHOCOB.MX": 0.010802209664751162, "MEGACPO.MX": 0.008159976956097414, "RCENTROA.MX": 0.00579871329564769, "ICHB.MX": 0.003099815581470801, "FRAGUAB.MX": 0.0019946167163365554, "OMAB.MX": 0.0021351465304420857, "LABB.MX": 0.00213115741321744, "MONEXB.MX": 0.001958350957857709, "GCC.MX": 0.0019037709526110358, "KUOB.MX": 0.0012704801590084688, "VOLARA.MX": 0.0011271397880485516, "CHDRAUIB.MX": 0.001017979829433789, "MEDICAB.MX": 0.001087972754365394, "FEMSAUBD.MX": 0.0016619690245544738, "BSMXB.MX": 0.0009236888435544992, "RA.MX": 0.000823142061374191, "GCARSOA1.MX": 0.0005226802579106636, "CEMEXCPO.MX": 0.0008127156246843725, "CYDSASAA.MX": 0.0006663833120488038, "CREAL.MX": 0.0006046408457877076, "ALFAA.MX": 0.0006208698155932873, "BIMBOA.MX": 0.0006359200693928572, "BOLSAA.MX": 0.00066855923818953, "GFINBURO.MX": 0.0006737271405916303, "AZTECACPO.MX": 0.000654143626992463}}