{"allocation": {"BAFARB.MX": 848, "GNP.MX": 426, "GFMULTIO.MX": 1046, "ACCELSAB.MX": 534, "WMT.MX": 5, "TS.MX": 27, "BACHOCOB.MX": 60, "VALUEGFO.MX": 27, "RCENTROA.MX": 316, "ICHB.MX": 23, "FRAGUAB.MX": 5, "MEDICAB.MX": 42, "MEGACPO.MX": 5, "KUOB.MX": 6, "VOLARA.MX": 10, "GCARSOA1.MX": 3, "PINFRA.MX": 1, "BOLSAA.MX": 4, "CHDRAUIB.MX": 5, "GCC.MX": 1, "CMOCTEZ.MX": 2, "CYDSASAA.MX": 4, "MONEXB.MX": 9, "BIMBOA.MX": 2, "CEMEXCPO.MX": 10, "GFINBURO.MX": 3, "ALFAA.MX": 4, "CREAL.MX": 3, "BSMXB.MX": 2, "AZTECACPO.MX": 44}, "qty": {"BAFARB.MX": 35192.0, "GNP.MX": 17040.0, "GFMULTIO.MX": 13598.0, "ACCELSAB.MX": 10680.0, "WMT.MX": 11714.25048828125, "TS.MX": 5886.0, "BACHOCOB.MX": 5211.600036621094, "VALUEGFO.MX": 2511.0, "RCENTROA.MX": 1990.8000602722168, "ICHB.MX": 1839.079978942871, "FRAGUAB.MX": 1150.0, "MEDICAB.MX": 890.400032043457, "MEGACPO.MX": 397.3500061035156, "KUOB.MX": 290.9400100708008, "VOLARA.MX": 196.70000076293945, "GCARSOA1.MX": 173.79000091552734, "PINFRA.MX": 176.94000244140625, "BOLSAA.MX": 148.44000244140625, "CHDRAUIB.MX": 154.30000305175778, "GCC.MX": 105.4000015258789, "CMOCTEZ.MX": 116.0, "CYDSASAA.MX": 102.4000015258789, "MONEXB.MX": 108.0, "BIMBOA.MX": 71.9800033569336, "CEMEXCPO.MX": 76.90000057220459, "GFINBURO.MX": 75.30000114440918, "ALFAA.MX": 69.31999969482422, "CREAL.MX": 67.46999931335449, "BSMXB.MX": 49.799999237060554, "AZTECACPO.MX": 42.459998846054084}, "pct": {"BAFARB.MX": 0.3195594289517245, "GNP.MX": 0.15473098060176704, "GFMULTIO.MX": 0.12347604895673873, "ACCELSAB.MX": 0.09697927657434695, "WMT.MX": 0.10637074325507548, "TS.MX": 0.05344756759518784, "BACHOCOB.MX": 0.04732370799123162, "VALUEGFO.MX": 0.022801026542901233, "RCENTROA.MX": 0.018077373562674706, "ICHB.MX": 0.01669968594758847, "FRAGUAB.MX": 0.010442525099297658, "MEDICAB.MX": 0.008085238854808033, "MEGACPO.MX": 0.0036081194886452518, "KUOB.MX": 0.002641868137003696, "VOLARA.MX": 0.0017861258217381423, "GCARSOA1.MX": 0.0015780925622324844, "PINFRA.MX": 0.0016066960144036292, "BOLSAA.MX": 0.001347903001073209, "CHDRAUIB.MX": 0.0014011144823388572, "GCC.MX": 0.0009570801403478278, "CMOCTEZ.MX": 0.0010533329665378508, "CYDSASAA.MX": 0.000929838770523573, "MONEXB.MX": 0.0009806893136731713, "BIMBOA.MX": 0.0006536112971324424, "CEMEXCPO.MX": 0.0006982871183576093, "GFINBURO.MX": 0.0006837583929805523, "ALFAA.MX": 0.0006294572493013112, "CREAL.MX": 0.0006126584011124348, "BSMXB.MX": 0.0004522067321547905, "AZTECACPO.MX": 0.00038555617710092985}}