{"allocation": {"ACCELSAB.MX": 3700, "GFMULTIO.MX": 579, "FRAGUAB.MX": 26, "VALUEGFO.MX": 30, "ALPEKA.MX": 99, "LAMOSA.MX": 49, "CHDRAUIB.MX": 37, "CMOCTEZ.MX": 21, "DINEA.MX": 123, "URBI.MX": 20, "TMMA.MX": 117, "FINAMEXO.MX": 19, "ACTINVRB.MX": 62, "MEGACPO.MX": 9, "MEDICAB.MX": 22, "SIMECB.MX": 12, "KUOB.MX": 14, "PASAB.MX": 31, "CERAMICB.MX": 10, "CYDSASAA.MX": 16, "TS.MX": 2, "FEMSAUBD.MX": 2, "BOLSAA.MX": 10, "VESTA.MX": 12, "HERDEZ.MX": 7, "ICHB.MX": 4, "ASURB.MX": 1, "AXTELCPO.MX": 87, "BSMXB.MX": 10, "BIMBOA.MX": 6, "GCC.MX": 2, "TLEVISACPO.MX": 4, "OMAB.MX": 2, "ALFAA.MX": 8, "GAPB.MX": 1, "CEMEXCPO.MX": 19, "GFNORTEO.MX": 2, "RA.MX": 2, "GENTERA.MX": 9, "MFRISCOA-1.MX": 15, "HOMEX.MX": 377}, "qty": {"ACCELSAB.MX": 52910.000705718994, "GFMULTIO.MX": 7527.0, "FRAGUAB.MX": 7020.0, "VALUEGFO.MX": 3270.0, "ALPEKA.MX": 2380.949924468994, "LAMOSA.MX": 1764.0, "CHDRAUIB.MX": 1457.8000564575195, "CMOCTEZ.MX": 1402.800064086914, "DINEA.MX": 1328.4000234603882, "URBI.MX": 959.8734283447266, "TMMA.MX": 934.8299732208252, "FINAMEXO.MX": 773.3000144958496, "ACTINVRB.MX": 775.0, "MEGACPO.MX": 793.2599945068359, "MEDICAB.MX": 748.0, "SIMECB.MX": 734.1600036621094, "KUOB.MX": 678.8600234985352, "PASAB.MX": 613.799976348877, "CERAMICB.MX": 510.0, "CYDSASAA.MX": 512.0, "TS.MX": 626.0, "FEMSAUBD.MX": 337.9599914550781, "BOLSAA.MX": 334.90001678466797, "VESTA.MX": 321.9599990844726, "HERDEZ.MX": 287.0, "ICHB.MX": 339.9599914550781, "ASURB.MX": 296.2200012207031, "AXTELCPO.MX": 258.3900024890899, "BSMXB.MX": 243.99999618530276, "BIMBOA.MX": 234.90000915527344, "GCC.MX": 200.88000488281247, "TLEVISACPO.MX": 197.36000061035156, "OMAB.MX": 187.3000030517578, "ALFAA.MX": 187.0399932861328, "GAPB.MX": 159.83999633789062, "CEMEXCPO.MX": 180.30999565124512, "GFNORTEO.MX": 191.55999755859375, "RA.MX": 180.97999572753903, "GENTERA.MX": 130.31999588012695, "MFRISCOA-1.MX": 77.99999713897705, "HOMEX.MX": 56.17300148308275}, "pct": {"ACCELSAB.MX": 0.5743278223841017, "GFMULTIO.MX": 0.081704128925061, "FRAGUAB.MX": 0.07620074200264758, "VALUEGFO.MX": 0.0354952174285837, "ALPEKA.MX": 0.025844750842690178, "LAMOSA.MX": 0.019147878759639646, "CHDRAUIB.MX": 0.01582413760592087, "CMOCTEZ.MX": 0.015227123328316869, "DINEA.MX": 0.014419525279774362, "URBI.MX": 0.010419240380127254, "TMMA.MX": 0.010147398519336473, "FINAMEXO.MX": 0.008394022064849268, "ACTINVRB.MX": 0.008412475078639868, "MEGACPO.MX": 0.008610683786671942, "MEDICAB.MX": 0.008119395301706607, "SIMECB.MX": 0.007969164818763417, "KUOB.MX": 0.007368894231698454, "PASAB.MX": 0.006662680005554409, "CERAMICB.MX": 0.005535951342072687, "CYDSASAA.MX": 0.005557660955178854, "TS.MX": 0.006795108902230396, "FEMSAUBD.MX": 0.003668490329926693, "BOLSAA.MX": 0.003635274896822055, "VESTA.MX": 0.003494813507892955, "HERDEZ.MX": 0.0031153294807350217, "ICHB.MX": 0.0036901999430328605, "ASURB.MX": 0.00321541081040495, "AXTELCPO.MX": 0.0028047734922698867, "BSMXB.MX": 0.002648572757544622, "BIMBOA.MX": 0.002549794158698083, "GCC.MX": 0.0021805135933854383, "TLEVISACPO.MX": 0.002142304627941847, "OMAB.MX": 0.0020331053005188176, "ALFAA.MX": 0.002030282944811046, "GAPB.MX": 0.0017350322396934097, "CEMEXCPO.MX": 0.001957230122381629, "GFNORTEO.MX": 0.002079346716807721, "RA.MX": 0.0019645028436003505, "GENTERA.MX": 0.0014145983452774427, "MFRISCOA-1.MX": 0.0008466748800846779, "HOMEX.MX": 0.000609747064604947}}