{"allocation": {"ACCELSAB.MX": 3756, "VALUEGFO.MX": 63, "BAFARB.MX": 125, "WMT.MX": 1, "FRAGUAB.MX": 11, "FRES.MX": 11, "KUOB.MX": 46, "CYDSASAA.MX": 64, "RCENTROA.MX": 168, "GBMO.MX": 109, "ASURB.MX": 4, "ORBIA.MX": 19, "MEDICAB.MX": 28, "MEGACPO.MX": 9, "TS.MX": 4, "CULTIBAB.MX": 38, "GFNORTEO.MX": 5, "BSMXB.MX": 17, "OMAB.MX": 4, "GCC.MX": 4, "BBVA.MX": 4, "SIMECB.MX": 6, "RA.MX": 4, "ALEATIC.MX": 13, "CEMEXCPO.MX": 24, "MONEXB.MX": 16, "AXTELCPO.MX": 73}, "qty": {"ACCELSAB.MX": 74744.39856719972, "VALUEGFO.MX": 6457.5, "BAFARB.MX": 5062.5, "WMT.MX": 1916.4599609375, "FRAGUAB.MX": 2860.0, "FRES.MX": 2420.0, "KUOB.MX": 1966.5, "CYDSASAA.MX": 1697.9200439453125, "RCENTROA.MX": 1629.599967956543, "GBMO.MX": 1417.0, "ASURB.MX": 1307.8800048828125, "ORBIA.MX": 887.4899826049805, "MEDICAB.MX": 837.1999893188478, "MEGACPO.MX": 792.4500274658203, "TS.MX": 1006.3200073242188, "CULTIBAB.MX": 570.0, "GFNORTEO.MX": 524.2499923706055, "BSMXB.MX": 449.9899883270263, "OMAB.MX": 439.3999938964844, "GCC.MX": 419.95999145507807, "BBVA.MX": 473.6000061035156, "SIMECB.MX": 354.0, "RA.MX": 400.95999145507807, "ALEATIC.MX": 252.1999950408936, "CEMEXCPO.MX": 227.04000091552734, "MONEXB.MX": 236.8000030517578, "AXTELCPO.MX": 202.93999791145325}, "pct": {"ACCELSAB.MX": 0.6822585571426745, "VALUEGFO.MX": 0.05894334180490922, "BAFARB.MX": 0.046209936955068205, "WMT.MX": 0.017493233377152462, "FRAGUAB.MX": 0.026105761914369394, "FRES.MX": 0.022089490850620258, "KUOB.MX": 0.01794999328832427, "CYDSASAA.MX": 0.015498425320584597, "RCENTROA.MX": 0.014874807265432695, "GBMO.MX": 0.012934218403028473, "ASURB.MX": 0.011938183223788456, "ORBIA.MX": 0.008100909855690019, "MEDICAB.MX": 0.00764186839016449, "MEGACPO.MX": 0.007233395715404963, "TS.MX": 0.009185577105200182, "CULTIBAB.MX": 0.005202896605311383, "GFNORTEO.MX": 0.004785295623929021, "BSMXB.MX": 0.0041074585661242, "OMAB.MX": 0.004010794274768177, "GCC.MX": 0.00383334809457583, "BBVA.MX": 0.004322968182511284, "SIMECB.MX": 0.003231272628561806, "RA.MX": 0.003659918207732117, "ALEATIC.MX": 0.002302053505364584, "CEMEXCPO.MX": 0.002072395877251387, "MONEXB.MX": 0.002161484091255642, "AXTELCPO.MX": 0.0018524137302024547}}