{"allocation": {"GNP.MX": 1373, "ACCELSAB.MX": 1480, "WMT.MX": 3, "KUOB.MX": 164, "TLEVISACPO.MX": 55, "SIMECB.MX": 12, "GISSAA.MX": 1, "VOLARA.MX": 2}, "qty": {"GNP.MX": 83066.5, "ACCELSAB.MX": 26640.0, "WMT.MX": 8565.0, "KUOB.MX": 8198.360275268555, "TLEVISACPO.MX": 1369.4999790191653, "SIMECB.MX": 559.9199981689453, "GISSAA.MX": 15.979999542236328, "VOLARA.MX": 24.36000061035156}, "pct": {"GNP.MX": 0.6467357956729283, "ACCELSAB.MX": 0.20741263441612215, "WMT.MX": 0.06668503054707531, "KUOB.MX": 0.06383046180878135, "TLEVISACPO.MX": 0.010662597540585175, "SIMECB.MX": 0.004359402473066488, "GISSAA.MX": 0.0001244164340474348, "VOLARA.MX": 0.00018966110739381982}}