{"allocation": {"GNP.MX": 891, "WMT.MX": 10, "KUOB.MX": 419, "Q.MX": 162, "BAFARB.MX": 183, "FRAGUAB.MX": 16, "MONEXB.MX": 301, "SIMECB.MX": 61, "GMD.MX": 77, "CULTIBAB.MX": 118, "GRUMAB.MX": 4, "CYDSASAA.MX": 44, "VOLARA.MX": 45, "DINEA.MX": 64, "AMXL.MX": 52, "BIMBOA.MX": 16, "GISSAA.MX": 37, "GCC.MX": 6, "VESTA.MX": 16, "SORIANAB.MX": 32, "IENOVA.MX": 7, "GENTERA.MX": 59, "OMAB.MX": 4, "ALPEKA.MX": 19, "GAPB.MX": 1, "ASURB.MX": 1, "ORBIA.MX": 8, "GFNORTEO.MX": 2, "URBI.MX": 9, "MFRISCOA-1.MX": 65}, "qty": {"GNP.MX": 80190.0, "WMT.MX": 30220.0, "KUOB.MX": 20103.61980819702, "Q.MX": 13938.48014831543, "BAFARB.MX": 7503.0, "FRAGUAB.MX": 3496.0, "MONEXB.MX": 3551.800057411194, "SIMECB.MX": 2825.5199813842773, "GMD.MX": 1347.5, "CULTIBAB.MX": 1213.0399684906006, "GRUMAB.MX": 1035.2399902343748, "CYDSASAA.MX": 833.8000335693359, "VOLARA.MX": 795.1500034332275, "DINEA.MX": 710.4000244140626, "AMXL.MX": 691.0799980163574, "BIMBOA.MX": 646.719970703125, "GISSAA.MX": 629.0, "GCC.MX": 597.1199798583984, "VESTA.MX": 523.2000122070312, "SORIANAB.MX": 491.8399963378906, "IENOVA.MX": 448.6299743652344, "GENTERA.MX": 423.61998987197876, "OMAB.MX": 399.8399963378906, "ALPEKA.MX": 311.4099884033203, "GAPB.MX": 170.17999267578125, "ASURB.MX": 247.97999572753903, "ORBIA.MX": 281.2799987792969, "GFNORTEO.MX": 151.33999633789062, "URBI.MX": 130.5, "MFRISCOA-1.MX": 119.8806720972061}, "pct": {"GNP.MX": 0.46079011532536257, "WMT.MX": 0.1736510448326781, "KUOB.MX": 0.11552000610894561, "Q.MX": 0.08009370089789929, "BAFARB.MX": 0.043113957292507735, "FRAGUAB.MX": 0.020088817099107963, "MONEXB.MX": 0.020409457015427526, "SIMECB.MX": 0.016236085273427826, "GMD.MX": 0.007743043776043472, "CULTIBAB.MX": 0.006970405623831625, "GRUMAB.MX": 0.005948726206378909, "CYDSASAA.MX": 0.004791206055950935, "VOLARA.MX": 0.004569114126237179, "DINEA.MX": 0.0040821213265606225, "AMXL.MX": 0.00397110402774671, "BIMBOA.MX": 0.003716201145822522, "GISSAA.MX": 0.0036143781336781776, "GCC.MX": 0.0034311882327226536, "VESTA.MX": 0.0030064271600337826, "SORIANAB.MX": 0.0028262253227854164, "IENOVA.MX": 0.0025779306350688464, "GENTERA.MX": 0.0024342175331991274, "OMAB.MX": 0.0022975722412299435, "ALPEKA.MX": 0.0017894331521366227, "GAPB.MX": 0.0009778932342080385, "ASURB.MX": 0.001424949879407353, "ORBIA.MX": 0.0016162993275499445, "GFNORTEO.MX": 0.0008696342981154329, "URBI.MX": 0.0007498829037281433, "MFRISCOA-1.MX": 0.0006888618122079258}}