{"allocation": {"GNP.MX": 801, "WMT.MX": 9, "KUOB.MX": 344, "BACHOCOB.MX": 137, "ACCELSAB.MX": 369, "LABB.MX": 322, "BAFARB.MX": 133, "AXTELCPO.MX": 592, "MONEXB.MX": 289, "ANB.MX": 2, "SIMECB.MX": 30, "FRAGUAB.MX": 8, "AC.MX": 18, "DINEA.MX": 128, "OMAB.MX": 16, "AMXL.MX": 113, "GAPB.MX": 7, "GRUMAB.MX": 5, "PINFRA.MX": 7, "BIMBOA.MX": 24, "TLEVISACPO.MX": 37, "GICSAB.MX": 316, "GCC.MX": 9, "ASURB.MX": 4, "VOLARA.MX": 52, "SORIANAB.MX": 42, "FRES.MX": 2, "MAXCOMA.MX": 495, "BBVA.MX": 9, "BSMXB.MX": 34, "GFINBURO.MX": 29, "PE&OLES.MX": 1}, "qty": {"GNP.MX": 92115.0, "WMT.MX": 26367.75, "KUOB.MX": 15824.0, "BACHOCOB.MX": 9099.539749145508, "ACCELSAB.MX": 6642.0, "LABB.MX": 6056.819828033447, "BAFARB.MX": 5187.0, "AXTELCPO.MX": 4682.719909667969, "MONEXB.MX": 2918.9001102447514, "ANB.MX": 2356.1201171875, "SIMECB.MX": 1920.0, "FRAGUAB.MX": 1744.0, "AC.MX": 1662.2999725341797, "DINEA.MX": 1632.0, "OMAB.MX": 1531.52001953125, "AMXL.MX": 1458.8299827575684, "GAPB.MX": 1235.7099914550781, "GRUMAB.MX": 1128.050003051758, "PINFRA.MX": 972.7200469970703, "BIMBOA.MX": 983.7600402832031, "TLEVISACPO.MX": 992.7099971771239, "GICSAB.MX": 963.7999849319458, "GCC.MX": 961.2899780273439, "ASURB.MX": 980.0800170898436, "VOLARA.MX": 863.7200317382812, "SORIANAB.MX": 679.9800224304199, "FRES.MX": 638.5999755859375, "MAXCOMA.MX": 598.9500188827516, "BBVA.MX": 544.0500068664551, "BSMXB.MX": 532.4399948120117, "GFINBURO.MX": 455.5900011062622, "PE&OLES.MX": 337.760009765625}, "pct": {"GNP.MX": 0.4746539240892519, "WMT.MX": 0.13586881622867472, "KUOB.MX": 0.08153855175365925, "BACHOCOB.MX": 0.046888479067882995, "ACCELSAB.MX": 0.03422516814634762, "LABB.MX": 0.03120982792029163, "BAFARB.MX": 0.026727784880322958, "AXTELCPO.MX": 0.024129309890189094, "MONEXB.MX": 0.015040627382643664, "ANB.MX": 0.012140711710890461, "SIMECB.MX": 0.009893454206712952, "FRAGUAB.MX": 0.008986554237764266, "AC.MX": 0.0085655670083787, "DINEA.MX": 0.008409436075706008, "OMAB.MX": 0.007891678739529452, "AMXL.MX": 0.007517118557183254, "GAPB.MX": 0.006367416777728369, "GRUMAB.MX": 0.005812662004205715, "PINFRA.MX": 0.005012271479644367, "BIMBOA.MX": 0.005069158806737479, "TLEVISACPO.MX": 0.005115276509176051, "GICSAB.MX": 0.004966307820497312, "GCC.MX": 0.0049533741546800136, "ASURB.MX": 0.005050196233329592, "VOLARA.MX": 0.004450611761157991, "SORIANAB.MX": 0.0035038287569765653, "FRES.MX": 0.0032906039660768136, "MAXCOMA.MX": 0.003086294054128313, "BBVA.MX": 0.002803403035987052, "BSMXB.MX": 0.002743578492966208, "GFINBURO.MX": 0.002347582715094327, "PE&OLES.MX": 0.0017404235361849637}}