{"allocation": {"GNP.MX": 959, "WMT.MX": 7, "Q.MX": 185, "KUOB.MX": 245, "VALUEGFO.MX": 50, "GFMULTIO.MX": 303, "BACHOCOB.MX": 48, "FRAGUAB.MX": 13, "AC.MX": 25, "ANB.MX": 1, "BIMBOA.MX": 41, "MONEXB.MX": 157, "BOLSAA.MX": 30, "GRUMAB.MX": 6, "FRES.MX": 3, "AMXL.MX": 81, "GISSAA.MX": 49, "AXTELCPO.MX": 127, "GMEXICOB.MX": 14, "ASURB.MX": 2, "ARA.MX": 216, "BSMXB.MX": 38, "GFNORTEO.MX": 6, "PE&OLES.MX": 1, "URBI.MX": 19}, "qty": {"GNP.MX": 92092.7688293457, "WMT.MX": 21693.0, "Q.MX": 15427.149887084961, "KUOB.MX": 11684.0496635437, "VALUEGFO.MX": 4325.500106811523, "GFMULTIO.MX": 3908.6998844146724, "BACHOCOB.MX": 3361.43994140625, "FRAGUAB.MX": 2860.0, "AC.MX": 2394.24991607666, "ANB.MX": 1300.0, "BIMBOA.MX": 1696.1699562072754, "MONEXB.MX": 1599.8299341201782, "BOLSAA.MX": 1503.3000183105469, "GRUMAB.MX": 1470.3000183105469, "FRES.MX": 987.1200256347656, "AMXL.MX": 1124.2800092697144, "GISSAA.MX": 894.25, "AXTELCPO.MX": 892.8100266456604, "GMEXICOB.MX": 787.5, "ASURB.MX": 513.5800170898438, "ARA.MX": 548.639991760254, "BSMXB.MX": 534.6599884033204, "GFNORTEO.MX": 459.7200164794922, "PE&OLES.MX": 357.2900085449219, "URBI.MX": 260.2999963760376}, "pct": {"GNP.MX": 0.5333250969556249, "WMT.MX": 0.12562790190071613, "Q.MX": 0.08934128394515989, "KUOB.MX": 0.06766434540795478, "VALUEGFO.MX": 0.02504971664085443, "GFMULTIO.MX": 0.022635954715280824, "BACHOCOB.MX": 0.019466678062238205, "FRAGUAB.MX": 0.016562752935787958, "AC.MX": 0.013865513925352718, "ANB.MX": 0.007528524061721799, "BIMBOA.MX": 0.009822812560058524, "MONEXB.MX": 0.0092648908874512, "BOLSAA.MX": 0.008705869507567517, "GRUMAB.MX": 0.008514760819846886, "FRES.MX": 0.005716582203691363, "AMXL.MX": 0.006510899309153732, "GISSAA.MX": 0.005178755878611322, "AXTELCPO.MX": 0.005170416744729488, "GMEXICOB.MX": 0.004560548229696859, "ASURB.MX": 0.0029742303971387546, "ARA.MX": 0.0031772687532230165, "BSMXB.MX": 0.0030963081442571504, "GFNORTEO.MX": 0.002662317850554614, "PE&OLES.MX": 0.002069128020264024, "URBI.MX": 0.00150744214306392}}