{"allocation": {"GFMULTIO.MX": 6064, "GNP.MX": 844, "KUOB.MX": 14, "MONEXB.MX": 27, "SIMECB.MX": 5, "URBI.MX": 3}, "qty": {"GFMULTIO.MX": 78225.59768676756, "GNP.MX": 45998.0, "KUOB.MX": 728.0, "MONEXB.MX": 342.8999948501587, "SIMECB.MX": 244.40000534057617, "URBI.MX": 51.60000228881836}, "pct": {"GFMULTIO.MX": 0.6228623910729604, "GNP.MX": 0.36625382370738296, "KUOB.MX": 0.005796616888972886, "MONEXB.MX": 0.0027303020623312435, "SIMECB.MX": 0.0019460071409646254, "URBI.MX": 0.00041085912738791767}}