{"allocation": {"GNP.MX": 1451, "BAFARB.MX": 884, "KUOB.MX": 45, "BACHOCOB.MX": 30, "GFMULTIO.MX": 137, "VESTA.MX": 53, "SIMECB.MX": 17, "FRAGUAB.MX": 3, "MAXCOMA.MX": 362, "HERDEZ.MX": 7, "ICHB.MX": 3, "PINFRA.MX": 1, "GRUMAB.MX": 1, "OMAB.MX": 1, "DINEA.MX": 14, "IENOVA.MX": 2, "AC.MX": 1, "VOLARA.MX": 11, "ASURB.MX": 1, "GAPB.MX": 1, "TLEVISACPO.MX": 3, "GCARSOA1.MX": 2, "GCC.MX": 1, "GMEXICOB.MX": 2, "SORIANAB.MX": 3, "RA.MX": 1, "BSMXB.MX": 3, "ALFAA.MX": 3, "MFRISCOA-1.MX": 17}, "qty": {"GNP.MX": 66746.0, "BAFARB.MX": 35360.0, "KUOB.MX": 2146.049938201904, "BACHOCOB.MX": 2026.7999267578125, "GFMULTIO.MX": 1767.2999477386472, "VESTA.MX": 1605.3700485229492, "SIMECB.MX": 867.8499870300293, "FRAGUAB.MX": 656.6699981689453, "MAXCOMA.MX": 543.0, "HERDEZ.MX": 245.77000427246094, "ICHB.MX": 234.92999267578125, "PINFRA.MX": 167.2100067138672, "GRUMAB.MX": 220.0800018310547, "OMAB.MX": 97.5999984741211, "DINEA.MX": 133.0, "IENOVA.MX": 125.87999725341795, "AC.MX": 98.91000366210938, "VOLARA.MX": 120.33999538421631, "ASURB.MX": 228.5500030517578, "GAPB.MX": 146.38999938964844, "TLEVISACPO.MX": 78.81000137329102, "GCARSOA1.MX": 99.9800033569336, "GCC.MX": 81.41000366210938, "GMEXICOB.MX": 94.95999908447266, "SORIANAB.MX": 53.96999931335449, "RA.MX": 61.58000183105469, "BSMXB.MX": 43.26000022888183, "ALFAA.MX": 35.21999931335449, "MFRISCOA-1.MX": 25.4746356010437}, "pct": {"GNP.MX": 0.5849147048754464, "BAFARB.MX": 0.3098700141490993, "KUOB.MX": 0.018806462803034437, "BACHOCOB.MX": 0.01776144010129629, "GFMULTIO.MX": 0.015487365944894714, "VESTA.MX": 0.014068326913188533, "SIMECB.MX": 0.007605223070143972, "FRAGUAB.MX": 0.005754591109273193, "MAXCOMA.MX": 0.004758467694653872, "HERDEZ.MX": 0.00215375437503766, "ICHB.MX": 0.0020587601853645967, "PINFRA.MX": 0.0014653101568522912, "GRUMAB.MX": 0.001928625375603018, "OMAB.MX": 0.0008552973107502256, "DINEA.MX": 0.0011655178699612615, "IENOVA.MX": 0.0011031232050340838, "AC.MX": 0.0008667772690685887, "VOLARA.MX": 0.0010545745495590965, "ASURB.MX": 0.0020028504717031926, "GAPB.MX": 0.00128285834791168, "TLEVISACPO.MX": 0.0006906350746785131, "GCARSOA1.MX": 0.0008761539891074664, "GCC.MX": 0.0007134196546000017, "GMEXICOB.MX": 0.0008321622245447964, "SORIANAB.MX": 0.0004729548770038472, "RA.MX": 0.0005396435531303868, "BSMXB.MX": 0.00037910002497210555, "ALFAA.MX": 0.00030864314721607537, "MFRISCOA-1.MX": 0.0002232416768704344}}