{"allocation": {"GNP.MX": 2423, "BAFARB.MX": 161, "ACCELSAB.MX": 95, "LABB.MX": 26, "SIMECB.MX": 9, "AXTELCPO.MX": 141}, "qty": {"GNP.MX": 99343.0, "BAFARB.MX": 6601.0, "ACCELSAB.MX": 1668.1999492645264, "LABB.MX": 490.62002182006836, "SIMECB.MX": 504.0, "AXTELCPO.MX": 401.84998655319214}, "pct": {"GNP.MX": 0.9113311816262505, "BAFARB.MX": 0.06055481644318049, "ACCELSAB.MX": 0.015303369446786307, "LABB.MX": 0.0045007431244756015, "SIMECB.MX": 0.004623485454834566, "AXTELCPO.MX": 0.003686403904472519}}