{"allocation": {"GNP.MX": 1668, "BAFARB.MX": 827, "GFMULTIO.MX": 77, "ANB.MX": 1, "VOLARA.MX": 68, "MAXCOMA.MX": 405, "LABB.MX": 26, "TMMA.MX": 81, "HERDEZ.MX": 8, "KUOB.MX": 3, "TS.MX": 1, "FEMSAUBD.MX": 1, "VESTA.MX": 3, "SIMECB.MX": 2, "CERAMICB.MX": 2, "FRAGUAB.MX": 1, "TLEVISACPO.MX": 3, "DINEA.MX": 10, "OMAB.MX": 1, "GENTERA.MX": 7, "AC.MX": 1, "CMOCTEZ.MX": 1, "PINFRA.MX": 1, "IENOVA.MX": 1, "VITROA.MX": 2, "GAPB.MX": 1, "BBVA.MX": 1, "AMXL.MX": 3, "GCARSOA1.MX": 1, "AXTELCPO.MX": 14, "BIMBOA.MX": 1, "ALPEKA.MX": 3, "GISSAA.MX": 1, "CYDSASAA.MX": 1, "LALAB.MX": 2, "HOMEX.MX": 727, "BSMXB.MX": 1, "CEMEXCPO.MX": 4, "AEROMEX.MX": 2}, "qty": {"GNP.MX": 73225.20254516602, "BAFARB.MX": 33080.0, "GFMULTIO.MX": 993.2999706268309, "ANB.MX": 1104.5, "VOLARA.MX": 807.1599922180176, "MAXCOMA.MX": 789.750019311905, "LABB.MX": 504.65999603271484, "TMMA.MX": 466.5600185394287, "HERDEZ.MX": 238.88000488281247, "KUOB.MX": 143.39999771118164, "TS.MX": 134.99000549316406, "FEMSAUBD.MX": 155.77000427246094, "VESTA.MX": 99.08999633789062, "SIMECB.MX": 100.26000213623047, "CERAMICB.MX": 74.0, "FRAGUAB.MX": 228.0, "TLEVISACPO.MX": 76.83000183105467, "DINEA.MX": 95.0, "OMAB.MX": 87.80000305175781, "GENTERA.MX": 67.0599994659424, "AC.MX": 92.83000183105467, "CMOCTEZ.MX": 54.0, "PINFRA.MX": 167.42999267578125, "IENOVA.MX": 74.73999786376953, "VITROA.MX": 44.900001525878906, "GAPB.MX": 150.60000610351562, "BBVA.MX": 76.88999938964844, "AMXL.MX": 43.80000114440919, "GCARSOA1.MX": 48.25, "AXTELCPO.MX": 39.19999933242798, "BIMBOA.MX": 35.59000015258789, "ALPEKA.MX": 34.38000011444092, "GISSAA.MX": 17.5, "CYDSASAA.MX": 20.209999084472656, "LALAB.MX": 22.700000762939457, "HOMEX.MX": 28.353000584989783, "BSMXB.MX": 13.420000076293944, "CEMEXCPO.MX": 20.280000686645508, "AEROMEX.MX": 18.86000061035156}, "pct": {"GNP.MX": 0.645291591324655, "BAFARB.MX": 0.2915150125785315, "GFMULTIO.MX": 0.008753381300832395, "ANB.MX": 0.009733323198095164, "VOLARA.MX": 0.007113036737736481, "MAXCOMA.MX": 0.006959612660628944, "LABB.MX": 0.00444727826757432, "TMMA.MX": 0.004111525080808992, "HERDEZ.MX": 0.0021051120806581847, "KUOB.MX": 0.0012637016969932438, "TS.MX": 0.0011895892729539225, "FEMSAUBD.MX": 0.0013727114496627677, "VESTA.MX": 0.0008732231417426489, "SIMECB.MX": 0.0008835337298629631, "CERAMICB.MX": 0.0006521194356351672, "FRAGUAB.MX": 0.0020092328557407856, "TLEVISACPO.MX": 0.0006770586139718411, "DINEA.MX": 0.0008371803565586606, "OMAB.MX": 0.0007737309248497063, "GENTERA.MX": 0.0005909612027760131, "AC.MX": 0.0008180574108659312, "CMOCTEZ.MX": 0.00047587093951755445, "PINFRA.MX": 0.0014754642207044683, "IENOVA.MX": 0.0006586406111661484, "VITROA.MX": 0.00039567788723073375, "GAPB.MX": 0.0013271512295523966, "BBVA.MX": 0.000677587337945485, "AMXL.MX": 0.00038598421658259184, "GCARSOA1.MX": 0.00042519949688374077, "AXTELCPO.MX": 0.0003454470465075928, "BIMBOA.MX": 0.0003136342001859612, "ALPEKA.MX": 0.0003029711658346783, "GISSAA.MX": 0.00015421743410291117, "CYDSASAA.MX": 0.00017809909725883182, "LALAB.MX": 0.00020004204981683706, "HOMEX.MX": 0.0002498586856763122, "BSMXB.MX": 0.0001182627415672528, "CEMEXCPO.MX": 0.00017871598111427123, "AEROMEX.MX": 0.00016620233721758605}}