{"allocation": {"PASAB.MX": 906, "LAMOSA.MX": 217, "MEGACPO.MX": 103, "CYDSASAA.MX": 273, "VALUEGFO.MX": 71, "GCC.MX": 41, "CERAMICB.MX": 59, "GMD.MX": 85, "KUOB.MX": 54, "BBVA.MX": 13, "ACCELSAB.MX": 193, "ORBIA.MX": 37, "AUTLANB.MX": 102, "FINAMEXO.MX": 39, "AC.MX": 13, "FEMSAUBD.MX": 8, "MFRISCOA-1.MX": 101, "MEDICAB.MX": 30, "AMXL.MX": 73, "RCENTROA.MX": 94, "CMOCTEZ.MX": 15, "GAPB.MX": 6, "BIMBOA.MX": 22, "LABB.MX": 43, "CHDRAUIB.MX": 26, "ASURB.MX": 3, "PINFRA.MX": 5, "GNP.MX": 24, "VITROA.MX": 12, "AEROMEX.MX": 24, "SORIANAB.MX": 17, "OMAB.MX": 7, "AXTELCPO.MX": 150, "RA.MX": 6, "VESTA.MX": 24, "GFNORTEO.MX": 5, "ALFAA.MX": 26, "TEAKCPO.MX": 30, "BSMXB.MX": 15, "GISSAA.MX": 13, "CEMEXCPO.MX": 28, "PE&OLES.MX": 1, "TMMA.MX": 76, "HOMEX.MX": 419, "TLEVISACPO.MX": 4, "GENTERA.MX": 9}, "qty": {"PASAB.MX": 23103.0, "LAMOSA.MX": 9012.009735107424, "MEGACPO.MX": 8109.19034576416, "CYDSASAA.MX": 7502.039875030518, "VALUEGFO.MX": 6816.0, "GCC.MX": 3805.209899902344, "CERAMICB.MX": 3056.1999549865723, "GMD.MX": 2521.0999870300293, "KUOB.MX": 2160.0, "BBVA.MX": 2041.1299285888672, "ACCELSAB.MX": 1989.830080986023, "ORBIA.MX": 1793.3900451660156, "AUTLANB.MX": 1781.9399299621582, "FINAMEXO.MX": 1710.1499404907224, "AC.MX": 1658.9300079345703, "FEMSAUBD.MX": 1346.0799560546875, "MFRISCOA-1.MX": 1205.9399576187134, "MEDICAB.MX": 1170.0, "AMXL.MX": 1167.269983291626, "RCENTROA.MX": 1118.5999641418455, "CMOCTEZ.MX": 1094.849967956543, "GAPB.MX": 1112.9400329589846, "BIMBOA.MX": 955.900016784668, "LABB.MX": 949.4399967193602, "CHDRAUIB.MX": 943.279968261719, "ASURB.MX": 1001.5199890136719, "PINFRA.MX": 937.0500183105468, "GNP.MX": 820.8000183105469, "VITROA.MX": 829.8000183105469, "AEROMEX.MX": 762.7200164794922, "SORIANAB.MX": 688.8400077819824, "OMAB.MX": 661.0800170898436, "AXTELCPO.MX": 605.9999942779541, "RA.MX": 609.6600036621094, "VESTA.MX": 562.0800018310547, "GFNORTEO.MX": 546.500015258789, "ALFAA.MX": 540.0200119018555, "TEAKCPO.MX": 524.6999931335449, "BSMXB.MX": 453.4499931335449, "GISSAA.MX": 427.1800079345703, "CEMEXCPO.MX": 399.2800064086914, "PE&OLES.MX": 390.9400024414063, "TMMA.MX": 353.4000072479248, "HOMEX.MX": 309.64100939035416, "TLEVISACPO.MX": 279.9200134277344, "GENTERA.MX": 153.90000343322754}, "pct": {"PASAB.MX": 0.23106951121459063, "LAMOSA.MX": 0.09013550987111651, "MEGACPO.MX": 0.08110577195783239, "CYDSASAA.MX": 0.07503322888956716, "VALUEGFO.MX": 0.0681716568600896, "GCC.MX": 0.03805860674541644, "CERAMICB.MX": 0.030567226324408135, "GMD.MX": 0.02521531150613079, "KUOB.MX": 0.021603694075380504, "BBVA.MX": 0.020414790067285714, "ACCELSAB.MX": 0.019901703857227615, "ORBIA.MX": 0.017936967543333068, "AUTLANB.MX": 0.017822446809077512, "FINAMEXO.MX": 0.017104424137681363, "AC.MX": 0.016592137214762503, "FEMSAUBD.MX": 0.013463101653521806, "MFRISCOA-1.MX": 0.012061461998922229, "MEDICAB.MX": 0.011702000957497773, "AMXL.MX": 0.01167469612148463, "RCENTROA.MX": 0.011187912693542607, "CMOCTEZ.MX": 0.01095037211396912, "GAPB.MX": 0.011131303701986018, "BIMBOA.MX": 0.009560634967253265, "LABB.MX": 0.009496023718544133, "CHDRAUIB.MX": 0.009434412898963337, "ASURB.MX": 0.010016912709736023, "PINFRA.MX": 0.00937210274486609, "GNP.MX": 0.008209403931781375, "VITROA.MX": 0.008299419323762127, "AEROMEX.MX": 0.0076285045838852435, "SORIANAB.MX": 0.006889578145835497, "OMAB.MX": 0.006611930763220508, "AXTELCPO.MX": 0.0060610363361403964, "RA.MX": 0.006097642689403504, "VESTA.MX": 0.005621761298818249, "GFNORTEO.MX": 0.005465934787889654, "ALFAA.MX": 0.005401123672088437, "TEAKCPO.MX": 0.005247897283801553, "BSMXB.MX": 0.004535275430620599, "GISSAA.MX": 0.004272530651174571, "CEMEXCPO.MX": 0.00399348292077284, "PE&OLES.MX": 0.003910068617857708, "TMMA.MX": 0.003534604464269176, "HOMEX.MX": 0.003096939648176497, "TLEVISACPO.MX": 0.0027996788591061, "GENTERA.MX": 0.0015392632372090078}}