{"allocation": {"ACCELSAB.MX": 2130, "TS.MX": 38, "GFMULTIO.MX": 646, "VALUEGFO.MX": 48, "WMT.MX": 2, "BAFARB.MX": 79, "GCARSOA1.MX": 42, "MONEXB.MX": 187, "FRAGUAB.MX": 9, "MEGACPO.MX": 17, "RCENTROA.MX": 106, "MEDICAB.MX": 39, "HERDEZ.MX": 31, "GRUMAB.MX": 4, "ALEATIC.MX": 29, "GFINBURO.MX": 25, "PINFRA.MX": 4, "CMOCTEZ.MX": 10, "VESTA.MX": 25, "CERAMICB.MX": 13, "GCC.MX": 6, "CYDSASAA.MX": 20, "AC.MX": 5, "IENOVA.MX": 7, "BSMXB.MX": 20, "AXTELCPO.MX": 156, "GENTERA.MX": 31, "CEMEXCPO.MX": 43, "BACHOCOB.MX": 7, "GISSAA.MX": 17, "ARA.MX": 67, "RA.MX": 4, "LABB.MX": 25, "HOMEX.MX": 1467, "ASURB.MX": 2, "GFNORTEO.MX": 3, "GMEXICOB.MX": 6, "GAPB.MX": 2}, "qty": {"ACCELSAB.MX": 30245.99959373474, "TS.MX": 11894.0, "GFMULTIO.MX": 8398.0, "VALUEGFO.MX": 5760.0, "WMT.MX": 3978.0, "BAFARB.MX": 3120.5, "GCARSOA1.MX": 2743.439987182617, "MONEXB.MX": 2487.1000356674194, "FRAGUAB.MX": 2385.0, "MEGACPO.MX": 1583.8899688720705, "RCENTROA.MX": 1537.0, "MEDICAB.MX": 1345.110065460205, "HERDEZ.MX": 1295.4900283813477, "GRUMAB.MX": 891.5999755859376, "ALEATIC.MX": 768.5, "GFINBURO.MX": 685.5000019073486, "PINFRA.MX": 721.9199829101561, "CMOCTEZ.MX": 690.0, "VESTA.MX": 634.250020980835, "CERAMICB.MX": 663.0, "GCC.MX": 637.1999816894532, "CYDSASAA.MX": 599.7999954223633, "AC.MX": 525.7500076293945, "IENOVA.MX": 542.2199935913086, "BSMXB.MX": 499.7999954223633, "AXTELCPO.MX": 496.08001041412354, "GENTERA.MX": 467.7900047302246, "CEMEXCPO.MX": 450.21001148223877, "BACHOCOB.MX": 496.30001068115234, "GISSAA.MX": 414.4599857330322, "ARA.MX": 357.10999488830566, "RA.MX": 351.0400085449219, "LABB.MX": 313.2499933242798, "HOMEX.MX": 311.00399632751936, "ASURB.MX": 546.8400268554688, "GFNORTEO.MX": 279.4500045776367, "GMEXICOB.MX": 251.87999725341797, "GAPB.MX": 282.2200012207031}, "pct": {"ACCELSAB.MX": 0.33737604226215906, "TS.MX": 0.13267045892235396, "GFMULTIO.MX": 0.09367466907936174, "VALUEGFO.MX": 0.06424935626305354, "WMT.MX": 0.04437221166917135, "BAFARB.MX": 0.03480731184355183, "GCARSOA1.MX": 0.030601432833819966, "MONEXB.MX": 0.027742113932890486, "FRAGUAB.MX": 0.02660324907767061, "MEGACPO.MX": 0.01766734564089209, "RCENTROA.MX": 0.017144316072276615, "MEDICAB.MX": 0.015003898577911803, "HERDEZ.MX": 0.01445041673067822, "GRUMAB.MX": 0.009945264665894227, "ALEATIC.MX": 0.008572158036138307, "GFINBURO.MX": 0.007646342680706446, "PINFRA.MX": 0.008052585794342386, "CMOCTEZ.MX": 0.007696537469011622, "VESTA.MX": 0.007074679784348411, "CERAMICB.MX": 0.007395368611528559, "GCC.MX": 0.0071075848323570966, "CYDSASAA.MX": 0.00669041034591481, "AC.MX": 0.0058644270044243205, "IENOVA.MX": 0.0060481398509025334, "BSMXB.MX": 0.0055749701330145745, "AXTELCPO.MX": 0.005533475924318808, "GENTERA.MX": 0.005217917824688837, "CEMEXCPO.MX": 0.005021823510575657, "BACHOCOB.MX": 0.005535929895765735, "GISSAA.MX": 0.004623053347246818, "ARA.MX": 0.003983348487270135, "RA.MX": 0.00391564141867848, "LABB.MX": 0.0034941163924463187, "HOMEX.MX": 0.003469063638763921, "ASURB.MX": 0.0060996735597803435, "GFNORTEO.MX": 0.003117097726010508, "GMEXICOB.MX": 0.0028095707776166316, "GAPB.MX": 0.003147995382463257}}