{"allocation": {"VALUEGFO.MX": 234, "LAMOSA.MX": 205, "DINEA.MX": 575, "ORBIA.MX": 77, "CMOCTEZ.MX": 59, "PASAB.MX": 183, "ACCELSAB.MX": 370, "GCC.MX": 26, "ARA.MX": 433, "GFMULTIO.MX": 208, "FRES.MX": 9, "TS.MX": 6, "BAFARB.MX": 53, "MEDICAB.MX": 27, "AUTLANB.MX": 59, "TEAKCPO.MX": 64, "GFINBURO.MX": 27, "AXTELCPO.MX": 210, "OMAB.MX": 7, "GMEXICOB.MX": 13, "ASURB.MX": 2, "ICHB.MX": 8, "AZTECACPO.MX": 282, "CYDSASAA.MX": 19, "MONEXB.MX": 40, "AC.MX": 5, "FEMSAUBD.MX": 3, "BACHOCOB.MX": 6, "GRUMAB.MX": 2, "GAPB.MX": 3, "RA.MX": 4, "CREAL.MX": 15, "GFNORTEO.MX": 3, "PE&OLES.MX": 1, "BSMXB.MX": 11, "HERDEZ.MX": 8, "AEROMEX.MX": 11, "GCARSOA1.MX": 4, "URBI.MX": 3, "HOMEX.MX": 1029}, "qty": {"VALUEGFO.MX": 26910.0, "LAMOSA.MX": 8200.0, "DINEA.MX": 6900.0, "ORBIA.MX": 5024.25, "CMOCTEZ.MX": 4613.799819946289, "PASAB.MX": 4209.0, "ACCELSAB.MX": 4192.099971771241, "GCC.MX": 3146.7799682617188, "ARA.MX": 3018.0099091529846, "GFMULTIO.MX": 2704.0, "FRES.MX": 2317.5, "TS.MX": 2409.1799926757812, "BAFARB.MX": 2014.5299110412598, "MEDICAB.MX": 1025.7300453186035, "AUTLANB.MX": 1008.3100090026855, "TEAKCPO.MX": 998.4000244140626, "GFINBURO.MX": 828.9000205993652, "AXTELCPO.MX": 812.6999759674072, "OMAB.MX": 793.5900192260743, "GMEXICOB.MX": 761.7999801635741, "ASURB.MX": 663.1799926757812, "ICHB.MX": 706.6400146484375, "AZTECACPO.MX": 662.6999731063843, "CYDSASAA.MX": 608.0, "MONEXB.MX": 595.9999847412108, "AC.MX": 618.6000061035156, "FEMSAUBD.MX": 548.519989013672, "BACHOCOB.MX": 554.7599945068359, "GRUMAB.MX": 482.4800109863282, "GAPB.MX": 528.3599853515625, "RA.MX": 453.2799987792969, "CREAL.MX": 394.35001373291016, "GFNORTEO.MX": 389.88002014160156, "PE&OLES.MX": 316.010009765625, "BSMXB.MX": 337.4800033569336, "HERDEZ.MX": 323.9200134277344, "AEROMEX.MX": 314.049991607666, "GCARSOA1.MX": 310.0400085449219, "URBI.MX": 212.51598358154297, "HOMEX.MX": 78.20399748533957}, "pct": {"VALUEGFO.MX": 0.29575475003710266, "LAMOSA.MX": 0.09012222037548279, "DINEA.MX": 0.07583455129156479, "ORBIA.MX": 0.055219093380673094, "CMOCTEZ.MX": 0.05070803465141003, "PASAB.MX": 0.046259076287854514, "ACCELSAB.MX": 0.046073336279514994, "GCC.MX": 0.03458473143571187, "ARA.MX": 0.03316948221074098, "GFMULTIO.MX": 0.029718351694549443, "FRES.MX": 0.025470517770753823, "TS.MX": 0.026478128076113508, "BAFARB.MX": 0.02214072056047099, "MEDICAB.MX": 0.011273301120726479, "AUTLANB.MX": 0.011081845955871347, "TEAKCPO.MX": 0.01097293012477214, "GFINBURO.MX": 0.009110037844597343, "AXTELCPO.MX": 0.008931991016254175, "OMAB.MX": 0.008721962756155596, "GMEXICOB.MX": 0.00837257386516342, "ASURB.MX": 0.007288689444943636, "ICHB.MX": 0.007766337454424496, "AZTECACPO.MX": 0.007283413782819522, "CYDSASAA.MX": 0.00668223292540165, "MONEXB.MX": 0.006550346581540461, "AC.MX": 0.00679873244808976, "FEMSAUBD.MX": 0.006028516991493603, "BACHOCOB.MX": 0.006097097863469108, "GRUMAB.MX": 0.005302703643521369, "GAPB.MX": 0.0058069481752976064, "RA.MX": 0.004981780480705654, "CREAL.MX": 0.004334109614964877, "GFNORTEO.MX": 0.004284982084780376, "PE&OLES.MX": 0.0034731126513361126, "BSMXB.MX": 0.0037090789310795414, "HERDEZ.MX": 0.00356004766270288, "AEROMEX.MX": 0.003451571042998121, "GCARSOA1.MX": 0.0034074992652807336, "URBI.MX": 0.0023356600372741823, "HOMEX.MX": 0.0008595021823923749}}