{"allocation": {"MEGACPO.MX": 142, "CYDSASAA.MX": 354, "PASAB.MX": 397, "CMOCTEZ.MX": 131, "ALPEKA.MX": 291, "BBVA.MX": 39, "VALUEGFO.MX": 66, "ACCELSAB.MX": 272, "CERAMICB.MX": 53, "KUOB.MX": 62, "AMXL.MX": 152, "AXTELCPO.MX": 587, "GFMULTIO.MX": 216, "BIMBOA.MX": 49, "GMD.MX": 72, "GBMO.MX": 138, "MEDICAB.MX": 36, "GNP.MX": 37, "LABB.MX": 60, "AC.MX": 8, "ASURB.MX": 3, "VITROA.MX": 15, "SIMECB.MX": 14, "GCC.MX": 10, "OMAB.MX": 9, "TMMA.MX": 157, "VESTA.MX": 34, "PINFRA.MX": 4, "GFNORTEO.MX": 7, "GRUMAB.MX": 3, "TEAKCPO.MX": 39, "GISSAA.MX": 19, "PE&OLES.MX": 2, "AEROMEX.MX": 19, "TLEVISACPO.MX": 7, "RA.MX": 5, "BSMXB.MX": 16, "CEMEXCPO.MX": 30, "GCARSOA1.MX": 7, "CREAL.MX": 15, "MFRISCOA-1.MX": 33, "HOMEX.MX": 294, "GENTERA.MX": 10}, "qty": {"MEGACPO.MX": 11361.420303344727, "CYDSASAA.MX": 10620.0, "PASAB.MX": 9925.0, "CMOCTEZ.MX": 9692.689720153809, "ALPEKA.MX": 6823.950222015381, "BBVA.MX": 6552.0, "VALUEGFO.MX": 6336.0, "ACCELSAB.MX": 2801.600051879883, "CERAMICB.MX": 2782.5, "KUOB.MX": 2622.599952697754, "AMXL.MX": 2576.400115966797, "AXTELCPO.MX": 2218.8599832057953, "GFMULTIO.MX": 2160.0, "BIMBOA.MX": 2131.989917755127, "GMD.MX": 2052.0, "GBMO.MX": 1835.4000263214111, "MEDICAB.MX": 1474.9200439453125, "GNP.MX": 1258.0, "LABB.MX": 1231.2000274658203, "AC.MX": 1087.43994140625, "ASURB.MX": 1074.2100219726562, "VITROA.MX": 1056.7499542236328, "SIMECB.MX": 858.3400192260742, "GCC.MX": 914.7000122070312, "OMAB.MX": 915.0299835205079, "TMMA.MX": 860.3600029945374, "VESTA.MX": 828.240020751953, "PINFRA.MX": 778.5599975585938, "GFNORTEO.MX": 754.8100128173827, "GRUMAB.MX": 747.9000091552734, "TEAKCPO.MX": 659.0999851226807, "GISSAA.MX": 639.7299652099609, "PE&OLES.MX": 819.2999877929688, "AEROMEX.MX": 543.2100028991699, "TLEVISACPO.MX": 515.0600128173828, "RA.MX": 536.7499923706055, "BSMXB.MX": 459.67999267578125, "CEMEXCPO.MX": 440.9999942779541, "GCARSOA1.MX": 454.51000213623047, "CREAL.MX": 368.39999198913574, "MFRISCOA-1.MX": 377.1900100708007, "HOMEX.MX": 184.04399621486664, "GENTERA.MX": 163.89999389648438}, "pct": {"MEGACPO.MX": 0.11084880873140797, "CYDSASAA.MX": 0.10361506900514794, "PASAB.MX": 0.09683423350998994, "CMOCTEZ.MX": 0.09456767553665019, "ALPEKA.MX": 0.06657853796062319, "BBVA.MX": 0.0639252290133455, "VALUEGFO.MX": 0.061817803881037414, "ACCELSAB.MX": 0.027334085000033908, "CERAMICB.MX": 0.027147733475218844, "KUOB.MX": 0.025587653019931777, "AMXL.MX": 0.02513689979291627, "AXTELCPO.MX": 0.02164852450778059, "GFMULTIO.MX": 0.021074251323080936, "BIMBOA.MX": 0.020800968215299167, "GMD.MX": 0.02002053875692689, "GBMO.MX": 0.017907259922725363, "MEDICAB.MX": 0.014390201707200507, "GNP.MX": 0.012273800076127694, "LABB.MX": 0.012012323522129097, "AC.MX": 0.010609714177755426, "ASURB.MX": 0.01048063517445558, "VITROA.MX": 0.0103102843152607, "SIMECB.MX": 0.008374478373068709, "GCC.MX": 0.008924360158553786, "OMAB.MX": 0.008927579555956385, "TMMA.MX": 0.008394186542330345, "VESTA.MX": 0.008080804793129828, "PINFRA.MX": 0.0075960967864106875, "GFNORTEO.MX": 0.007364377736709012, "GRUMAB.MX": 0.0072969596099410955, "TEAKCPO.MX": 0.006430573487738092, "GISSAA.MX": 0.006241587993398398, "PE&OLES.MX": 0.007993580486919522, "AEROMEX.MX": 0.005299881538105847, "TLEVISACPO.MX": 0.005025233405825376, "RA.MX": 0.005236853813370331, "BSMXB.MX": 0.0044849128212228785, "CEMEXCPO.MX": 0.004302659589301324, "GCARSOA1.MX": 0.004434471302718969, "CREAL.MX": 0.00359433056416669, "MFRISCOA-1.MX": 0.003680091235549761, "HOMEX.MX": 0.001795643254970489, "GENTERA.MX": 0.0015991063255675663}}