{"allocation": {"CYDSASAA.MX": 923, "TEAKCPO.MX": 918, "WMT.MX": 6, "URBI.MX": 34, "AUTLANB.MX": 196, "BOLSAA.MX": 63, "BAFARB.MX": 49, "ACCELSAB.MX": 180, "MEDICAB.MX": 45, "CMOCTEZ.MX": 24, "ARA.MX": 241, "MEGACPO.MX": 21, "MONEXB.MX": 114, "BIMBOA.MX": 27, "PINFRA.MX": 6, "FEMSAUBD.MX": 6, "PASAB.MX": 41, "SIMECB.MX": 16, "GCC.MX": 10, "OMAB.MX": 9, "LAMOSA.MX": 22, "GAPB.MX": 4, "BBVA.MX": 5, "VITROA.MX": 12, "BACHOCOB.MX": 9, "ASURB.MX": 2, "MFRISCOA-1.MX": 72, "GMD.MX": 32, "AEROMEX.MX": 27, "CERAMICB.MX": 16, "GFINBURO.MX": 26, "SORIANAB.MX": 20, "PE&OLES.MX": 2, "GFNORTEO.MX": 6, "DINEA.MX": 59, "AZTECACPO.MX": 202, "BSMXB.MX": 18, "GISSAA.MX": 15, "RCENTROA.MX": 43, "TLEVISACPO.MX": 6, "CEMEXCPO.MX": 31, "HOMEX.MX": 612, "TMMA.MX": 73}, "qty": {"CYDSASAA.MX": 30459.0, "TEAKCPO.MX": 17442.0, "WMT.MX": 10201.979736328125, "URBI.MX": 4471.090270996094, "AUTLANB.MX": 3606.3999252319345, "BOLSAA.MX": 2201.219913482666, "BAFARB.MX": 1878.652904510498, "ACCELSAB.MX": 1855.8000755310059, "MEDICAB.MX": 1799.5500755310059, "CMOCTEZ.MX": 1748.159912109375, "ARA.MX": 1766.5299816131592, "MEGACPO.MX": 1752.2400512695312, "MONEXB.MX": 1653.0, "BIMBOA.MX": 1190.9700164794922, "PINFRA.MX": 1154.280029296875, "FEMSAUBD.MX": 1047.1200256347656, "PASAB.MX": 992.2000312805176, "SIMECB.MX": 990.4000244140625, "GCC.MX": 996.6999816894532, "OMAB.MX": 828.9900054931641, "LAMOSA.MX": 880.0, "GAPB.MX": 728.47998046875, "BBVA.MX": 777.9000091552734, "VITROA.MX": 814.4400329589844, "BACHOCOB.MX": 824.9400329589844, "ASURB.MX": 668.0599975585938, "MFRISCOA-1.MX": 827.2799835205078, "GMD.MX": 825.5999755859375, "AEROMEX.MX": 788.4000205993652, "CERAMICB.MX": 800.0, "GFINBURO.MX": 783.1200218200684, "SORIANAB.MX": 760.0, "PE&OLES.MX": 823.8800048828126, "GFNORTEO.MX": 678.9600219726562, "DINEA.MX": 617.7300157546997, "AZTECACPO.MX": 555.5, "BSMXB.MX": 478.98001098632807, "GISSAA.MX": 450.7499885559082, "RCENTROA.MX": 449.3499917984009, "TLEVISACPO.MX": 387.0600128173828, "CEMEXCPO.MX": 385.94999408721924, "HOMEX.MX": 287.02800714969635, "TMMA.MX": 249.660005569458}, "pct": {"CYDSASAA.MX": 0.2960652422811652, "TEAKCPO.MX": 0.16953839442752827, "WMT.MX": 0.0991645031807848, "URBI.MX": 0.04345954970102167, "AUTLANB.MX": 0.035054652734054594, "BOLSAA.MX": 0.02139612945268627, "BAFARB.MX": 0.018260738282153563, "ACCELSAB.MX": 0.018038605961702352, "MEDICAB.MX": 0.017491849013729157, "CMOCTEZ.MX": 0.01699233027758241, "ARA.MX": 0.017170889622221422, "MEGACPO.MX": 0.017031989734195972, "MONEXB.MX": 0.016067364177772287, "BIMBOA.MX": 0.011576375668229562, "PINFRA.MX": 0.011219744460884789, "FEMSAUBD.MX": 0.0101781359889365, "PASAB.MX": 0.009644306860121677, "SIMECB.MX": 0.009626810571043743, "GCC.MX": 0.009688046933928262, "OMAB.MX": 0.00805788524984399, "LAMOSA.MX": 0.00855370869718065, "GAPB.MX": 0.007080915391656292, "BBVA.MX": 0.007561284174827692, "VITROA.MX": 0.00791645771960609, "BACHOCOB.MX": 0.008018519016561086, "ASURB.MX": 0.006493625694722076, "MFRISCOA-1.MX": 0.008041263625048672, "GMD.MX": 0.00802493374041087, "AEROMEX.MX": 0.0076633455830206745, "CERAMICB.MX": 0.0077760988156187726, "GFINBURO.MX": 0.007612023342702976, "SORIANAB.MX": 0.007387293874837834, "PE&OLES.MX": 0.008008215412726534, "GFNORTEO.MX": 0.006599575278392585, "DINEA.MX": 0.006004412054852857, "AZTECACPO.MX": 0.005399528615095285, "BSMXB.MX": 0.004655744870169815, "GISSAA.MX": 0.0043813455651872165, "RCENTROA.MX": 0.004367737423777313, "TLEVISACPO.MX": 0.0037622711340532964, "CEMEXCPO.MX": 0.003751481614887122, "HOMEX.MX": 0.002789947683057713, "TMMA.MX": 0.002426726092020048}}