{"allocation": {"ACCELSAB.MX": 4396, "AUTLANB.MX": 751, "TS.MX": 30, "GNP.MX": 66, "HERDEZ.MX": 9, "FRAGUAB.MX": 1, "MEDICAB.MX": 9, "ORBIA.MX": 3, "SIMECB.MX": 3, "CREAL.MX": 7, "CMOCTEZ.MX": 2, "CYDSASAA.MX": 4, "MEGACPO.MX": 1, "VESTA.MX": 4, "RA.MX": 1, "ICHB.MX": 1, "LABB.MX": 7, "CHDRAUIB.MX": 2, "OMAB.MX": 1, "GRUMAB.MX": 1, "GCC.MX": 1, "BACHOCOB.MX": 1, "IENOVA.MX": 1, "FEMSAUBD.MX": 1, "BOLSAA.MX": 1, "GCARSOA1.MX": 1, "LAMOSA.MX": 1, "BIMBOA.MX": 1, "AXTELCPO.MX": 14, "PASAB.MX": 2, "GMD.MX": 2, "ALFAA.MX": 2, "ARA.MX": 7, "SORIANAB.MX": 1, "BSMXB.MX": 1, "GFINBURO.MX": 1, "DINEA.MX": 2, "GISSAA.MX": 1, "TMMA.MX": 2}, "qty": {"ACCELSAB.MX": 61763.80083847046, "AUTLANB.MX": 10506.489828109741, "TS.MX": 9390.0, "GNP.MX": 2376.0, "HERDEZ.MX": 339.6600151062012, "FRAGUAB.MX": 263.0, "MEDICAB.MX": 288.0, "ORBIA.MX": 160.97999954223633, "SIMECB.MX": 165.45000457763672, "CREAL.MX": 162.67999839782715, "CMOCTEZ.MX": 148.0399932861328, "CYDSASAA.MX": 125.55999755859376, "MEGACPO.MX": 90.06999969482422, "VESTA.MX": 99.19999694824219, "RA.MX": 98.93000030517578, "ICHB.MX": 72.86000061035156, "LABB.MX": 91.35000133514404, "CHDRAUIB.MX": 71.81999969482422, "OMAB.MX": 106.29000091552734, "GRUMAB.MX": 212.0, "GCC.MX": 109.47000122070312, "BACHOCOB.MX": 74.51000213623047, "IENOVA.MX": 79.62999725341797, "FEMSAUBD.MX": 173.02999877929688, "BOLSAA.MX": 30.61000061035156, "GCARSOA1.MX": 59.77999877929688, "LAMOSA.MX": 40.0, "BIMBOA.MX": 38.04999923706055, "AXTELCPO.MX": 46.339999198913574, "PASAB.MX": 44.0, "GMD.MX": 42.84000015258789, "ALFAA.MX": 42.81999969482422, "ARA.MX": 37.72999906539917, "SORIANAB.MX": 26.520000457763672, "BSMXB.MX": 25.32999992370605, "GFINBURO.MX": 26.32999992370605, "DINEA.MX": 20.0, "GISSAA.MX": 24.76000022888184, "TMMA.MX": 14.399999618530273}, "pct": {"ACCELSAB.MX": 0.7059661598853773, "AUTLANB.MX": 0.12009018514296949, "TS.MX": 0.10732859946006937, "GNP.MX": 0.02715790759500797, "HERDEZ.MX": 0.003882346508406238, "FRAGUAB.MX": 0.003006115192545074, "MEDICAB.MX": 0.003291867587273693, "ORBIA.MX": 0.001840016814904242, "SIMECB.MX": 0.001891109400636828, "CREAL.MX": 0.0018594479646650815, "CMOCTEZ.MX": 0.0016921113038848464, "CYDSASAA.MX": 0.0014351627993795099, "MEGACPO.MX": 0.0010295087242400808, "VESTA.MX": 0.0011338654674012767, "RA.MX": 0.0011307793799082803, "ICHB.MX": 0.0008327967861734646, "LABB.MX": 0.0010441392655991988, "CHDRAUIB.MX": 0.0008209094760881888, "OMAB.MX": 0.0012149048918927625, "GRUMAB.MX": 0.002423180307298691, "GCC.MX": 0.0012512525999904313, "BACHOCOB.MX": 0.0008516564616664955, "IENOVA.MX": 0.0009101784962959021, "FEMSAUBD.MX": 0.0019777494604429654, "BOLSAA.MX": 0.0003498752390820981, "GCARSOA1.MX": 0.0006832911123223206, "LAMOSA.MX": 0.0004572038315657907, "BIMBOA.MX": 0.0004349151360564874, "AXTELCPO.MX": 0.000529670629712474, "PASAB.MX": 0.0005029242147223697, "GMD.MX": 0.0004896653053510561, "ALFAA.MX": 0.0004894366982029905, "ARA.MX": 0.00043125750344185504, "SORIANAB.MX": 0.00030312614556040186, "BSMXB.MX": 0.0002895243254669898, "GFINBURO.MX": 0.0003009544212561346, "DINEA.MX": 0.00022860191578289536, "GISSAA.MX": 0.0002830091743553658, "TMMA.MX": 0.00016459337500344913}}