{"allocation": {"ACCELSAB.MX": 1667, "GFMULTIO.MX": 1441, "TS.MX": 42, "MEGACPO.MX": 39, "IENOVA.MX": 31, "LAMOSA.MX": 59, "WMT.MX": 1, "TMMA.MX": 261, "CERAMICB.MX": 33, "CMOCTEZ.MX": 21, "CHDRAUIB.MX": 36, "PASAB.MX": 59, "MONEXB.MX": 111, "GCC.MX": 9, "AXTELCPO.MX": 265, "ORBIA.MX": 15, "MEDICAB.MX": 26, "ALEATIC.MX": 32, "AC.MX": 6, "BSMXB.MX": 23, "BACHOCOB.MX": 8, "AUTLANB.MX": 38, "ARA.MX": 92, "SORIANAB.MX": 17, "GCARSOA1.MX": 9, "CREAL.MX": 20, "HERDEZ.MX": 12, "GFINBURO.MX": 17, "GAPB.MX": 3, "AMXL.MX": 31, "AZTECACPO.MX": 181, "URBI.MX": 6, "VITROA.MX": 7, "GMEXICOB.MX": 5}, "qty": {"ACCELSAB.MX": 22521.17038154602, "GFMULTIO.MX": 18733.0, "TS.MX": 13146.0, "MEGACPO.MX": 3754.919952392578, "IENOVA.MX": 2882.689933776855, "LAMOSA.MX": 2360.0, "WMT.MX": 1851.0, "TMMA.MX": 1897.46999502182, "CERAMICB.MX": 1890.899974822998, "CMOCTEZ.MX": 1638.0, "CHDRAUIB.MX": 1505.8800659179688, "PASAB.MX": 1415.4099864959717, "MONEXB.MX": 1316.4599618911743, "GCC.MX": 1105.289978027344, "AXTELCPO.MX": 988.4500050544739, "ORBIA.MX": 965.4000091552734, "MEDICAB.MX": 920.4000396728516, "ALEATIC.MX": 910.4000244140625, "AC.MX": 725.2799835205077, "BSMXB.MX": 670.2199859619142, "BACHOCOB.MX": 672.1599731445312, "AUTLANB.MX": 621.6800231933594, "ARA.MX": 621.9200210571289, "SORIANAB.MX": 558.4499740600586, "GCARSOA1.MX": 558.629997253418, "CREAL.MX": 513.6000061035156, "HERDEZ.MX": 507.96002197265625, "GFINBURO.MX": 499.1200103759765, "GAPB.MX": 613.7400054931641, "AMXL.MX": 466.23999881744385, "AZTECACPO.MX": 412.67999482154846, "URBI.MX": 418.1208801269531, "VITROA.MX": 382.61999893188477, "GMEXICOB.MX": 269.75000381469727}, "pct": {"ACCELSAB.MX": 0.25500954004184534, "GFMULTIO.MX": 0.2121156952623682, "TS.MX": 0.14885351678423597, "MEGACPO.MX": 0.04251734673337374, "IENOVA.MX": 0.03264099607798579, "LAMOSA.MX": 0.026722523932055143, "WMT.MX": 0.020959064321285623, "TMMA.MX": 0.02148524887810472, "CERAMICB.MX": 0.021410855860309334, "CMOCTEZ.MX": 0.018547243305384035, "CHDRAUIB.MX": 0.01705123563571936, "PASAB.MX": 0.016026833575342563, "MONEXB.MX": 0.01490641221916496, "GCC.MX": 0.012515312665125594, "AXTELCPO.MX": 0.01119232157445263, "ORBIA.MX": 0.010931324088414426, "MEDICAB.MX": 0.010421784782721304, "ALEATIC.MX": 0.010308553576334055, "AC.MX": 0.008212420219096324, "BSMXB.MX": 0.007588970175681742, "BACHOCOB.MX": 0.007610936851069609, "AUTLANB.MX": 0.007039347160112348, "ARA.MX": 0.007042064680730239, "SORIANAB.MX": 0.006323386778252326, "GCARSOA1.MX": 0.006325425199478119, "CREAL.MX": 0.005815545955341043, "HERDEZ.MX": 0.005751683832072696, "GFINBURO.MX": 0.005651587467050696, "GAPB.MX": 0.006949441519004547, "AMXL.MX": 0.005279283697661231, "AZTECACPO.MX": 0.004672818236397975, "URBI.MX": 0.004734425943086637, "VITROA.MX": 0.0043324457959068655, "GMEXICOB.MX": 0.003054407174834836}}