{"allocation": {"GFMULTIO.MX": 1456, "ACCELSAB.MX": 887, "WMT.MX": 6, "ALPEKA.MX": 356, "ALEATIC.MX": 96, "BAFARB.MX": 66, "MEGACPO.MX": 26, "PASAB.MX": 88, "CMOCTEZ.MX": 25, "CERAMICB.MX": 34, "VALUEGFO.MX": 19, "CHDRAUIB.MX": 38, "ASURB.MX": 5, "TEAKCPO.MX": 99, "MEDICAB.MX": 32, "BACHOCOB.MX": 12, "AXTELCPO.MX": 281, "SIMECB.MX": 17, "AUTLANB.MX": 55, "BSMXB.MX": 30, "GRUMAB.MX": 4, "KUOB.MX": 18, "HERDEZ.MX": 21, "FRES.MX": 4, "TLEVISACPO.MX": 12, "SORIANAB.MX": 22, "AC.MX": 6, "CYDSASAA.MX": 22, "ARA.MX": 108, "ICHB.MX": 8, "MONEXB.MX": 42, "AZTECACPO.MX": 210, "BBVA.MX": 3, "ORBIA.MX": 6}, "qty": {"GFMULTIO.MX": 18928.0, "ACCELSAB.MX": 10670.609763145447, "WMT.MX": 11016.0, "ALPEKA.MX": 10035.640190124512, "ALEATIC.MX": 2782.0799560546875, "BAFARB.MX": 2541.0, "MEGACPO.MX": 2336.620071411133, "PASAB.MX": 2112.0, "CMOCTEZ.MX": 1953.7500381469727, "CERAMICB.MX": 1948.1999740600586, "VALUEGFO.MX": 1862.0, "CHDRAUIB.MX": 1722.9200057983398, "ASURB.MX": 1789.6000671386719, "TEAKCPO.MX": 1386.9900226593018, "MEDICAB.MX": 1191.6800537109375, "BACHOCOB.MX": 1108.9200439453125, "AXTELCPO.MX": 1073.4199812412262, "SIMECB.MX": 924.1200103759766, "AUTLANB.MX": 923.4500503540039, "BSMXB.MX": 907.1999931335449, "GRUMAB.MX": 968.2000122070312, "KUOB.MX": 864.0, "HERDEZ.MX": 864.150032043457, "FRES.MX": 960.0, "TLEVISACPO.MX": 827.280029296875, "SORIANAB.MX": 770.2199630737305, "AC.MX": 705.3599853515626, "CYDSASAA.MX": 689.9200134277343, "ARA.MX": 699.8400020599365, "ICHB.MX": 597.8400268554688, "MONEXB.MX": 498.11998558044434, "AZTECACPO.MX": 482.9999899864197, "BBVA.MX": 358.7699890136719, "ORBIA.MX": 388.1400146484375}, "pct": {"GFMULTIO.MX": 0.21784105270706075, "ACCELSAB.MX": 0.1228073152910949, "WMT.MX": 0.12678238781809917, "ALPEKA.MX": 0.11549949406202509, "ALEATIC.MX": 0.03201876724123871, "BAFARB.MX": 0.029244194575688998, "MEGACPO.MX": 0.026892000007008064, "PASAB.MX": 0.024306863023949295, "CMOCTEZ.MX": 0.022485575075887394, "CERAMICB.MX": 0.022421699769289496, "VALUEGFO.MX": 0.021429630184940148, "CHDRAUIB.MX": 0.019828968078675274, "ASURB.MX": 0.020596384327457463, "TEAKCPO.MX": 0.01596277296229355, "MEDICAB.MX": 0.013714963936517187, "BACHOCOB.MX": 0.01276248466509969, "AXTELCPO.MX": 0.012353916880303366, "SIMECB.MX": 0.010635633764156945, "AUTLANB.MX": 0.010627923240252772, "BSMXB.MX": 0.010440902447170842, "GRUMAB.MX": 0.01114294747940452, "KUOB.MX": 0.00994371669161562, "HERDEZ.MX": 0.009945443400104975, "FRES.MX": 0.011048574101795135, "TLEVISACPO.MX": 0.00952110906939768, "SORIANAB.MX": 0.008864408684064608, "AC.MX": 0.008117939652706116, "CYDSASAA.MX": 0.007940242075695643, "ARA.MX": 0.008054410543916321, "ICHB.MX": 0.006880499830970666, "MONEXB.MX": 0.005732828721115274, "AZTECACPO.MX": 0.005558813729720068, "BBVA.MX": 0.004129059176164354, "ORBIA.MX": 0.004467076785119907}}