{"allocation": {"VALUEGFO.MX": 190, "LAMOSA.MX": 246, "FRES.MX": 25, "CMOCTEZ.MX": 93, "DINEA.MX": 486, "PASAB.MX": 152, "SIMECB.MX": 51, "GCC.MX": 18, "ACCELSAB.MX": 208, "TS.MX": 6, "ORBIA.MX": 37, "ARA.MX": 298, "GFMULTIO.MX": 138, "BAFARB.MX": 41, "GBMO.MX": 117, "GMEXICOB.MX": 19, "CYDSASAA.MX": 32, "AUTLANB.MX": 57, "MEDICAB.MX": 23, "ICHB.MX": 11, "OMAB.MX": 8, "AZTECACPO.MX": 334, "AXTELCPO.MX": 186, "ASURB.MX": 2, "MONEXB.MX": 48, "FEMSAUBD.MX": 4, "GFINBURO.MX": 22, "AC.MX": 5, "TEAKCPO.MX": 36, "BACHOCOB.MX": 6, "GAPB.MX": 3, "KUOB.MX": 12, "PE&OLES.MX": 2, "RA.MX": 4, "CREAL.MX": 20, "HERDEZ.MX": 11, "GFNORTEO.MX": 4, "GCARSOA1.MX": 5, "AEROMEX.MX": 11, "URBI.MX": 3, "HOMEX.MX": 788}, "qty": {"VALUEGFO.MX": 21850.0, "LAMOSA.MX": 9963.0, "FRES.MX": 8500.0, "CMOCTEZ.MX": 7294.920227050781, "DINEA.MX": 5589.0, "PASAB.MX": 3492.959930419922, "SIMECB.MX": 3158.9399299621577, "GCC.MX": 2319.3001098632812, "ACCELSAB.MX": 2246.4000396728516, "TS.MX": 2409.1799926757812, "ORBIA.MX": 2124.910011291504, "ARA.MX": 2014.480068206787, "GFMULTIO.MX": 1794.0, "BAFARB.MX": 1558.0, "GBMO.MX": 1556.100022315979, "GMEXICOB.MX": 1071.4099884033203, "CYDSASAA.MX": 990.4000244140625, "AUTLANB.MX": 964.4400043487549, "MEDICAB.MX": 916.549964904785, "ICHB.MX": 908.599983215332, "OMAB.MX": 828.5599975585938, "AZTECACPO.MX": 804.94002866745, "AXTELCPO.MX": 738.4200053215027, "ASURB.MX": 630.739990234375, "MONEXB.MX": 672.0, "FEMSAUBD.MX": 699.7999877929688, "GFINBURO.MX": 611.599983215332, "AC.MX": 611.3000106811525, "TEAKCPO.MX": 583.2000274658203, "BACHOCOB.MX": 574.0800018310547, "GAPB.MX": 551.6699981689453, "KUOB.MX": 525.1199798583984, "PE&OLES.MX": 712.0800170898438, "RA.MX": 426.55999755859375, "CREAL.MX": 462.9999923706055, "HERDEZ.MX": 460.4600067138672, "GFNORTEO.MX": 468.2799987792969, "GCARSOA1.MX": 335.25001525878906, "AEROMEX.MX": 296.8899974822998, "URBI.MX": 282.2027893066406, "HOMEX.MX": 87.46800112724299}, "pct": {"VALUEGFO.MX": 0.23727765246808485, "LAMOSA.MX": 0.10819209389196931, "FRES.MX": 0.09230480759628015, "CMOCTEZ.MX": 0.07921837741036879, "DINEA.MX": 0.06069312584183644, "PASAB.MX": 0.03793141109634435, "SIMECB.MX": 0.03430415793451337, "GCC.MX": 0.025186182399877834, "ACCELSAB.MX": 0.02439453217015043, "TS.MX": 0.026162223022205364, "ORBIA.MX": 0.023075224676667262, "ARA.MX": 0.02187602295321986, "GFMULTIO.MX": 0.0194817440973796, "BAFARB.MX": 0.016918928262941703, "GBMO.MX": 0.01689829566593455, "GMEXICOB.MX": 0.01163485798074132, "CYDSASAA.MX": 0.010755139258457789, "AUTLANB.MX": 0.010473229298772636, "MEDICAB.MX": 0.009953172725048648, "ICHB.MX": 0.009866840780314658, "OMAB.MX": 0.008997655430190628, "AZTECACPO.MX": 0.008741156996787434, "AXTELCPO.MX": 0.008018790178405349, "ASURB.MX": 0.006849450993160424, "MONEXB.MX": 0.0072975094946706185, "FEMSAUBD.MX": 0.007599400379895197, "GFINBURO.MX": 0.00664160220900934, "AC.MX": 0.00663834469053268, "TEAKCPO.MX": 0.006333196038279746, "BACHOCOB.MX": 0.006234158131045607, "GAPB.MX": 0.0059907991808970254, "KUOB.MX": 0.005702482200681409, "PE&OLES.MX": 0.007732753996545165, "RA.MX": 0.004632181000343027, "CREAL.MX": 0.005027897083864461, "HERDEZ.MX": 0.005000314391235926, "GFNORTEO.MX": 0.005085234728059918, "GCARSOA1.MX": 0.003640610371189707, "AEROMEX.MX": 0.0032240440111604447, "URBI.MX": 0.0030645499023627116, "HOMEX.MX": 0.0009498490605742799}}