{"allocation": {"VALUEGFO.MX": 188, "ALPEKA.MX": 383, "FRES.MX": 10, "LAMOSA.MX": 77, "CMOCTEZ.MX": 39, "BACHOCOB.MX": 30, "CERAMICB.MX": 47, "GFMULTIO.MX": 171, "GNP.MX": 60, "MEGACPO.MX": 24, "ACCELSAB.MX": 194, "AUTLANB.MX": 108, "ALEATIC.MX": 63, "PASAB.MX": 70, "TS.MX": 4, "ORBIA.MX": 29, "SIMECB.MX": 26, "IENOVA.MX": 20, "ARA.MX": 252, "DINEA.MX": 144, "MEDICAB.MX": 38, "GFINBURO.MX": 51, "CYDSASAA.MX": 48, "BBVA.MX": 9, "AMXL.MX": 73, "HERDEZ.MX": 28, "GFNORTEO.MX": 10, "FEMSAUBD.MX": 7, "AZTECACPO.MX": 383, "KUOB.MX": 25, "ASURB.MX": 3, "GCARSOA1.MX": 14, "AC.MX": 7, "BIMBOA.MX": 20, "PE&OLES.MX": 3, "GMEXICOB.MX": 14, "GAPB.MX": 4, "URBI.MX": 6, "VITROA.MX": 11, "ALFAA.MX": 26, "MFRISCOA-1.MX": 49}, "qty": {"VALUEGFO.MX": 22936.0, "ALPEKA.MX": 11394.25, "FRES.MX": 3460.0, "LAMOSA.MX": 3050.739917755127, "CMOCTEZ.MX": 2943.72013092041, "BACHOCOB.MX": 2732.999954223633, "CERAMICB.MX": 2397.0, "GFMULTIO.MX": 2223.0, "GNP.MX": 2160.0, "MEGACPO.MX": 2040.0, "ACCELSAB.MX": 2017.5999259948726, "AUTLANB.MX": 1902.960090637207, "ALEATIC.MX": 1694.6999759674075, "PASAB.MX": 1672.9999732971194, "TS.MX": 1606.1199951171875, "ORBIA.MX": 1629.5099601745603, "SIMECB.MX": 1612.5200119018555, "IENOVA.MX": 1666.7999267578125, "ARA.MX": 1622.8800144195557, "DINEA.MX": 1584.0, "MEDICAB.MX": 1463.0, "GFINBURO.MX": 1436.6700038909912, "CYDSASAA.MX": 1339.1999816894534, "BBVA.MX": 1238.490005493164, "AMXL.MX": 1131.5, "HERDEZ.MX": 1104.0400085449219, "GFNORTEO.MX": 1061.999969482422, "FEMSAUBD.MX": 1163.75, "AZTECACPO.MX": 1007.2900438308716, "KUOB.MX": 950.0, "ASURB.MX": 949.9800109863281, "GCARSOA1.MX": 870.3799743652344, "AC.MX": 837.7600021362305, "BIMBOA.MX": 761.2000274658203, "PE&OLES.MX": 1010.6400146484375, "GMEXICOB.MX": 693.2800064086914, "GAPB.MX": 679.760009765625, "URBI.MX": 654.249755859375, "VITROA.MX": 597.7400016784668, "ALFAA.MX": 532.4799880981445, "MFRISCOA-1.MX": 367.99001121520996}, "pct": {"VALUEGFO.MX": 0.24876571680057097, "ALPEKA.MX": 0.12358295991693868, "FRES.MX": 0.037527440710236115, "LAMOSA.MX": 0.03308857265488616, "CMOCTEZ.MX": 0.03192782736434803, "BACHOCOB.MX": 0.02964233923214029, "CERAMICB.MX": 0.02599805646891213, "GFMULTIO.MX": 0.024110838352270198, "GNP.MX": 0.02342753524107226, "MEGACPO.MX": 0.02212600550545713, "ACCELSAB.MX": 0.021883052485476694, "AUTLANB.MX": 0.02063965953044316, "ALEATIC.MX": 0.01838085343056516, "PASAB.MX": 0.018145493441079266, "TS.MX": 0.017420107771758665, "ORBIA.MX": 0.01767379723040174, "SIMECB.MX": 0.01748952287303934, "IENOVA.MX": 0.018078247233303386, "ARA.MX": 0.017601888300854625, "DINEA.MX": 0.017180192510119655, "MEDICAB.MX": 0.015867816693374403, "GFINBURO.MX": 0.015582239419420192, "CYDSASAA.MX": 0.014525071650867125, "BBVA.MX": 0.013432763078429109, "AMXL.MX": 0.01227234079873762, "HERDEZ.MX": 0.011974507503583275, "GFNORTEO.MX": 0.011518537829197734, "FEMSAUBD.MX": 0.012622126915184185, "AZTECACPO.MX": 0.010925149536957853, "KUOB.MX": 0.010303777073619742, "ASURB.MX": 0.010303560271155747, "GCARSOA1.MX": 0.00944021181600236, "AC.MX": 0.009086412950744124, "BIMBOA.MX": 0.008256037254148462, "PE&OLES.MX": 0.010961483592228727, "GMEXICOB.MX": 0.007519371195402972, "GAPB.MX": 0.007372732214933241, "URBI.MX": 0.007096045931415939, "VITROA.MX": 0.006483136552926329, "ALFAA.MX": 0.005775321151081027, "MFRISCOA-1.MX": 0.003991249516716161}}