{"allocation": {"HERDEZ.MX": 562, "BACHOCOB.MX": 185, "ALEATIC.MX": 325, "CREAL.MX": 203, "GCC.MX": 33, "MEGACPO.MX": 39, "CMOCTEZ.MX": 40, "FRAGUAB.MX": 13, "BOLSAA.MX": 67, "ACCELSAB.MX": 212, "CYDSASAA.MX": 70, "ICHB.MX": 24, "MONEXB.MX": 119, "GBMO.MX": 138, "MEDICAB.MX": 39, "BAFARB.MX": 40, "GFINBURO.MX": 28, "GFNORTEO.MX": 7, "LAMOSA.MX": 20, "PINFRA.MX": 4, "GAPB.MX": 4, "OMAB.MX": 7, "CERAMICB.MX": 13, "FEMSAUBD.MX": 4, "PASAB.MX": 23, "AC.MX": 5, "DINEA.MX": 50, "SIMECB.MX": 8, "BIMBOA.MX": 11, "GMEXICOB.MX": 8, "GCARSOA1.MX": 7, "BSMXB.MX": 15, "ASURB.MX": 1, "PE&OLES.MX": 1, "AZTECACPO.MX": 98, "VITROA.MX": 5, "BBVA.MX": 2, "MFRISCOA-1.MX": 27, "TMMA.MX": 56, "TLEVISACPO.MX": 3, "HOMEX.MX": 385}, "qty": {"HERDEZ.MX": 25160.740257263184, "BACHOCOB.MX": 17824.749717712402, "ALEATIC.MX": 9090.249776840208, "CREAL.MX": 5570.320108413696, "GCC.MX": 3592.049949645996, "MEGACPO.MX": 3354.0, "CMOCTEZ.MX": 3040.0, "FRAGUAB.MX": 3133.0, "BOLSAA.MX": 2417.360122680664, "ACCELSAB.MX": 2196.319927215576, "CYDSASAA.MX": 2205.0, "ICHB.MX": 2230.079956054688, "MONEXB.MX": 1902.8099727630615, "GBMO.MX": 1835.4000263214111, "MEDICAB.MX": 1556.1000595092773, "BAFARB.MX": 1533.5942077636719, "GFINBURO.MX": 872.4799957275391, "GFNORTEO.MX": 819.1399765014648, "LAMOSA.MX": 782.2000122070312, "PINFRA.MX": 766.5599975585938, "GAPB.MX": 778.1599731445312, "OMAB.MX": 693.2800064086914, "CERAMICB.MX": 663.0, "FEMSAUBD.MX": 723.1199951171875, "PASAB.MX": 554.3000087738037, "AC.MX": 646.2999725341797, "DINEA.MX": 550.0, "SIMECB.MX": 486.7200012207031, "BIMBOA.MX": 478.8299865722657, "GMEXICOB.MX": 497.3599853515625, "GCARSOA1.MX": 470.3999786376953, "BSMXB.MX": 415.7999897003173, "ASURB.MX": 336.3299865722656, "PE&OLES.MX": 392.5400085449219, "AZTECACPO.MX": 286.16000747680664, "VITROA.MX": 311.4500045776367, "BBVA.MX": 301.3999938964844, "MFRISCOA-1.MX": 271.88999176025396, "TMMA.MX": 224.0, "TLEVISACPO.MX": 201.3600082397461, "HOMEX.MX": 65.45000068843362}, "pct": {"HERDEZ.MX": 0.2535598030062006, "BACHOCOB.MX": 0.1796306460320974, "ALEATIC.MX": 0.09160787477337426, "CREAL.MX": 0.056135441760825494, "GCC.MX": 0.0361992321492906, "MEGACPO.MX": 0.0338002606675016, "CMOCTEZ.MX": 0.030635895178653803, "FRAGUAB.MX": 0.03157311170879026, "BOLSAA.MX": 0.024361181357731094, "ACCELSAB.MX": 0.022133627325317415, "CYDSASAA.MX": 0.02222110160162225, "ICHB.MX": 0.022473847293982996, "MONEXB.MX": 0.019175752260021793, "GBMO.MX": 0.01849642197936881, "MEDICAB.MX": 0.015681749444283938, "BAFARB.MX": 0.015454944538038973, "GFINBURO.MX": 0.008792501873217501, "GFNORTEO.MX": 0.008254962650244677, "LAMOSA.MX": 0.007882696573261953, "PINFRA.MX": 0.007725082807024406, "GAPB.MX": 0.00784198268732892, "OMAB.MX": 0.006986596580852996, "CERAMICB.MX": 0.006681446876134037, "FEMSAUBD.MX": 0.0072873119644732915, "PASAB.MX": 0.005586012159974058, "AC.MX": 0.006513150727803935, "DINEA.MX": 0.005542678404032761, "SIMECB.MX": 0.0049049680719578, "BIMBOA.MX": 0.004825455683231625, "GMEXICOB.MX": 0.005012193545160283, "GCARSOA1.MX": 0.004740501459732047, "BSMXB.MX": 0.004190264769652715, "ASURB.MX": 0.0033893980967322273, "PE&OLES.MX": 0.003955860051055952, "AZTECACPO.MX": 0.002883805260980999, "VITROA.MX": 0.0031386676623788574, "BBVA.MX": 0.0030373877039011816, "MFRISCOA-1.MX": 0.002739997792004009, "TMMA.MX": 0.00225738175000607, "TLEVISACPO.MX": 0.002029225034738726, "HOMEX.MX": 0.0006595787370176552}}