{"allocation": {"WMT.MX": 8, "CYDSASAA.MX": 248, "BACHOCOB.MX": 57, "KUOB.MX": 99, "CMOCTEZ.MX": 51, "URBI.MX": 28, "VALUEGFO.MX": 37, "GMD.MX": 123, "CERAMICB.MX": 62, "GFNORTEO.MX": 28, "MEGACPO.MX": 40, "ALEATIC.MX": 100, "AUTLANB.MX": 173, "GCC.MX": 29, "FRES.MX": 8, "PINFRA.MX": 14, "ACCELSAB.MX": 252, "MEDICAB.MX": 60, "GISSAA.MX": 69, "GBMO.MX": 171, "VITROA.MX": 32, "GAPB.MX": 11, "BSMXB.MX": 63, "AZTECACPO.MX": 544, "MONEXB.MX": 118, "SORIANAB.MX": 39, "TMMA.MX": 289, "OMAB.MX": 16, "CEMEXCPO.MX": 99, "GRUMAB.MX": 7, "CREAL.MX": 58, "GMEXICOB.MX": 17, "PE&OLES.MX": 3, "HOMEX.MX": 1880, "TLEVISACPO.MX": 12, "TS.MX": 3}, "qty": {"WMT.MX": 16061.440429687498, "CYDSASAA.MX": 7876.480056762696, "BACHOCOB.MX": 5452.050086975098, "KUOB.MX": 4167.899848937987, "CMOCTEZ.MX": 3803.580093383789, "URBI.MX": 3649.8228149414062, "VALUEGFO.MX": 3515.0, "GMD.MX": 3505.5, "CERAMICB.MX": 3462.6999053955074, "GFNORTEO.MX": 3348.240051269531, "MEGACPO.MX": 3406.400146484375, "ALEATIC.MX": 3164.999961853028, "AUTLANB.MX": 3048.260145187378, "GCC.MX": 3038.040061950684, "FRES.MX": 2796.0, "PINFRA.MX": 2670.9199829101562, "ACCELSAB.MX": 2598.120105743408, "MEDICAB.MX": 2386.2000274658203, "GISSAA.MX": 2348.7600631713867, "GBMO.MX": 2274.3000326156616, "VITROA.MX": 2233.60009765625, "GAPB.MX": 2140.4899597167973, "BSMXB.MX": 1845.8999519348145, "AZTECACPO.MX": 1827.839942932129, "MONEXB.MX": 1817.199954986572, "SORIANAB.MX": 1582.2299880981445, "TMMA.MX": 1580.829939365387, "OMAB.MX": 1519.8399658203123, "CEMEXCPO.MX": 1532.5199546813965, "GRUMAB.MX": 1556.1000213623047, "CREAL.MX": 1450.0, "GMEXICOB.MX": 1121.660057067871, "PE&OLES.MX": 1294.0500183105469, "HOMEX.MX": 1034.0000224113464, "TLEVISACPO.MX": 924.2399597167969, "TS.MX": 1002.6000366210938}, "pct": {"WMT.MX": 0.15005389101922312, "CYDSASAA.MX": 0.0735859579485767, "BACHOCOB.MX": 0.05093573849516962, "KUOB.MX": 0.0389385741863842, "CMOCTEZ.MX": 0.035534919505759564, "URBI.MX": 0.03409844324425563, "VALUEGFO.MX": 0.0328388620710298, "GMD.MX": 0.03275010838975674, "CERAMICB.MX": 0.03235024881554793, "GFNORTEO.MX": 0.03128090845642613, "MEGACPO.MX": 0.03182426872521652, "ALEATIC.MX": 0.02956898924668738, "AUTLANB.MX": 0.028478348354032876, "GCC.MX": 0.02838286730033039, "FRES.MX": 0.026121609772574484, "PINFRA.MX": 0.02495305061779342, "ACCELSAB.MX": 0.024272918292027632, "MEDICAB.MX": 0.02229305649383715, "GISSAA.MX": 0.02194327389827266, "GBMO.MX": 0.02124763160148059, "VITROA.MX": 0.020867392753562523, "GAPB.MX": 0.019997511963460605, "BSMXB.MX": 0.017245306946943924, "AZTECACPO.MX": 0.017076581443489943, "MONEXB.MX": 0.016977177433082673, "SORIANAB.MX": 0.01478197221729789, "TMMA.MX": 0.014768892272140637, "OMAB.MX": 0.014199093885522582, "CEMEXCPO.MX": 0.014317556589724953, "GRUMAB.MX": 0.01453785319210334, "CREAL.MX": 0.01354661451009764, "GMEXICOB.MX": 0.010479100968601772, "PE&OLES.MX": 0.012089652934370877, "HOMEX.MX": 0.009660137728992296, "TLEVISACPO.MX": 0.008634705137318358, "TS.MX": 0.009366783588907402}}