{"allocation": {"KUOB.MX": 619, "HERDEZ.MX": 290, "BACHOCOB.MX": 134, "ALEATIC.MX": 304, "CYDSASAA.MX": 206, "CREAL.MX": 175, "CMOCTEZ.MX": 39, "ACCELSAB.MX": 218, "MEGACPO.MX": 23, "GBMO.MX": 116, "MEDICAB.MX": 34, "MONEXB.MX": 90, "GFINBURO.MX": 41, "LAMOSA.MX": 27, "BAFARB.MX": 29, "BOLSAA.MX": 24, "LABB.MX": 34, "PASAB.MX": 24, "GCC.MX": 6, "GFNORTEO.MX": 5, "CERAMICB.MX": 11, "WMT.MX": 1, "FEMSAUBD.MX": 3, "TS.MX": 1, "GMEXICOB.MX": 8, "DINEA.MX": 38, "AC.MX": 3, "VITROA.MX": 6, "GAPB.MX": 2, "BBVA.MX": 2, "OMAB.MX": 3, "BIMBOA.MX": 8, "BSMXB.MX": 12, "SIMECB.MX": 5, "ICHB.MX": 4, "MFRISCOA-1.MX": 28, "GCARSOA1.MX": 4, "ASURB.MX": 1, "AZTECACPO.MX": 71, "TLEVISACPO.MX": 3, "TMMA.MX": 40, "HOMEX.MX": 244}, "qty": {"KUOB.MX": 25998.0, "HERDEZ.MX": 13337.100486755371, "BACHOCOB.MX": 12770.200408935545, "ALEATIC.MX": 10378.559814453125, "CYDSASAA.MX": 6489.0, "CREAL.MX": 4571.000146865845, "CMOCTEZ.MX": 2893.7998809814453, "ACCELSAB.MX": 2256.300083160401, "MEGACPO.MX": 1931.3100280761719, "GBMO.MX": 1542.8000221252441, "MEDICAB.MX": 1353.1999740600586, "MONEXB.MX": 1260.0, "GFINBURO.MX": 1233.6900062561035, "LAMOSA.MX": 1128.3300247192383, "BAFARB.MX": 1097.4160919189453, "BOLSAA.MX": 833.7600402832031, "LABB.MX": 669.8000259399414, "PASAB.MX": 580.8000183105469, "GCC.MX": 586.7400054931641, "GFNORTEO.MX": 555.6499862670897, "CERAMICB.MX": 561.0, "WMT.MX": 1602.0, "FEMSAUBD.MX": 497.46002197265625, "TS.MX": 346.79998779296875, "GMEXICOB.MX": 484.3999938964844, "DINEA.MX": 416.0999927520752, "AC.MX": 377.12999725341797, "VITROA.MX": 360.24000549316406, "GAPB.MX": 359.260009765625, "BBVA.MX": 284.0199890136719, "OMAB.MX": 265.9500045776367, "BIMBOA.MX": 318.23999023437506, "BSMXB.MX": 313.79999542236334, "SIMECB.MX": 287.5, "ICHB.MX": 306.0799865722656, "MFRISCOA-1.MX": 299.5999946594238, "GCARSOA1.MX": 256.1199951171875, "ASURB.MX": 306.4200134277344, "AZTECACPO.MX": 183.88999390602112, "TLEVISACPO.MX": 173.49000549316406, "TMMA.MX": 148.4000015258789, "HOMEX.MX": 88.57200133800507}, "pct": {"KUOB.MX": 0.2607520110218454, "HERDEZ.MX": 0.13376705027778663, "BACHOCOB.MX": 0.128081215392797, "ALEATIC.MX": 0.10409378964263263, "CYDSASAA.MX": 0.06508269095779502, "CREAL.MX": 0.045845737390430796, "CMOCTEZ.MX": 0.029023930243122116, "ACCELSAB.MX": 0.02263000169831647, "MEGACPO.MX": 0.019370450562640147, "GBMO.MX": 0.015473813692349604, "MEDICAB.MX": 0.013572183035266918, "MONEXB.MX": 0.012637415719960198, "GFINBURO.MX": 0.012373534506840221, "LAMOSA.MX": 0.011316806025150778, "BAFARB.MX": 0.011006748707423623, "BOLSAA.MX": 0.00836235892043619, "LABB.MX": 0.0067178899817802885, "PASAB.MX": 0.005825247048849901, "GCC.MX": 0.005884823308689559, "GFNORTEO.MX": 0.0055729998978153875, "CERAMICB.MX": 0.00562665890388704, "WMT.MX": 0.016067571415377967, "FEMSAUBD.MX": 0.0049893723029595174, "TS.MX": 0.003478298109061006, "GMEXICOB.MX": 0.004858384204457187, "DINEA.MX": 0.004173356023397142, "AC.MX": 0.0037824988537768973, "VITROA.MX": 0.0036130973876014757, "GAPB.MX": 0.0036032683293374316, "BBVA.MX": 0.0028486338682097616, "OMAB.MX": 0.0026673974353753275, "BIMBOA.MX": 0.0031918500438951358, "BSMXB.MX": 0.0031473182500587403, "SIMECB.MX": 0.0028835373170544103, "ICHB.MX": 0.003069888915772663, "MFRISCOA-1.MX": 0.003004896573181741, "GCARSOA1.MX": 0.002568805438484186, "ASURB.MX": 0.0030732992814302106, "AZTECACPO.MX": 0.0018443605553423305, "TLEVISACPO.MX": 0.0017400518433930894, "TMMA.MX": 0.001488406755654968, "HOMEX.MX": 0.0008883501603628896}}