{"allocation": {"FRAGUAB.MX": 136, "GNP.MX": 863, "ACCELSAB.MX": 1219, "BAFARB.MX": 160, "GFMULTIO.MX": 174, "VITROA.MX": 15, "KUOB.MX": 7, "VALUEGFO.MX": 2, "ACTINVRB.MX": 12, "MEDICAB.MX": 6, "CYDSASAA.MX": 3, "ASURB.MX": 1, "PINFRA.MX": 1, "HERDEZ.MX": 1, "TMMA.MX": 5, "RCENTROA.MX": 3, "MONEXB.MX": 1, "GBMO.MX": 1}, "qty": {"FRAGUAB.MX": 34678.64074707032, "GNP.MX": 34520.0, "ACCELSAB.MX": 25964.699069976807, "BAFARB.MX": 6640.0, "GFMULTIO.MX": 2262.0, "VITROA.MX": 738.600025177002, "KUOB.MX": 335.7900085449219, "VALUEGFO.MX": 163.0, "ACTINVRB.MX": 155.87999725341797, "MEDICAB.MX": 141.0, "CYDSASAA.MX": 79.64999771118164, "ASURB.MX": 311.0899963378906, "PINFRA.MX": 190.72999572753903, "HERDEZ.MX": 41.130001068115234, "TMMA.MX": 36.90000057220459, "RCENTROA.MX": 27.0, "MONEXB.MX": 12.300000190734863, "GBMO.MX": 11.649999618530272}, "pct": {"FRAGUAB.MX": 0.32620281466784856, "GNP.MX": 0.3247105688040968, "ACCELSAB.MX": 0.24423557948549746, "BAFARB.MX": 0.062458811612375514, "GFMULTIO.MX": 0.021277384317348408, "VITROA.MX": 0.006947602383949726, "KUOB.MX": 0.0031585910971423554, "VALUEGFO.MX": 0.0015332509477134352, "ACTINVRB.MX": 0.0014662770154501273, "MEDICAB.MX": 0.0013263091020097814, "CYDSASAA.MX": 0.0007492235243928969, "ASURB.MX": 0.002926251728277545, "PINFRA.MX": 0.0017940916975866788, "HERDEZ.MX": 0.0003868871970376827, "TMMA.MX": 0.0003470979193126318, "RCENTROA.MX": 0.0002539740833635751, "MONEXB.MX": 0.00011569930643754394, "GBMO.MX": 0.00010958511015934169}}