{"allocation": {"ACCELSAB.MX": 1220, "GNP.MX": 633, "WMT.MX": 10, "FRAGUAB.MX": 28, "BAFARB.MX": 141, "KUOB.MX": 59, "MEDICAB.MX": 104, "GCARSOA1.MX": 38, "GFMULTIO.MX": 165, "TS.MX": 7, "HERDEZ.MX": 38, "VALUEGFO.MX": 8, "CYDSASAA.MX": 32, "OMAB.MX": 7, "PINFRA.MX": 4, "GRUMAB.MX": 4, "CERAMICB.MX": 11, "ASURB.MX": 1, "AMXL.MX": 20, "MEGACPO.MX": 3, "DINEA.MX": 22, "GCC.MX": 2, "MONEXB.MX": 15, "VOLARA.MX": 12, "IENOVA.MX": 3, "BIMBOA.MX": 4, "ALFAA.MX": 8, "ALPEKA.MX": 6, "BOLSAA.MX": 3, "SIMECB.MX": 2, "ORBIA.MX": 3, "LALAB.MX": 4, "RA.MX": 1, "GFINBURO.MX": 3, "CHDRAUIB.MX": 2, "BSMXB.MX": 2, "GFNORTEO.MX": 1, "GMEXICOB.MX": 1, "AZTECACPO.MX": 36, "ARA.MX": 11, "ICHB.MX": 1, "HOMEX.MX": 251}, "qty": {"ACCELSAB.MX": 25985.999069213867, "GNP.MX": 24750.29903411865, "WMT.MX": 19900.0, "FRAGUAB.MX": 7284.1998291015625, "BAFARB.MX": 5781.0, "KUOB.MX": 2854.420063018799, "MEDICAB.MX": 2693.599960327149, "GCARSOA1.MX": 2740.939895629883, "GFMULTIO.MX": 2145.0, "TS.MX": 1761.0600128173828, "HERDEZ.MX": 1525.7000579833984, "VALUEGFO.MX": 904.0, "CYDSASAA.MX": 880.0, "OMAB.MX": 828.0300064086914, "PINFRA.MX": 763.2399902343749, "GRUMAB.MX": 747.6400146484374, "CERAMICB.MX": 528.0, "ASURB.MX": 309.42999267578125, "AMXL.MX": 275.79999923706055, "MEGACPO.MX": 242.73001098632812, "DINEA.MX": 231.0, "GCC.MX": 211.05999755859375, "MONEXB.MX": 202.65000343322754, "VOLARA.MX": 199.0800018310547, "IENOVA.MX": 239.40000915527344, "BIMBOA.MX": 158.1999969482422, "ALFAA.MX": 143.1199951171875, "ALPEKA.MX": 132.7200050354004, "BOLSAA.MX": 107.22000503540039, "SIMECB.MX": 105.04000091552734, "ORBIA.MX": 123.02999496459961, "LALAB.MX": 91.36000061035156, "RA.MX": 94.91999816894533, "GFINBURO.MX": 78.0, "CHDRAUIB.MX": 66.08000183105469, "BSMXB.MX": 57.400001525878906, "GFNORTEO.MX": 106.58999633789062, "GMEXICOB.MX": 48.90999984741211, "AZTECACPO.MX": 63.0, "ARA.MX": 45.7599983215332, "ICHB.MX": 62.43999862670898, "HOMEX.MX": 21.083999715745435}, "pct": {"ACCELSAB.MX": 0.24633811715212067, "GNP.MX": 0.2346241161164324, "WMT.MX": 0.18864498987590786, "FRAGUAB.MX": 0.06905164839271126, "BAFARB.MX": 0.05480184354133786, "KUOB.MX": 0.02705889667787787, "MEDICAB.MX": 0.025534378756063358, "GCARSOA1.MX": 0.025983144666410614, "GFMULTIO.MX": 0.02033384438612173, "TS.MX": 0.016694228557226198, "HERDEZ.MX": 0.014463099095072877, "VALUEGFO.MX": 0.008569601550141744, "CYDSASAA.MX": 0.00834209000456276, "OMAB.MX": 0.00784943277265907, "PINFRA.MX": 0.007235246242746315, "GRUMAB.MX": 0.007087363969556688, "CERAMICB.MX": 0.005005254002737656, "ASURB.MX": 0.0029332873284233668, "AMXL.MX": 0.0026144868373794315, "MEGACPO.MX": 0.0023009949982459735, "DINEA.MX": 0.0021897986261977245, "GCC.MX": 0.002000774427268847, "MONEXB.MX": 0.0019210506455283368, "VOLARA.MX": 0.0018872082879354288, "IENOVA.MX": 0.002269427753939136, "BIMBOA.MX": 0.0014996802423452161, "ALFAA.MX": 0.001356727137182001, "ALPEKA.MX": 0.0012581388947856054, "BOLSAA.MX": 0.0010164078776079344, "SIMECB.MX": 0.0009957422064962316, "ORBIA.MX": 0.0011662810127904468, "LALAB.MX": 0.0008660606226232517, "RA.MX": 0.0008998081454071299, "GFINBURO.MX": 0.0007394125231316991, "CHDRAUIB.MX": 0.000626415139518557, "BSMXB.MX": 0.0005441317943078655, "GFNORTEO.MX": 0.0010104356170871575, "GMEXICOB.MX": 0.00046364956914802575, "AZTECACPO.MX": 0.000597217807144834, "ARA.MX": 0.00043378866432598957, "ICHB.MX": 0.0005919091913963425, "HOMEX.MX": 0.00019986889009650463}}