{"allocation": {"ACCELSAB.MX": 2369, "TS.MX": 49, "WMT.MX": 3, "BAFARB.MX": 94, "TMMA.MX": 397, "FRAGUAB.MX": 10, "GFMULTIO.MX": 202, "RCENTROA.MX": 245, "VALUEGFO.MX": 21, "MEGACPO.MX": 18, "CHDRAUIB.MX": 39, "MEDICAB.MX": 44, "DINEA.MX": 122, "MONEXB.MX": 79, "GRUMAB.MX": 4, "VESTA.MX": 34, "FEMSAUBD.MX": 5, "VITROA.MX": 15, "GFINBURO.MX": 29, "ALEATIC.MX": 35, "CEMEXCPO.MX": 76, "GCC.MX": 7, "BIMBOA.MX": 18, "CYDSASAA.MX": 22, "AMXL.MX": 43, "GENTERA.MX": 46, "SORIANAB.MX": 23, "KUOB.MX": 13, "ORBIA.MX": 11, "RA.MX": 4, "OMAB.MX": 4, "ASURB.MX": 1, "GAPB.MX": 2, "GFNORTEO.MX": 3}, "qty": {"ACCELSAB.MX": 42405.09909629822, "TS.MX": 15337.0, "WMT.MX": 5550.0, "BAFARB.MX": 3807.0, "TMMA.MX": 3052.930022716522, "FRAGUAB.MX": 2600.0, "GFMULTIO.MX": 2626.0, "RCENTROA.MX": 2450.0, "VALUEGFO.MX": 2289.0, "MEGACPO.MX": 1547.6400604248047, "CHDRAUIB.MX": 1444.9499702453613, "MEDICAB.MX": 1364.8800201416016, "DINEA.MX": 1317.6000232696533, "MONEXB.MX": 1106.0, "GRUMAB.MX": 931.8800048828125, "VESTA.MX": 910.5200233459473, "FEMSAUBD.MX": 870.0, "VITROA.MX": 789.8999977111816, "GFINBURO.MX": 803.3000221252441, "ALEATIC.MX": 804.6499919891357, "CEMEXCPO.MX": 785.0799942016603, "GCC.MX": 735.1399765014648, "BIMBOA.MX": 680.5800247192383, "CYDSASAA.MX": 646.7999916076661, "AMXL.MX": 658.3300180435181, "GENTERA.MX": 641.6999912261963, "SORIANAB.MX": 620.3099842071532, "KUOB.MX": 565.5, "ORBIA.MX": 561.8800201416016, "RA.MX": 404.3200073242187, "OMAB.MX": 425.6000061035156, "ASURB.MX": 345.92999267578125, "GAPB.MX": 343.260009765625, "GFNORTEO.MX": 318.4800109863281}, "pct": {"ACCELSAB.MX": 0.4251510298810316, "TS.MX": 0.15376786009809365, "WMT.MX": 0.05564397362876832, "BAFARB.MX": 0.03816875812697675, "TMMA.MX": 0.030608496878290672, "FRAGUAB.MX": 0.026067447105368943, "GFMULTIO.MX": 0.02632812157642263, "RCENTROA.MX": 0.02456355592621304, "VALUEGFO.MX": 0.022949379393919042, "MEGACPO.MX": 0.015516548235874457, "CHDRAUIB.MX": 0.014486983430490532, "MEDICAB.MX": 0.013684206819313883, "DINEA.MX": 0.013210180351005605, "MONEXB.MX": 0.011088690960976174, "GRUMAB.MX": 0.009342974129166794, "VESTA.MX": 0.009128820210365297, "FEMSAUBD.MX": 0.008722568839104224, "VITROA.MX": 0.007919490926487414, "GFINBURO.MX": 0.008053838783265963, "ALEATIC.MX": 0.008067373501735515, "CEMEXCPO.MX": 0.007871165854744283, "GCC.MX": 0.007370470174036193, "BIMBOA.MX": 0.006823455305899781, "CYDSASAA.MX": 0.0064847786803791975, "AMXL.MX": 0.006600378047394611, "GENTERA.MX": 0.006433646376463302, "SORIANAB.MX": 0.006219191423943157, "KUOB.MX": 0.0056696697454177445, "ORBIA.MX": 0.005633376040232629, "RA.MX": 0.004053688617140944, "OMAB.MX": 0.004267040633518497, "ASURB.MX": 0.0034682737639371514, "GAPB.MX": 0.003441504672289945, "GFNORTEO.MX": 0.0031930618617320877}}