{"allocation": {"GNP.MX": 691, "ACCELSAB.MX": 1280, "BAFARB.MX": 305, "BACHOCOB.MX": 101, "WMT.MX": 4, "ICHB.MX": 37, "KUOB.MX": 38, "POCHTECB.MX": 251, "GCARSOA1.MX": 24, "MONEXB.MX": 98, "MEGACPO.MX": 10, "FRAGUAB.MX": 3, "VOLARA.MX": 37, "VALUEGFO.MX": 6, "LABB.MX": 38, "BOLSAA.MX": 16, "FEMSAUBD.MX": 3, "MEDICAB.MX": 27, "RCENTROA.MX": 85, "CYDSASAA.MX": 18, "BIMBOA.MX": 12, "PINFRA.MX": 2, "GCC.MX": 3, "ALFAA.MX": 20, "GFINBURO.MX": 14, "OMAB.MX": 2, "GAPB.MX": 1, "CHDRAUIB.MX": 10, "BSMXB.MX": 10, "CREAL.MX": 11, "AZTECACPO.MX": 222, "RA.MX": 2, "CEMEXCPO.MX": 25, "GFNORTEO.MX": 1}, "qty": {"GNP.MX": 27640.0, "ACCELSAB.MX": 26444.7998046875, "BAFARB.MX": 12657.5, "BACHOCOB.MX": 9256.65015411377, "WMT.MX": 9212.0, "ICHB.MX": 2530.059898376465, "KUOB.MX": 1774.979965209961, "POCHTECB.MX": 1754.4899425506592, "GCARSOA1.MX": 1383.6000366210938, "MONEXB.MX": 1176.0, "MEGACPO.MX": 818.1999969482422, "FRAGUAB.MX": 660.0, "VOLARA.MX": 657.1200084686279, "VALUEGFO.MX": 597.0, "LABB.MX": 638.0200347900391, "BOLSAA.MX": 589.9199829101562, "FEMSAUBD.MX": 549.9299926757811, "MEDICAB.MX": 540.0, "RCENTROA.MX": 481.0999870300293, "CYDSASAA.MX": 441.0, "BIMBOA.MX": 420.8399963378906, "PINFRA.MX": 335.55999755859375, "GCC.MX": 314.96999359130854, "ALFAA.MX": 342.40001678466797, "GFINBURO.MX": 346.7800064086914, "OMAB.MX": 235.5, "GAPB.MX": 191.1999969482422, "CHDRAUIB.MX": 280.6999969482422, "BSMXB.MX": 254.6999931335449, "CREAL.MX": 244.5299949645996, "AZTECACPO.MX": 246.42000317573547, "RA.MX": 181.5800018310547, "CEMEXCPO.MX": 186.74999475479126, "GFNORTEO.MX": 107.81999969482422}, "pct": {"GNP.MX": 0.2670734743316262, "ACCELSAB.MX": 0.2555247670709913, "BAFARB.MX": 0.12230399787816781, "BACHOCOB.MX": 0.08944304331879693, "WMT.MX": 0.08901160801530175, "ICHB.MX": 0.024446884490829362, "KUOB.MX": 0.017150870701072837, "POCHTECB.MX": 0.016952884393520253, "GCARSOA1.MX": 0.013369134184723614, "MONEXB.MX": 0.011363184001953415, "MEGACPO.MX": 0.0079059159147284, "FRAGUAB.MX": 0.006377297143953447, "VOLARA.MX": 0.0063494690200630996, "VALUEGFO.MX": 0.0057685551438488, "LABB.MX": 0.006164914160078174, "BOLSAA.MX": 0.005700143972990918, "FEMSAUBD.MX": 0.0053137378358569685, "MEDICAB.MX": 0.005217788572325547, "RCENTROA.MX": 0.004648662989761586, "CYDSASAA.MX": 0.004261194000732531, "BIMBOA.MX": 0.00406639652531365, "PINFRA.MX": 0.003242372445538554, "GCC.MX": 0.00304342006145589, "ALFAA.MX": 0.0033084646198946596, "GFINBURO.MX": 0.0033507865825004634, "OMAB.MX": 0.0022755355718197525, "GAPB.MX": 0.0018474836279726253, "CHDRAUIB.MX": 0.0027122837709784337, "BSMXB.MX": 0.002461056876932604, "CREAL.MX": 0.0023627885431798364, "AZTECACPO.MX": 0.0023810508825236622, "RA.MX": 0.0017545297379943133, "CEMEXCPO.MX": 0.0018044851639137144, "GFNORTEO.MX": 0.001041818448658885}}