{"allocation": {"ACCELSAB.MX": 2475, "TS.MX": 51, "BAFARB.MX": 123, "WMT.MX": 3, "SIMECB.MX": 75, "FRES.MX": 14, "GFMULTIO.MX": 204, "KUOB.MX": 32, "MEGACPO.MX": 16, "CHDRAUIB.MX": 37, "ALEATIC.MX": 60, "DINEA.MX": 105, "MEDICAB.MX": 37, "CYDSASAA.MX": 31, "LALAB.MX": 37, "PASAB.MX": 46, "FEMSAUBD.MX": 5, "GCC.MX": 7, "GFINBURO.MX": 29, "AMXL.MX": 56, "GRUMAB.MX": 3, "BSMXB.MX": 29, "ASURB.MX": 2, "GISSAA.MX": 32, "OMAB.MX": 5, "BACHOCOB.MX": 8, "BBVA.MX": 5, "RA.MX": 6, "VOLARA.MX": 36, "ALFAA.MX": 28, "GFNORTEO.MX": 5, "GAPB.MX": 2, "ARA.MX": 100, "GMEXICOB.MX": 8}, "qty": {"ACCELSAB.MX": 50489.999055862434, "TS.MX": 12830.580093383789, "BAFARB.MX": 5043.0, "WMT.MX": 5661.0, "SIMECB.MX": 4201.500034332275, "FRES.MX": 2909.9000854492183, "GFMULTIO.MX": 2652.0, "KUOB.MX": 1433.5999755859375, "MEGACPO.MX": 1441.1199951171875, "CHDRAUIB.MX": 1392.6799774169922, "ALEATIC.MX": 1237.799949645996, "DINEA.MX": 1155.0, "MEDICAB.MX": 1036.0, "CYDSASAA.MX": 930.0, "LALAB.MX": 933.1399745941161, "PASAB.MX": 906.2000350952148, "FEMSAUBD.MX": 894.5999908447266, "GCC.MX": 749.9099807739257, "GFINBURO.MX": 779.8099822998048, "AMXL.MX": 777.2800064086914, "GRUMAB.MX": 594.5999908447266, "BSMXB.MX": 769.3700199127197, "ASURB.MX": 627.280029296875, "GISSAA.MX": 681.5999755859375, "OMAB.MX": 548.4000015258789, "BACHOCOB.MX": 596.719970703125, "BBVA.MX": 554.9499893188475, "RA.MX": 587.4600219726562, "VOLARA.MX": 594.3600082397461, "ALFAA.MX": 577.6399765014648, "GFNORTEO.MX": 527.7000045776367, "GAPB.MX": 344.6400146484375, "ARA.MX": 494.0000057220459, "GMEXICOB.MX": 426.8800048828125}, "pct": {"ACCELSAB.MX": 0.47911989463399074, "TS.MX": 0.12175453153868186, "BAFARB.MX": 0.04785505394773162, "WMT.MX": 0.053719504342278145, "SIMECB.MX": 0.03986972254696952, "FRES.MX": 0.027613211495475153, "GFMULTIO.MX": 0.025165893926112286, "KUOB.MX": 0.013604006379363825, "MEGACPO.MX": 0.013675366867239289, "CHDRAUIB.MX": 0.013215700069644223, "ALEATIC.MX": 0.011745981234742936, "DINEA.MX": 0.010960259232526278, "MEDICAB.MX": 0.009831020402508418, "CYDSASAA.MX": 0.008825143797618562, "LALAB.MX": 0.008854940278601297, "PASAB.MX": 0.00859929636464759, "FEMSAUBD.MX": 0.00848921888231501, "GCC.MX": 0.0071161972210744785, "GFINBURO.MX": 0.007399930353348562, "AMXL.MX": 0.0073759223952371816, "GRUMAB.MX": 0.005642398302438056, "BSMXB.MX": 0.007300861354092912, "ASURB.MX": 0.005952512322493877, "GISSAA.MX": 0.00646797612580559, "OMAB.MX": 0.005203988034494752, "BACHOCOB.MX": 0.005662515643404101, "BBVA.MX": 0.005266143501317972, "RA.MX": 0.00557464426802242, "VOLARA.MX": 0.005640121011042486, "ALFAA.MX": 0.005481457909546703, "GFNORTEO.MX": 0.005007557443442599, "GAPB.MX": 0.0032704276211675573, "ARA.MX": 0.0046877646091628465, "GMEXICOB.MX": 0.00405083594346122}}