{"allocation": {"VESTA.MX": 822, "BACHOCOB.MX": 235, "LABB.MX": 598, "TS.MX": 44, "PINFRA.MX": 36, "ANB.MX": 4, "ACCELSAB.MX": 212, "CERAMICB.MX": 55, "FEMSAUBD.MX": 13, "GMEXICOB.MX": 32, "AMXL.MX": 83, "GCARSOA1.MX": 19, "GRUMAB.MX": 7, "MONEXB.MX": 99, "HERDEZ.MX": 31, "GCC.MX": 10, "FRAGUAB.MX": 4, "MEDICAB.MX": 33, "BIMBOA.MX": 19, "GFINBURO.MX": 25, "GFNORTEO.MX": 6, "BSMXB.MX": 21, "CYDSASAA.MX": 20, "MEGACPO.MX": 7, "ACTINVRB.MX": 43, "PE&OLES.MX": 2, "FRES.MX": 2, "AZTECACPO.MX": 249}, "qty": {"VESTA.MX": 27101.34100341797, "BACHOCOB.MX": 19902.15057373047, "LABB.MX": 10901.539726257324, "TS.MX": 9479.799865722656, "PINFRA.MX": 6729.840087890625, "ANB.MX": 6210.1201171875, "ACCELSAB.MX": 4261.200080871582, "CERAMICB.MX": 2637.25004196167, "FEMSAUBD.MX": 2307.239944458008, "GMEXICOB.MX": 1634.56005859375, "AMXL.MX": 1245.0, "GCARSOA1.MX": 1241.8400115966797, "GRUMAB.MX": 1379.0, "MONEXB.MX": 1193.9400415420532, "HERDEZ.MX": 1184.200023651123, "GCC.MX": 1025.8000183105466, "FRAGUAB.MX": 880.0399780273439, "MEDICAB.MX": 692.6699924468994, "BIMBOA.MX": 642.1999855041504, "GFINBURO.MX": 580.2499771118164, "GFNORTEO.MX": 617.6400146484374, "BSMXB.MX": 518.7000160217285, "CYDSASAA.MX": 479.59999084472656, "MEGACPO.MX": 484.6799850463867, "ACTINVRB.MX": 442.9000082015991, "PE&OLES.MX": 414.6000061035156, "FRES.MX": 293.05999755859375, "AZTECACPO.MX": 194.4690045118332}, "pct": {"VESTA.MX": 0.25890783614775525, "BACHOCOB.MX": 0.19013165212309963, "LABB.MX": 0.10414591886239535, "TS.MX": 0.09056358023163837, "PINFRA.MX": 0.0642923290975318, "ANB.MX": 0.05932727688847135, "ACCELSAB.MX": 0.040708616307656514, "CERAMICB.MX": 0.02519449873933392, "FEMSAUBD.MX": 0.022041806027899194, "GMEXICOB.MX": 0.015615478502362027, "AMXL.MX": 0.011893885839940627, "GCARSOA1.MX": 0.0118636974533345, "GRUMAB.MX": 0.01317403098255271, "MONEXB.MX": 0.011406093617538273, "HERDEZ.MX": 0.011313044090732086, "GCC.MX": 0.00979979784128084, "FRAGUAB.MX": 0.0084073052475832, "MEDICAB.MX": 0.006617299449731693, "BIMBOA.MX": 0.006135143224094691, "GFINBURO.MX": 0.005543314848510929, "GFNORTEO.MX": 0.005900513915186965, "BSMXB.MX": 0.004955308253604669, "CYDSASAA.MX": 0.004581773124452809, "MEGACPO.MX": 0.004630303944615144, "ACTINVRB.MX": 0.004231166374344247, "PE&OLES.MX": 0.003960807342838476, "FRES.MX": 0.0027996965102130063, "AZTECACPO.MX": 0.001857825011301721}}