{"allocation": {"ACCELSAB.MX": 3078, "GFMULTIO.MX": 911, "TS.MX": 29, "FRAGUAB.MX": 8, "SIMECB.MX": 31, "ICHB.MX": 20, "TMMA.MX": 198, "VALUEGFO.MX": 10, "KUOB.MX": 22, "LAMOSA.MX": 29, "CERAMICB.MX": 20, "MEGACPO.MX": 8, "CMOCTEZ.MX": 10, "ALPEKA.MX": 27, "CYDSASAA.MX": 20, "MEDICAB.MX": 17, "CHDRAUIB.MX": 14, "BIMBOA.MX": 14, "FEMSAUBD.MX": 3, "PASAB.MX": 26, "GCC.MX": 5, "VESTA.MX": 17, "HERDEZ.MX": 11, "GENTERA.MX": 30, "DINEA.MX": 40, "ASURB.MX": 2, "ALFAA.MX": 18, "BSMXB.MX": 16, "AXTELCPO.MX": 131, "TLEVISACPO.MX": 7, "OMAB.MX": 4, "RA.MX": 4, "BOLSAA.MX": 10, "GAPB.MX": 2, "GFNORTEO.MX": 3, "URBI.MX": 6, "CEMEXCPO.MX": 31, "HOMEX.MX": 1516, "MFRISCOA-1.MX": 39}, "qty": {"ACCELSAB.MX": 44015.40058708191, "GFMULTIO.MX": 11843.0, "TS.MX": 9077.0, "FRAGUAB.MX": 2160.0, "SIMECB.MX": 1896.5800094604492, "ICHB.MX": 1699.7999572753906, "TMMA.MX": 1582.0199546813965, "VALUEGFO.MX": 1090.0, "KUOB.MX": 1066.7800369262695, "LAMOSA.MX": 1044.0, "CERAMICB.MX": 1020.0, "MEGACPO.MX": 705.1199951171875, "CMOCTEZ.MX": 668.0000305175781, "ALPEKA.MX": 649.3499794006348, "CYDSASAA.MX": 640.0, "MEDICAB.MX": 578.0, "CHDRAUIB.MX": 551.6000213623047, "BIMBOA.MX": 548.1000213623047, "FEMSAUBD.MX": 506.9399871826172, "PASAB.MX": 514.7999801635742, "GCC.MX": 502.2000122070312, "VESTA.MX": 456.1099987030029, "HERDEZ.MX": 451.0, "GENTERA.MX": 434.39998626708984, "DINEA.MX": 432.00000762939453, "ASURB.MX": 592.4400024414062, "ALFAA.MX": 420.8399848937988, "BSMXB.MX": 390.39999389648443, "AXTELCPO.MX": 389.07000374794, "TLEVISACPO.MX": 345.38000106811523, "OMAB.MX": 374.6000061035156, "RA.MX": 361.95999145507807, "BOLSAA.MX": 334.90001678466797, "GAPB.MX": 319.67999267578125, "GFNORTEO.MX": 287.3399963378906, "URBI.MX": 287.96202850341797, "CEMEXCPO.MX": 294.1899929046631, "HOMEX.MX": 225.88400596380225, "MFRISCOA-1.MX": 202.79999256134033}, "pct": {"ACCELSAB.MX": 0.49477940034455675, "GFMULTIO.MX": 0.13312777709900797, "TS.MX": 0.10203502767269235, "FRAGUAB.MX": 0.024280672003196592, "SIMECB.MX": 0.02131955423033734, "ICHB.MX": 0.01910753946002377, "TMMA.MX": 0.01778356834357913, "VALUEGFO.MX": 0.012252746520131613, "KUOB.MX": 0.01199172971118736, "LAMOSA.MX": 0.011735658134878353, "CERAMICB.MX": 0.01146587289039839, "MEGACPO.MX": 0.007926290427933339, "CMOCTEZ.MX": 0.007509022981075291, "ALPEKA.MX": 0.0072993767894024425, "CYDSASAA.MX": 0.007194273186132323, "MEDICAB.MX": 0.006497327971225754, "CHDRAUIB.MX": 0.006200564442432571, "BIMBOA.MX": 0.00616122076094591, "FEMSAUBD.MX": 0.005698538682447135, "PASAB.MX": 0.0057868932711128964, "GCC.MX": 0.005645256377963078, "VESTA.MX": 0.0051271561462435345, "HERDEZ.MX": 0.005069714385852622, "GENTERA.MX": 0.004883112770714959, "DINEA.MX": 0.004856134486401738, "ASURB.MX": 0.006659648787431839, "ALFAA.MX": 0.004730684092146545, "BSMXB.MX": 0.004388506574930782, "AXTELCPO.MX": 0.004373556086706574, "TLEVISACPO.MX": 0.0038824345011104606, "OMAB.MX": 0.004210898092868011, "RA.MX": 0.004068811032778051, "BOLSAA.MX": 0.003764628454358128, "GAPB.MX": 0.0035935393741411727, "GFNORTEO.MX": 0.0032300037983703854, "URBI.MX": 0.0032369960941975185, "CEMEXCPO.MX": 0.003307004964972619, "HOMEX.MX": 0.0025391738238774004, "MFRISCOA-1.MX": 0.002279685232237321}}