{"allocation": {"ACCELSAB.MX": 2488, "BAFARB.MX": 458, "LABB.MX": 508, "GNP.MX": 212, "ANB.MX": 2, "MONEXB.MX": 111, "TMMA.MX": 109, "SIMECB.MX": 11, "FRAGUAB.MX": 2, "HERDEZ.MX": 12, "VOLARA.MX": 26, "AMXL.MX": 33, "ACTINVRB.MX": 35, "VESTA.MX": 14, "VALUEGFO.MX": 4, "CREAL.MX": 14, "FEMSAUBD.MX": 2, "GCC.MX": 3, "ASURB.MX": 1, "CYDSASAA.MX": 12, "PINFRA.MX": 2, "GISSAA.MX": 14, "GCARSOA1.MX": 4, "BIMBOA.MX": 6, "MEDICAB.MX": 11, "VITROA.MX": 5, "ALFAA.MX": 11, "RA.MX": 2, "ICHB.MX": 3, "BBVA.MX": 2, "ALPEKA.MX": 7, "GFINBURO.MX": 6, "GMEXICOB.MX": 3, "AZTECACPO.MX": 96, "BOLSAA.MX": 4, "GFNORTEO.MX": 1, "PE&OLES.MX": 1}, "qty": {"ACCELSAB.MX": 52994.39810180664, "BAFARB.MX": 19007.0, "LABB.MX": 8879.839767456055, "GNP.MX": 8480.0, "ANB.MX": 3838.159912109375, "MONEXB.MX": 1332.0, "TMMA.MX": 768.4500207901001, "SIMECB.MX": 609.5099983215332, "FRAGUAB.MX": 480.0, "HERDEZ.MX": 481.32000732421875, "VOLARA.MX": 488.2800178527832, "AMXL.MX": 444.8399848937988, "ACTINVRB.MX": 433.9999866485595, "VESTA.MX": 395.07999038696283, "VALUEGFO.MX": 334.0, "CREAL.MX": 310.38000106811523, "FEMSAUBD.MX": 347.7200012207031, "GCC.MX": 308.61000823974615, "ASURB.MX": 290.95001220703125, "CYDSASAA.MX": 287.40000915527344, "PINFRA.MX": 345.239990234375, "GISSAA.MX": 266.0, "GCARSOA1.MX": 247.24000549316406, "BIMBOA.MX": 219.0, "MEDICAB.MX": 235.28999328613284, "VITROA.MX": 217.39999771118164, "ALFAA.MX": 182.600004196167, "RA.MX": 183.55999755859375, "ICHB.MX": 189.18000411987305, "BBVA.MX": 194.0, "ALPEKA.MX": 144.61999893188477, "GFINBURO.MX": 141.12000274658203, "GMEXICOB.MX": 140.6699981689453, "AZTECACPO.MX": 147.8399963378906, "BOLSAA.MX": 127.83999633789062, "GFNORTEO.MX": 96.4800033569336, "PE&OLES.MX": 177.38999938964844}, "pct": {"ACCELSAB.MX": 0.5107036903166515, "BAFARB.MX": 0.18316926674401976, "LABB.MX": 0.08557445883144697, "GNP.MX": 0.08172122807330393, "ANB.MX": 0.03698810631595547, "MONEXB.MX": 0.012836400447363304, "TMMA.MX": 0.007405504647632418, "SIMECB.MX": 0.005873809620966168, "FRAGUAB.MX": 0.004625729890941731, "HERDEZ.MX": 0.004638450718724858, "VOLARA.MX": 0.0047055239036066275, "AMXL.MX": 0.004286895030852736, "ACTINVRB.MX": 0.004182430647726154, "VESTA.MX": 0.0038073610850957204, "VALUEGFO.MX": 0.0032187370491136213, "CREAL.MX": 0.0029911126010235566, "FEMSAUBD.MX": 0.0033509558402602117, "GCC.MX": 0.002974055291163266, "ASURB.MX": 0.002803867017158179, "CYDSASAA.MX": 0.0027696558604301575, "PINFRA.MX": 0.0033270561299491245, "GISSAA.MX": 0.0025634253145635426, "GCARSOA1.MX": 0.002382636424263181, "BIMBOA.MX": 0.002110489262742165, "MEDICAB.MX": 0.0022674749062148833, "VITROA.MX": 0.0020950701410484933, "ALFAA.MX": 0.001759704786450615, "RA.MX": 0.0017689561822666214, "ICHB.MX": 0.001823115832970368, "BBVA.MX": 0.0018695658309222831, "ALPEKA.MX": 0.0013936938580982928, "GFINBURO.MX": 0.0013599646144055078, "GMEXICOB.MX": 0.0013556279485183518, "AZTECACPO.MX": 0.0014247247711185345, "BOLSAA.MX": 0.0012319860256626294, "GFNORTEO.MX": 0.0009297717404298465, "PE&OLES.MX": 0.0017094962969392339}}