{"allocation": {"GNP.MX": 972, "BACHOCOB.MX": 169, "ACCELSAB.MX": 360, "BAFARB.MX": 164, "POCHTECB.MX": 555, "ICHB.MX": 42, "VOLARA.MX": 164, "KUOB.MX": 57, "GCARSOA1.MX": 48, "GFMULTIO.MX": 208, "WMT.MX": 1, "MEGACPO.MX": 16, "BOLSAA.MX": 30, "FRAGUAB.MX": 5, "FEMSAUBD.MX": 5, "TS.MX": 4, "PINFRA.MX": 4, "GAPB.MX": 4, "MEDICAB.MX": 32, "RCENTROA.MX": 106, "ALFAA.MX": 37, "CYDSASAA.MX": 23, "BIMBOA.MX": 17, "GCC.MX": 5, "CMOCTEZ.MX": 9, "OMAB.MX": 5, "CHDRAUIB.MX": 15, "CREAL.MX": 19, "GFINBURO.MX": 17, "MONEXB.MX": 35, "VALUEGFO.MX": 4, "BSMXB.MX": 13, "ASURB.MX": 1, "RA.MX": 3, "CEMEXCPO.MX": 33, "GFNORTEO.MX": 2, "AZTECACPO.MX": 218}, "qty": {"GNP.MX": 38880.0, "BACHOCOB.MX": 14679.340103149414, "ACCELSAB.MX": 7200.0, "BAFARB.MX": 6806.0, "POCHTECB.MX": 3885.0, "ICHB.MX": 3358.3199615478516, "VOLARA.MX": 3225.880012512207, "KUOB.MX": 2763.9300956726074, "GCARSOA1.MX": 2780.6400146484375, "GFMULTIO.MX": 2704.0, "WMT.MX": 2342.85009765625, "MEGACPO.MX": 1271.52001953125, "BOLSAA.MX": 1113.3000183105469, "FRAGUAB.MX": 1150.0, "FEMSAUBD.MX": 904.1999816894532, "TS.MX": 872.0, "PINFRA.MX": 707.760009765625, "GAPB.MX": 759.5999755859376, "MEDICAB.MX": 678.4000244140625, "RCENTROA.MX": 667.8000202178955, "ALFAA.MX": 641.209997177124, "CYDSASAA.MX": 588.8000087738037, "BIMBOA.MX": 611.8300285339355, "GCC.MX": 527.0000076293945, "CMOCTEZ.MX": 522.0, "OMAB.MX": 585.4000091552733, "CHDRAUIB.MX": 462.9000091552734, "CREAL.MX": 427.3099956512451, "GFINBURO.MX": 426.70000648498535, "MONEXB.MX": 420.0, "VALUEGFO.MX": 372.0, "BSMXB.MX": 323.6999950408936, "ASURB.MX": 301.6400146484375, "RA.MX": 271.46999359130854, "CEMEXCPO.MX": 253.77000188827515, "GFNORTEO.MX": 212.13999938964844, "AZTECACPO.MX": 210.3699942827225}, "pct": {"GNP.MX": 0.3741743464968802, "BACHOCOB.MX": 0.14127141178244285, "ACCELSAB.MX": 0.06929154564757041, "BAFARB.MX": 0.06549975828852281, "POCHTECB.MX": 0.03738856317233487, "ICHB.MX": 0.03231988623815831, "VOLARA.MX": 0.03104530724174647, "KUOB.MX": 0.02659958172097113, "GCARSOA1.MX": 0.026760395070065703, "GFMULTIO.MX": 0.026022824920976444, "WMT.MX": 0.022547181178772618, "MEGACPO.MX": 0.012236887149326282, "BOLSAA.MX": 0.010714205421973088, "FRAGUAB.MX": 0.011067399652042497, "FEMSAUBD.MX": 0.008701863098023205, "TS.MX": 0.008391976083983527, "PINFRA.MX": 0.006811359031138845, "GAPB.MX": 0.007310257830861995, "MEDICAB.MX": 0.006528803647083318, "RCENTROA.MX": 0.00642679105338566, "ALFAA.MX": 0.006170893304038498, "CYDSASAA.MX": 0.005666508706283316, "BIMBOA.MX": 0.005888145604265764, "GCC.MX": 0.005071756261794742, "CMOCTEZ.MX": 0.005023637059448855, "OMAB.MX": 0.005633787702287605, "CHDRAUIB.MX": 0.0044548690437004705, "CREAL.MX": 0.004112356954073801, "GFINBURO.MX": 0.004106486524607354, "MONEXB.MX": 0.004042006829441607, "VALUEGFO.MX": 0.0035800631917911377, "BSMXB.MX": 0.003115232358679777, "ASURB.MX": 0.0029029309505758352, "RA.MX": 0.002612579924010806, "CEMEXCPO.MX": 0.0024422382874757565, "GFNORTEO.MX": 0.00204159839602547, "AZTECACPO.MX": 0.0020245641752389435}}