{"allocation": {"GAPB.MX": 118, "BACHOCOB.MX": 253, "GNP.MX": 224, "ANB.MX": 5, "VOLARA.MX": 227, "BAFARB.MX": 99, "ACCELSAB.MX": 172, "GFMULTIO.MX": 197, "ASURB.MX": 7, "GISSAA.MX": 83, "FRAGUAB.MX": 8, "GRUMAB.MX": 8, "GCARSOA1.MX": 23, "PINFRA.MX": 8, "HERDEZ.MX": 35, "MONEXB.MX": 113, "ICHB.MX": 16, "MEGACPO.MX": 17, "GMEXICOB.MX": 26, "LALAB.MX": 65, "ACTINVRB.MX": 94, "FEMSAUBD.MX": 6, "VALUEGFO.MX": 11, "CULTIBAB.MX": 73, "BOLSAA.MX": 20, "BSMXB.MX": 32, "ALFAA.MX": 47, "MEDICAB.MX": 29, "FRES.MX": 3, "PE&OLES.MX": 3, "GFINBURO.MX": 21, "ALPEKA.MX": 23, "HOMEX.MX": 2200, "AZTECACPO.MX": 191}, "qty": {"GAPB.MX": 23798.239135742188, "BACHOCOB.MX": 21854.139305114746, "GNP.MX": 9184.0, "ANB.MX": 7742.9998779296875, "VOLARA.MX": 4739.759809494019, "BAFARB.MX": 4108.5, "ACCELSAB.MX": 3457.200065612793, "GFMULTIO.MX": 2561.0, "ASURB.MX": 2208.0800170898438, "GISSAA.MX": 1991.1699810028076, "FRAGUAB.MX": 1840.0, "GRUMAB.MX": 1614.8000488281248, "GCARSOA1.MX": 1481.2000350952148, "PINFRA.MX": 1423.52001953125, "HERDEZ.MX": 1372.349967956543, "MONEXB.MX": 1356.0, "ICHB.MX": 1320.47998046875, "MEGACPO.MX": 1343.5099792480469, "GMEXICOB.MX": 1317.4199523925781, "LALAB.MX": 1223.9499950408933, "ACTINVRB.MX": 1108.2599964141846, "FEMSAUBD.MX": 1024.1999816894531, "VALUEGFO.MX": 935.0, "CULTIBAB.MX": 876.0, "BOLSAA.MX": 843.6000061035156, "BSMXB.MX": 826.5599975585936, "ALFAA.MX": 783.9600143432617, "MEDICAB.MX": 623.5, "FRES.MX": 531.0, "PE&OLES.MX": 692.519989013672, "GFINBURO.MX": 501.8999919891358, "ALPEKA.MX": 476.55998420715326, "HOMEX.MX": 180.4000049829483, "AZTECACPO.MX": 158.9120032787323}, "pct": {"GAPB.MX": 0.22557425078578053, "BACHOCOB.MX": 0.2071468847842383, "GNP.MX": 0.0870515632438198, "ANB.MX": 0.07339288366403367, "VOLARA.MX": 0.04492633937463892, "BAFARB.MX": 0.03894287321289565, "ACCELSAB.MX": 0.03276945450329159, "GFMULTIO.MX": 0.024274722720755933, "ASURB.MX": 0.020929531495547826, "GISSAA.MX": 0.01887352564573839, "FRAGUAB.MX": 0.01744064420390118, "GRUMAB.MX": 0.01530606147394216, "GCARSOA1.MX": 0.014039718916794338, "PINFRA.MX": 0.013492992487921188, "HERDEZ.MX": 0.013007971475198506, "MONEXB.MX": 0.012852996489396739, "ICHB.MX": 0.012516316042244482, "MEGACPO.MX": 0.012734608441552088, "GMEXICOB.MX": 0.012487311226521405, "LALAB.MX": 0.011601345862431974, "ACTINVRB.MX": 0.01050476537112858, "FEMSAUBD.MX": 0.009707993192547747, "VALUEGFO.MX": 0.008862501266656305, "CULTIBAB.MX": 0.008303263218813821, "BOLSAA.MX": 0.007996156280902325, "BSMXB.MX": 0.00783464066880264, "ALFAA.MX": 0.007430852000133746, "MEDICAB.MX": 0.005909913946267601, "FRES.MX": 0.005033142430582351, "PE&OLES.MX": 0.006564127571998373, "GFINBURO.MX": 0.004757314775121396, "ALPEKA.MX": 0.0045171266991161545, "HOMEX.MX": 0.0017099414680921746, "AZTECACPO.MX": 0.0015062650591921454}}