{"allocation": {"ACCELSAB.MX": 2064, "TS.MX": 44, "SIMECB.MX": 144, "BAFARB.MX": 147, "FRAGUAB.MX": 17, "MONEXB.MX": 251, "RCENTROA.MX": 321, "WMT.MX": 2, "FRES.MX": 11, "KUOB.MX": 47, "MEGACPO.MX": 22, "MEDICAB.MX": 62, "VALUEGFO.MX": 13, "CYDSASAA.MX": 52, "OMAB.MX": 11, "ASURB.MX": 3, "BSMXB.MX": 46, "GCC.MX": 11, "ALEATIC.MX": 62, "ORBIA.MX": 24, "RA.MX": 10, "CEMEXCPO.MX": 106, "AXTELCPO.MX": 306, "GFNORTEO.MX": 7, "BBVA.MX": 6}, "qty": {"ACCELSAB.MX": 41073.59921264649, "TS.MX": 11069.520080566406, "SIMECB.MX": 8496.0, "BAFARB.MX": 5953.5, "FRAGUAB.MX": 4420.0, "MONEXB.MX": 3714.8000478744507, "RCENTROA.MX": 3113.699938774109, "WMT.MX": 3832.919921875, "FRES.MX": 2420.0, "KUOB.MX": 2009.25, "MEGACPO.MX": 1937.1000671386719, "MEDICAB.MX": 1853.7999763488772, "VALUEGFO.MX": 1332.5, "CYDSASAA.MX": 1379.5600357055664, "OMAB.MX": 1208.349983215332, "ASURB.MX": 980.9100036621094, "BSMXB.MX": 1217.6199684143064, "GCC.MX": 1154.8899765014646, "ALEATIC.MX": 1202.7999763488772, "ORBIA.MX": 1121.0399780273438, "RA.MX": 1002.3999786376952, "CEMEXCPO.MX": 1002.7600040435791, "AXTELCPO.MX": 850.6799912452698, "GFNORTEO.MX": 733.9499893188477, "BBVA.MX": 710.4000091552734}, "pct": {"ACCELSAB.MX": 0.3957297264402433, "TS.MX": 0.10665094457947001, "SIMECB.MX": 0.0818559809777059, "BAFARB.MX": 0.05735988497537336, "FRAGUAB.MX": 0.04258515017907957, "MONEXB.MX": 0.035790795910403954, "RCENTROA.MX": 0.029999407127892827, "WMT.MX": 0.0369288394790572, "FRES.MX": 0.023315851455514156, "KUOB.MX": 0.01935841923016191, "MEGACPO.MX": 0.018663279925566847, "MEDICAB.MX": 0.01786071275900251, "VALUEGFO.MX": 0.012838170274575459, "CYDSASAA.MX": 0.013291577217551566, "OMAB.MX": 0.011642028394595745, "ASURB.MX": 0.009450723940749417, "BSMXB.MX": 0.011731341451576779, "GCC.MX": 0.011126959975029084, "ALEATIC.MX": 0.011588556024481967, "ORBIA.MX": 0.01080082710883405, "RA.MX": 0.009657772314432671, "CEMEXCPO.MX": 0.009661241032979696, "AXTELCPO.MX": 0.00819600343473256, "GFNORTEO.MX": 0.007071350796171261, "BBVA.MX": 0.006844454994818286}}