{"allocation": {"ACCELSAB.MX": 2143, "WMT.MX": 6, "TMMA.MX": 833, "BAFARB.MX": 122, "GCARSOA1.MX": 61, "ICHB.MX": 40, "GFMULTIO.MX": 203, "FRES.MX": 12, "TS.MX": 8, "CERAMICB.MX": 33, "MEGACPO.MX": 16, "VALUEGFO.MX": 12, "HERDEZ.MX": 31, "ALFAA.MX": 60, "VOLARA.MX": 60, "CHDRAUIB.MX": 28, "GRUMAB.MX": 6, "MEDICAB.MX": 38, "GISSAA.MX": 44, "AC.MX": 9, "GCC.MX": 9, "DINEA.MX": 81, "ASURB.MX": 3, "AEROMEX.MX": 42, "GAPB.MX": 5, "IENOVA.MX": 10, "RA.MX": 8, "ALPEKA.MX": 31, "GFNORTEO.MX": 6, "OMAB.MX": 6, "ORBIA.MX": 15, "LABB.MX": 42, "ARA.MX": 114}, "qty": {"ACCELSAB.MX": 45645.89836502075, "WMT.MX": 11757.3603515625, "TMMA.MX": 6289.150158882141, "BAFARB.MX": 5002.0, "GCARSOA1.MX": 4484.110130310059, "ICHB.MX": 3537.2000122070312, "GFMULTIO.MX": 2639.0, "FRES.MX": 2494.200073242187, "TS.MX": 2012.6400146484375, "CERAMICB.MX": 1584.0, "MEGACPO.MX": 1336.1600341796875, "VALUEGFO.MX": 1356.0, "HERDEZ.MX": 1259.5300331115723, "ALFAA.MX": 1149.5999908447266, "VOLARA.MX": 1035.0, "CHDRAUIB.MX": 1048.8799743652344, "GRUMAB.MX": 1136.9400329589846, "MEDICAB.MX": 988.0, "GISSAA.MX": 934.5599899291992, "AC.MX": 968.4900054931641, "GCC.MX": 977.6699752807616, "DINEA.MX": 891.0, "ASURB.MX": 936.75, "AEROMEX.MX": 816.0600128173828, "GAPB.MX": 963.7999725341798, "IENOVA.MX": 828.7000274658203, "RA.MX": 826.4799804687501, "ALPEKA.MX": 722.9199905395508, "GFNORTEO.MX": 718.980010986328, "OMAB.MX": 700.8000183105468, "ORBIA.MX": 660.149974822998, "LABB.MX": 640.0799903869629, "ARA.MX": 579.1199913024902}, "pct": {"ACCELSAB.MX": 0.4269114631795612, "WMT.MX": 0.10996282449468284, "TMMA.MX": 0.0588204064911523, "BAFARB.MX": 0.046782103437810044, "GCARSOA1.MX": 0.04193844541037525, "ICHB.MX": 0.0330822984508781, "GFMULTIO.MX": 0.02468172150587379, "FRES.MX": 0.023327454182528864, "TS.MX": 0.018823577238776232, "CERAMICB.MX": 0.014814644511293704, "MEGACPO.MX": 0.012496676715006386, "VALUEGFO.MX": 0.01268223355891052, "HERDEZ.MX": 0.011779980866064351, "ALFAA.MX": 0.010751840400600454, "VOLARA.MX": 0.009680023402265772, "CHDRAUIB.MX": 0.009809838355578157, "GRUMAB.MX": 0.010633435870546657, "MEDICAB.MX": 0.009240447460327133, "GISSAA.MX": 0.008740640167474311, "AC.MX": 0.009057976732400323, "GCC.MX": 0.009143834048705673, "DINEA.MX": 0.00833323753760271, "ASURB.MX": 0.008761122630021703, "AEROMEX.MX": 0.007632347847077847, "GAPB.MX": 0.009014112356747796, "IENOVA.MX": 0.007750565854422637, "RA.MX": 0.007729802466127207, "ALPEKA.MX": 0.0067612390593126594, "GFNORTEO.MX": 0.006724389692858896, "OMAB.MX": 0.006554358045946255, "ORBIA.MX": 0.006174171212842301, "LABB.MX": 0.005986463078519663, "ARA.MX": 0.005416323737708267}}