{"allocation": {"GNP.MX": 2331, "ANB.MX": 3, "SIMECB.MX": 48, "BAFARB.MX": 47, "BIMBOA.MX": 25, "TMMA.MX": 86, "MAXCOMA.MX": 237, "FEMSAUBD.MX": 3, "CMOCTEZ.MX": 8, "VESTA.MX": 11, "KUOB.MX": 7, "GMEXICOB.MX": 6, "TLEVISACPO.MX": 11, "AMXL.MX": 20, "FRAGUAB.MX": 1, "PINFRA.MX": 1, "AXTELCPO.MX": 90, "CERAMICB.MX": 6, "DINEA.MX": 24, "AC.MX": 2, "BBVA.MX": 2, "HERDEZ.MX": 5, "IENOVA.MX": 2, "ASURB.MX": 1, "LABB.MX": 8, "GCARSOA1.MX": 3, "AEROMEX.MX": 13, "CULTIBAB.MX": 11, "LALAB.MX": 9, "OMAB.MX": 1, "CYDSASAA.MX": 5, "ORBIA.MX": 3, "GAPB.MX": 1, "GCC.MX": 2, "CEMEXCPO.MX": 21, "ALPEKA.MX": 8, "RA.MX": 2, "VITROA.MX": 4, "HOMEX.MX": 2365, "VOLARA.MX": 6, "GFNORTEO.MX": 1, "GENTERA.MX": 7, "BSMXB.MX": 5, "GISSAA.MX": 2}, "qty": {"GNP.MX": 102330.90355682373, "ANB.MX": 3313.5, "SIMECB.MX": 2406.2400512695312, "BAFARB.MX": 1880.0, "BIMBOA.MX": 889.7500038146973, "TMMA.MX": 495.3600196838379, "MAXCOMA.MX": 462.1500113010407, "FEMSAUBD.MX": 467.3100128173828, "CMOCTEZ.MX": 432.0, "VESTA.MX": 363.3299865722656, "KUOB.MX": 334.5999946594238, "GMEXICOB.MX": 308.40000915527344, "TLEVISACPO.MX": 281.71000671386713, "AMXL.MX": 292.0000076293946, "FRAGUAB.MX": 228.0, "PINFRA.MX": 167.42999267578125, "AXTELCPO.MX": 251.99999570846558, "CERAMICB.MX": 222.0, "DINEA.MX": 228.0, "AC.MX": 185.66000366210935, "BBVA.MX": 153.77999877929688, "HERDEZ.MX": 149.30000305175778, "IENOVA.MX": 149.47999572753906, "ASURB.MX": 241.38999938964844, "LABB.MX": 155.27999877929688, "GCARSOA1.MX": 144.75, "AEROMEX.MX": 122.59000396728513, "CULTIBAB.MX": 121.0, "LALAB.MX": 102.15000343322755, "OMAB.MX": 87.80000305175781, "CYDSASAA.MX": 101.04999542236328, "ORBIA.MX": 85.32000160217285, "GAPB.MX": 150.60000610351562, "GCC.MX": 139.9199981689453, "CEMEXCPO.MX": 106.47000360488892, "ALPEKA.MX": 91.68000030517578, "RA.MX": 118.13999938964844, "VITROA.MX": 89.80000305175781, "HOMEX.MX": 92.23500190302728, "VOLARA.MX": 71.21999931335449, "GFNORTEO.MX": 65.91000366210938, "GENTERA.MX": 67.0599994659424, "BSMXB.MX": 67.10000038146971, "GISSAA.MX": 35.0}, "pct": {"GNP.MX": 0.86538224014962, "ANB.MX": 0.02802129125287642, "SIMECB.MX": 0.020348861717507116, "BAFARB.MX": 0.015898604966171022, "BIMBOA.MX": 0.007524353100690973, "TMMA.MX": 0.004189113440951085, "MAXCOMA.MX": 0.003908266204673786, "FEMSAUBD.MX": 0.0039519028141063225, "CMOCTEZ.MX": 0.0036532964603116385, "VESTA.MX": 0.003072574430253549, "KUOB.MX": 0.002829613370623996, "GMEXICOB.MX": 0.002608047828257031, "TLEVISACPO.MX": 0.0023823383573197657, "AMXL.MX": 0.00246935785713759, "FRAGUAB.MX": 0.0019281286873866982, "PINFRA.MX": 0.0014159060175750816, "AXTELCPO.MX": 0.002131089565556216, "CERAMICB.MX": 0.0018773884587712588, "DINEA.MX": 0.0019281286873866982, "AC.MX": 0.0015700718384264582, "BBVA.MX": 0.0013004720490905866, "HERDEZ.MX": 0.0012625860478553323, "IENOVA.MX": 0.0012641081927750402, "ASURB.MX": 0.0020413639590852574, "LABB.MX": 0.0013131571062444463, "GCARSOA1.MX": 0.0012241080153474761, "AEROMEX.MX": 0.001036707471211279, "CULTIBAB.MX": 0.0010232612770780284, "LALAB.MX": 0.000863852421211648, "OMAB.MX": 0.0007424987045470784, "CYDSASAA.MX": 0.0008545499782199701, "ORBIA.MX": 0.0007215260644606514, "GAPB.MX": 0.0012735797898631592, "GCC.MX": 0.0011832621158273586, "CEMEXCPO.MX": 0.0009003853872664539, "ALPEKA.MX": 0.0007753106958246959, "RA.MX": 0.0009990750962764394, "VITROA.MX": 0.0007594121140855583, "HOMEX.MX": 0.0007800041804841824, "VOLARA.MX": 0.0006022865078585077, "GFNORTEO.MX": 0.0005573814423099799, "GENTERA.MX": 0.0005671066173088606, "BSMXB.MX": 0.0005674448932419743, "GISSAA.MX": 0.00029598466692339667}}