{"allocation": {"GNP.MX": 1230, "WMT.MX": 7, "KUOB.MX": 285, "CMOCTEZ.MX": 63, "FRAGUAB.MX": 11, "ACCELSAB.MX": 109, "PINFRA.MX": 11, "GISSAA.MX": 105, "CHDRAUIB.MX": 62, "TMMA.MX": 312, "SIMECB.MX": 33, "IENOVA.MX": 24, "VESTA.MX": 43, "URBI.MX": 73, "ORBIA.MX": 32, "RA.MX": 19, "GFNORTEO.MX": 13, "VOLARA.MX": 73, "ASURB.MX": 4, "GAPB.MX": 6, "OMAB.MX": 10, "BSMXB.MX": 56, "GICSAB.MX": 247, "SORIANAB.MX": 48, "TLEVISACPO.MX": 27, "MFRISCOA-1.MX": 292, "HOMEX.MX": 10039, "ALPEKA.MX": 23}, "qty": {"GNP.MX": 74415.0, "WMT.MX": 19985.0, "KUOB.MX": 14247.150478363037, "CMOCTEZ.MX": 2961.0, "FRAGUAB.MX": 2365.0, "ACCELSAB.MX": 1962.0, "PINFRA.MX": 1797.1800537109375, "GISSAA.MX": 1677.8999519348145, "CHDRAUIB.MX": 1622.5400047302246, "TMMA.MX": 1619.2800178527832, "SIMECB.MX": 1539.7799949645996, "IENOVA.MX": 1588.3200073242188, "VESTA.MX": 1429.3200721740723, "URBI.MX": 1241.0, "ORBIA.MX": 1127.6800537109375, "RA.MX": 1094.3999710083006, "GFNORTEO.MX": 1038.7000198364258, "VOLARA.MX": 889.1400222778319, "ASURB.MX": 884.7999877929688, "GAPB.MX": 886.3799743652344, "OMAB.MX": 917.0999908447266, "BSMXB.MX": 799.1200256347656, "GICSAB.MX": 792.8700094223022, "SORIANAB.MX": 779.0399780273438, "TLEVISACPO.MX": 672.2999897003175, "MFRISCOA-1.MX": 583.9071292877196, "HOMEX.MX": 501.95000747963724, "ALPEKA.MX": 402.7300052642822}, "pct": {"GNP.MX": 0.5322177599148631, "WMT.MX": 0.14293317116036472, "KUOB.MX": 0.10189594184995426, "CMOCTEZ.MX": 0.021177138844425313, "FRAGUAB.MX": 0.016914533389755442, "ACCELSAB.MX": 0.014032268292050816, "PINFRA.MX": 0.012853472315389485, "GISSAA.MX": 0.012000378334744386, "CHDRAUIB.MX": 0.01160444274258915, "TMMA.MX": 0.01158112724284765, "SIMECB.MX": 0.011012541284442363, "IENOVA.MX": 0.011359700548626684, "VESTA.MX": 0.01022252942301734, "URBI.MX": 0.008875660015512264, "ORBIA.MX": 0.00806519320146083, "RA.MX": 0.007827173298675386, "GFNORTEO.MX": 0.007428805990470556, "VOLARA.MX": 0.006359149511622109, "ASURB.MX": 0.006328109487010308, "GAPB.MX": 0.0063394095866432685, "OMAB.MX": 0.0065591198380074165, "BSMXB.MX": 0.005715324463434025, "GICSAB.MX": 0.0056706242063886865, "SORIANAB.MX": 0.005571711509639684, "TLEVISACPO.MX": 0.004808304703474952, "MFRISCOA-1.MX": 0.004176116970339696, "HOMEX.MX": 0.0035899577849904094, "ALPEKA.MX": 0.0028803340892596565}}