{"allocation": {"MONEXB.MX": 4643, "GNP.MX": 955, "FRAGUAB.MX": 11, "KUOB.MX": 39, "CHDRAUIB.MX": 72, "SIMECB.MX": 36, "GMEXICOB.MX": 30, "AXTELCPO.MX": 384, "GRUMAB.MX": 6, "PINFRA.MX": 9, "AMXL.MX": 83, "DINEA.MX": 77, "URBI.MX": 47, "BBVA.MX": 10, "CYDSASAA.MX": 35, "IENOVA.MX": 10, "MEDICAB.MX": 45, "GISSAA.MX": 37, "GCC.MX": 5, "CREAL.MX": 43, "TLEVISACPO.MX": 21, "VITROA.MX": 20, "AEROMEX.MX": 86, "OMAB.MX": 4, "GAPB.MX": 3, "VOLARA.MX": 25}, "qty": {"MONEXB.MX": 58966.09911441803, "GNP.MX": 52047.5, "FRAGUAB.MX": 2387.0, "KUOB.MX": 2028.0, "CHDRAUIB.MX": 1941.8399505615232, "SIMECB.MX": 1759.6800384521484, "GMEXICOB.MX": 1602.9000091552734, "AXTELCPO.MX": 1512.9600219726562, "GRUMAB.MX": 1488.3000183105469, "PINFRA.MX": 1490.0399780273438, "AMXL.MX": 1224.25, "DINEA.MX": 847.0, "URBI.MX": 808.4000358581543, "BBVA.MX": 780.0, "CYDSASAA.MX": 734.6499919891357, "IENOVA.MX": 663.3000183105469, "MEDICAB.MX": 626.85001373291, "GISSAA.MX": 617.9000282287598, "GCC.MX": 483.499984741211, "CREAL.MX": 513.8499917984009, "TLEVISACPO.MX": 506.72998237609863, "VITROA.MX": 498.4000015258789, "AEROMEX.MX": 501.3799934387207, "OMAB.MX": 427.3999938964844, "GAPB.MX": 495.8100128173828, "VOLARA.MX": 300.2500057220459}, "pct": {"MONEXB.MX": 0.4359656929129025, "GNP.MX": 0.3848130492379145, "FRAGUAB.MX": 0.017648277987048405, "KUOB.MX": 0.01499401246658323, "CHDRAUIB.MX": 0.014356988376148343, "SIMECB.MX": 0.013010189562992687, "GMEXICOB.MX": 0.011851036844162003, "AXTELCPO.MX": 0.01118606579432941, "GRUMAB.MX": 0.011003742124538652, "PINFRA.MX": 0.011016606511957294, "AMXL.MX": 0.009051489034622544, "DINEA.MX": 0.00626229218895266, "URBI.MX": 0.005976903459390283, "BBVA.MX": 0.005766927871762781, "CYDSASAA.MX": 0.005431632711272372, "IENOVA.MX": 0.004904106875558789, "MEDICAB.MX": 0.004634613866168206, "GISSAA.MX": 0.004568442172763389, "GCC.MX": 0.0035747558179499597, "CREAL.MX": 0.0037991485123170183, "TLEVISACPO.MX": 0.003746506742080238, "VITROA.MX": 0.003684919051392568, "AEROMEX.MX": 0.0037069516134692285, "OMAB.MX": 0.003159980688708818, "GAPB.MX": 0.0036657699769431108, "VOLARA.MX": 0.0022198975980710265}}