{"allocation": {"BACHOCOB.MX": 469, "AXTELCPO.MX": 6050, "WMT.MX": 5, "LABB.MX": 474, "OMAB.MX": 61, "CREAL.MX": 218, "VOLARA.MX": 215, "SORIANAB.MX": 192, "FEMSAUBD.MX": 25, "GFMULTIO.MX": 243, "BAFARB.MX": 68, "ACCELSAB.MX": 139, "FRAGUAB.MX": 12, "GCARSOA1.MX": 39, "VESTA.MX": 68, "VITROA.MX": 48, "DINEA.MX": 160, "MEDICAB.MX": 71, "SIMECB.MX": 21, "AC.MX": 11, "AEROMEX.MX": 64, "GCC.MX": 7, "GMEXICOB.MX": 14, "CYDSASAA.MX": 27, "ICHB.MX": 7, "ALPEKA.MX": 43, "ANB.MX": 1, "BSMXB.MX": 22, "BIMBOA.MX": 17, "PE&OLES.MX": 3, "ALFAA.MX": 30, "URBI.MX": 16, "HOMEX.MX": 4186, "MFRISCOA-1.MX": 82}, "qty": {"BACHOCOB.MX": 33041.048568725586, "AXTELCPO.MX": 25894.001269340515, "WMT.MX": 10400.0, "LABB.MX": 9442.08003616333, "OMAB.MX": 7885.470260620117, "CREAL.MX": 4575.81995010376, "VOLARA.MX": 4312.899885177612, "SORIANAB.MX": 4137.599853515625, "FEMSAUBD.MX": 3980.2501678466797, "GFMULTIO.MX": 3159.0, "BAFARB.MX": 2788.0, "ACCELSAB.MX": 2766.0999469757085, "FRAGUAB.MX": 2880.0, "GCARSOA1.MX": 2107.1699523925786, "VESTA.MX": 2123.6399688720703, "VITROA.MX": 1814.3999633789062, "DINEA.MX": 1729.6000671386719, "MEDICAB.MX": 1424.2599620819092, "SIMECB.MX": 1297.3799743652346, "AC.MX": 1187.8899765014646, "AEROMEX.MX": 759.0399780273438, "GCC.MX": 685.8600234985352, "GMEXICOB.MX": 649.8799743652344, "CYDSASAA.MX": 642.8699855804443, "ICHB.MX": 587.5800170898438, "ALPEKA.MX": 572.7599868774415, "ANB.MX": 1176.0, "BSMXB.MX": 554.1800117492676, "BIMBOA.MX": 504.7300090789795, "PE&OLES.MX": 532.3200073242188, "ALFAA.MX": 377.0999908447266, "URBI.MX": 304.32000732421875, "HOMEX.MX": 276.2759985029696, "MFRISCOA-1.MX": 207.45999765396118}, "pct": {"BACHOCOB.MX": 0.24515349096717443, "AXTELCPO.MX": 0.1921247987358326, "WMT.MX": 0.07716450949658689, "LABB.MX": 0.07005706486712103, "OMAB.MX": 0.058507542770257166, "CREAL.MX": 0.03395104826869743, "VOLARA.MX": 0.0320002696295785, "SORIANAB.MX": 0.030699602229777207, "FEMSAUBD.MX": 0.029532120372653525, "GFMULTIO.MX": 0.023438719759588268, "BAFARB.MX": 0.020686024276585023, "ACCELSAB.MX": 0.020523533233357264, "FRAGUAB.MX": 0.02136863339905483, "GCARSOA1.MX": 0.015634493827146122, "VESTA.MX": 0.015756695821669265, "VITROA.MX": 0.013462238769688318, "DINEA.MX": 0.012833052000578785, "MEDICAB.MX": 0.010567530900930574, "SIMECB.MX": 0.009626123976210365, "AC.MX": 0.008813744939677657, "AEROMEX.MX": 0.005631821883921161, "GCC.MX": 0.0050888511823636556, "GMEXICOB.MX": 0.004821891293610363, "CYDSASAA.MX": 0.004769879529557007, "ICHB.MX": 0.004359646520070571, "ALPEKA.MX": 0.004249686869872049, "ANB.MX": 0.008725525304614056, "BSMXB.MX": 0.004111829690331249, "BIMBOA.MX": 0.0037449272671910864, "PE&OLES.MX": 0.003949635794268546, "ALFAA.MX": 0.002797955367759686, "URBI.MX": 0.002257952316843372, "HOMEX.MX": 0.0020498751836693675, "MFRISCOA-1.MX": 0.0015392835537625944}}