{"allocation": {"GNP.MX": 1931, "ICHB.MX": 130, "BAFARB.MX": 66, "KUOB.MX": 50, "POCHTECB.MX": 287, "CULTIBAB.MX": 165, "FRAGUAB.MX": 8, "BACHOCOB.MX": 17, "SIMECB.MX": 19, "AC.MX": 8, "GRUMAB.MX": 3, "GMEXICOB.MX": 14, "MAXCOMA.MX": 430, "VESTA.MX": 20, "IENOVA.MX": 8, "HERDEZ.MX": 13, "PINFRA.MX": 3, "DINEA.MX": 43, "GCC.MX": 4, "TLEVISACPO.MX": 14, "SORIANAB.MX": 19, "GCARSOA1.MX": 6, "OMAB.MX": 3, "ASURB.MX": 1, "GAPB.MX": 2, "RA.MX": 4, "ALFAA.MX": 19, "GFNORTEO.MX": 3, "BSMXB.MX": 14, "MFRISCOA-1.MX": 130, "VOLARA.MX": 16}, "qty": {"GNP.MX": 88826.0, "ICHB.MX": 10180.299682617188, "BAFARB.MX": 2640.0, "KUOB.MX": 2384.4999313354488, "POCHTECB.MX": 1876.9799890518188, "CULTIBAB.MX": 1757.249937057495, "FRAGUAB.MX": 1751.1199951171875, "BACHOCOB.MX": 1148.5199584960938, "SIMECB.MX": 969.9499855041504, "AC.MX": 791.280029296875, "GRUMAB.MX": 660.2400054931641, "GMEXICOB.MX": 664.7199935913086, "MAXCOMA.MX": 645.0, "VESTA.MX": 605.8000183105469, "IENOVA.MX": 503.5199890136718, "HERDEZ.MX": 456.4300079345703, "PINFRA.MX": 501.63002014160156, "DINEA.MX": 408.5, "GCC.MX": 325.6400146484375, "TLEVISACPO.MX": 367.7800064086914, "SORIANAB.MX": 341.8099956512451, "GCARSOA1.MX": 299.9400100708008, "OMAB.MX": 292.7999954223633, "ASURB.MX": 228.5500030517578, "GAPB.MX": 292.7799987792969, "RA.MX": 246.32000732421875, "ALFAA.MX": 223.05999565124512, "GFNORTEO.MX": 201.75, "BSMXB.MX": 201.8800010681152, "MFRISCOA-1.MX": 194.80603694915771, "VOLARA.MX": 175.0399932861328}, "pct": {"GNP.MX": 0.7392070601201389, "ICHB.MX": 0.0847201202297687, "BAFARB.MX": 0.021969993455938204, "KUOB.MX": 0.019843730260274584, "POCHTECB.MX": 0.015620165938028568, "CULTIBAB.MX": 0.014623776370303402, "FRAGUAB.MX": 0.01457276319442695, "BACHOCOB.MX": 0.00955794544400515, "SIMECB.MX": 0.008071891982618765, "AC.MX": 0.00658500646419202, "GRUMAB.MX": 0.0054944956818308395, "GMEXICOB.MX": 0.005531777995921338, "MAXCOMA.MX": 0.005367668855712175, "VESTA.MX": 0.005041447893140136, "IENOVA.MX": 0.0041902768422592595, "HERDEZ.MX": 0.003798395563415277, "PINFRA.MX": 0.004174548583262551, "DINEA.MX": 0.0033995236086177107, "GCC.MX": 0.0027099655268249213, "TLEVISACPO.MX": 0.00306065315682722, "SORIANAB.MX": 0.0028445315786485305, "GCARSOA1.MX": 0.0024960909312233075, "OMAB.MX": 0.0024366719633818396, "ASURB.MX": 0.0019019856331067332, "GAPB.MX": 0.0024365055519737677, "RA.MX": 0.0020498670261286877, "ALFAA.MX": 0.0018562979714922194, "GFNORTEO.MX": 0.0016789568862634592, "BSMXB.MX": 0.0016800387508906396, "MFRISCOA-1.MX": 0.0016211694533902466, "VOLARA.MX": 0.0014566770859938654}}