{"allocation": {"CREAL.MX": 1878, "AXTELCPO.MX": 8837, "BACHOCOB.MX": 247, "ACCELSAB.MX": 479, "ASURB.MX": 16, "GNP.MX": 112, "GFMULTIO.MX": 333, "CERAMICB.MX": 79, "VESTA.MX": 83, "ORBIA.MX": 51, "HERDEZ.MX": 36, "WMT.MX": 1, "CMOCTEZ.MX": 19, "MONEXB.MX": 88, "FRAGUAB.MX": 3, "GCC.MX": 6, "SORIANAB.MX": 22, "FRES.MX": 3, "FEMSAUBD.MX": 3, "VITROA.MX": 12, "LALAB.MX": 27, "GISSAA.MX": 19, "BIMBOA.MX": 10, "MFRISCOA-1.MX": 86, "BBVA.MX": 3, "GFINBURO.MX": 10, "ALPEKA.MX": 9}, "qty": {"CREAL.MX": 44377.13842391968, "AXTELCPO.MX": 28190.030505657196, "BACHOCOB.MX": 18701.604095458984, "ACCELSAB.MX": 9623.1100730896, "ASURB.MX": 5810.39990234375, "GNP.MX": 4592.0, "GFMULTIO.MX": 4329.0, "CERAMICB.MX": 3788.050060272217, "VESTA.MX": 2865.9898986816406, "ORBIA.MX": 2264.9099922180176, "HERDEZ.MX": 1350.5399780273438, "WMT.MX": 2171.89990234375, "CMOCTEZ.MX": 1095.3500289916992, "MONEXB.MX": 1056.0, "FRAGUAB.MX": 711.75, "GCC.MX": 587.8800201416016, "SORIANAB.MX": 522.5, "FRES.MX": 475.4849853515625, "FEMSAUBD.MX": 510.7650146484375, "VITROA.MX": 488.75999450683594, "LALAB.MX": 457.1100082397461, "GISSAA.MX": 416.2899971008301, "BIMBOA.MX": 338.0500030517578, "MFRISCOA-1.MX": 264.0199942588806, "BBVA.MX": 286.2300109863281, "GFINBURO.MX": 214.24999237060547, "ALPEKA.MX": 159.56999588012695}, "pct": {"CREAL.MX": 0.32714758066602073, "AXTELCPO.MX": 0.2078164705152816, "BACHOCOB.MX": 0.13786793722385207, "ACCELSAB.MX": 0.07094141917896132, "ASURB.MX": 0.042834178549224826, "GNP.MX": 0.03385215324313554, "GFMULTIO.MX": 0.031913321295630175, "CERAMICB.MX": 0.027925446675305728, "VESTA.MX": 0.021128033371831313, "ORBIA.MX": 0.016696881563256372, "HERDEZ.MX": 0.009956159907918673, "WMT.MX": 0.016011212613870153, "CMOCTEZ.MX": 0.008074903535779608, "MONEXB.MX": 0.00778481572838657, "FRAGUAB.MX": 0.005247010032840096, "GCC.MX": 0.004333842450002418, "SORIANAB.MX": 0.0038518619489412717, "FRES.MX": 0.0035052679853944143, "FEMSAUBD.MX": 0.003765351817750713, "VITROA.MX": 0.003603131148336127, "LALAB.MX": 0.0033698079372610702, "GISSAA.MX": 0.0030688834441293007, "BIMBOA.MX": 0.00249209941357808, "MFRISCOA-1.MX": 0.0019463513294650243, "BBVA.MX": 0.002110083230551731, "GFINBURO.MX": 0.0015794476424369243, "ALPEKA.MX": 0.0011763475508581368}}