{"allocation": {"WMT.MX": 15, "AXTELCPO.MX": 5644, "LABB.MX": 615, "OMAB.MX": 134, "CYDSASAA.MX": 341, "BACHOCOB.MX": 111, "GNP.MX": 68, "GFMULTIO.MX": 179, "BAFARB.MX": 44, "CREAL.MX": 74, "ACCELSAB.MX": 47, "FEMSAUBD.MX": 6, "GCARSOA1.MX": 17, "SIMECB.MX": 13, "VESTA.MX": 23, "AC.MX": 7, "DINEA.MX": 64, "BIMBOA.MX": 14, "GCC.MX": 5, "GMEXICOB.MX": 8, "VITROA.MX": 10, "SORIANAB.MX": 15, "BSMXB.MX": 17, "PE&OLES.MX": 2, "ANB.MX": 1, "AEROMEX.MX": 24, "ALFAA.MX": 27, "VOLARA.MX": 20, "URBI.MX": 9, "ALPEKA.MX": 16, "HOMEX.MX": 3247, "MFRISCOA-1.MX": 37}, "qty": {"WMT.MX": 40500.0, "AXTELCPO.MX": 16085.399461746216, "LABB.MX": 11605.05051612854, "OMAB.MX": 10742.779754638672, "CYDSASAA.MX": 7638.399869918824, "BACHOCOB.MX": 7490.280372619629, "GNP.MX": 2788.0, "GFMULTIO.MX": 2309.0999317169185, "BAFARB.MX": 1804.0, "CREAL.MX": 1301.660011291504, "ACCELSAB.MX": 825.319974899292, "FEMSAUBD.MX": 859.3200073242188, "GCARSOA1.MX": 791.6899948120117, "SIMECB.MX": 728.0, "VESTA.MX": 630.890007019043, "AC.MX": 669.2700042724609, "DINEA.MX": 556.7999877929688, "BIMBOA.MX": 482.7199935913086, "GCC.MX": 349.74998474121094, "GMEXICOB.MX": 349.9200134277344, "VITROA.MX": 275.0, "SORIANAB.MX": 268.199987411499, "BSMXB.MX": 265.8800058364868, "PE&OLES.MX": 315.760009765625, "ANB.MX": 1033.6600341796875, "AEROMEX.MX": 229.6799926757813, "ALFAA.MX": 172.80000257492065, "VOLARA.MX": 167.39999771118164, "URBI.MX": 151.74000549316406, "ALPEKA.MX": 135.1999969482422, "HOMEX.MX": 126.63300261273977, "MFRISCOA-1.MX": 61.04999911785126}, "pct": {"WMT.MX": 0.3625414869776598, "AXTELCPO.MX": 0.14399073183928696, "LABB.MX": 0.10388425359427406, "OMAB.MX": 0.09616551472889391, "CYDSASAA.MX": 0.06837621844371194, "BACHOCOB.MX": 0.06705030578195309, "GNP.MX": 0.024957176930709025, "GFMULTIO.MX": 0.020670235131473192, "BAFARB.MX": 0.016148761543399958, "CREAL.MX": 0.011651993976122944, "ACCELSAB.MX": 0.007387968664996399, "FEMSAUBD.MX": 0.007692324771480883, "GCARSOA1.MX": 0.007086925134431666, "SIMECB.MX": 0.006516795123944106, "VESTA.MX": 0.00564750126577852, "AC.MX": 0.005991065247863771, "DINEA.MX": 0.0049842739635458195, "BIMBOA.MX": 0.004321136401739245, "GCC.MX": 0.003130836531814628, "GMEXICOB.MX": 0.003132358567687247, "VITROA.MX": 0.002461701454786579, "SORIANAB.MX": 0.0024008301788531975, "BSMXB.MX": 0.0023800625351503408, "PE&OLES.MX": 0.002826570456012594, "ANB.MX": 0.009252954217799569, "AEROMEX.MX": 0.0020560129894739696, "ALFAA.MX": 0.0015468437008211153, "VOLARA.MX": 0.001498504792352312, "URBI.MX": 0.0013583221537158015, "ALPEKA.MX": 0.0012102619242713776, "HOMEX.MX": 0.0011335732609300878, "MFRISCOA-1.MX": 0.0005464977150659411}}