{"allocation": {"GNP.MX": 295, "FRES.MX": 97, "WMT.MX": 9, "AXTELCPO.MX": 1029, "LABB.MX": 385, "BIMBOA.MX": 155, "SIMECB.MX": 95, "DINEA.MX": 351, "GRUMAB.MX": 20, "AMXL.MX": 337, "FRAGUAB.MX": 20, "BAFARB.MX": 106, "KUOB.MX": 75, "AC.MX": 36, "PE&OLES.MX": 10, "MONEXB.MX": 332, "ACCELSAB.MX": 183, "GCC.MX": 24, "BACHOCOB.MX": 37, "PINFRA.MX": 18, "GAPB.MX": 13, "ASURB.MX": 9, "VOLARA.MX": 121, "SORIANAB.MX": 121, "GFINBURO.MX": 120, "OMAB.MX": 19, "ANB.MX": 2, "BSMXB.MX": 117, "BBVA.MX": 26, "TLEVISACPO.MX": 56, "MAXCOMA.MX": 1226, "GICSAB.MX": 340}, "qty": {"GNP.MX": 33925.0, "FRES.MX": 30972.09881591797, "WMT.MX": 26367.75, "AXTELCPO.MX": 8139.389842987061, "LABB.MX": 7241.849794387817, "BIMBOA.MX": 6353.4502601623535, "SIMECB.MX": 6080.0, "DINEA.MX": 4475.25, "GRUMAB.MX": 4512.200012207032, "AMXL.MX": 4350.669948577881, "FRAGUAB.MX": 4360.0, "BAFARB.MX": 4134.0, "KUOB.MX": 3450.0, "AC.MX": 3324.5999450683594, "PE&OLES.MX": 3377.60009765625, "MONEXB.MX": 3353.2001266479497, "ACCELSAB.MX": 3294.0, "GCC.MX": 2563.4399414062505, "BACHOCOB.MX": 2457.5399322509766, "PINFRA.MX": 2501.2801208496094, "GAPB.MX": 2294.8899841308594, "ASURB.MX": 2205.180038452148, "VOLARA.MX": 2009.810073852539, "SORIANAB.MX": 1958.9900646209717, "GFINBURO.MX": 1885.2000045776367, "OMAB.MX": 1818.6800231933594, "ANB.MX": 2356.1201171875, "BSMXB.MX": 1832.2199821472168, "BBVA.MX": 1571.7000198364258, "TLEVISACPO.MX": 1502.4799957275388, "MAXCOMA.MX": 1483.4600467681887, "GICSAB.MX": 1036.9999837875366}, "pct": {"GNP.MX": 0.18123389242046428, "FRES.MX": 0.16545892482947874, "WMT.MX": 0.14086160550831828, "AXTELCPO.MX": 0.04348219021878074, "LABB.MX": 0.03868735818898285, "BIMBOA.MX": 0.03394135654971363, "SIMECB.MX": 0.0324805325251709, "DINEA.MX": 0.023907648549880114, "GRUMAB.MX": 0.02410504264088274, "AMXL.MX": 0.023242117889978202, "FRAGUAB.MX": 0.02329196082397124, "BAFARB.MX": 0.0220846252399764, "KUOB.MX": 0.018430565330894672, "AC.MX": 0.017760654054107605, "PE&OLES.MX": 0.018043791090286882, "MONEXB.MX": 0.017913441739637485, "ACCELSAB.MX": 0.017597183246367262, "GCC.MX": 0.01369439052519209, "BACHOCOB.MX": 0.013128652253517129, "PINFRA.MX": 0.013362320776286043, "GAPB.MX": 0.01225974486369265, "ASURB.MX": 0.011780497033355692, "VOLARA.MX": 0.010736793005457818, "SORIANAB.MX": 0.01046530271552765, "GFINBURO.MX": 0.010071101984397412, "OMAB.MX": 0.009715739415495145, "ANB.MX": 0.012586848042683894, "BSMXB.MX": 0.009788072487401435, "BBVA.MX": 0.008396324607583681, "TLEVISACPO.MX": 0.008026537889744566, "MAXCOMA.MX": 0.007924929654415411, "GICSAB.MX": 0.005539853898357365}}