{"allocation": {"WMT.MX": 14, "GNP.MX": 359, "AXTELCPO.MX": 2763, "BOLSAA.MX": 130, "AMXL.MX": 432, "BIMBOA.MX": 141, "FRES.MX": 15, "GRUMAB.MX": 19, "FRAGUAB.MX": 20, "AC.MX": 44, "KUOB.MX": 84, "VALUEGFO.MX": 46, "MONEXB.MX": 386, "URBI.MX": 261, "Q.MX": 40, "ARA.MX": 1326, "GMEXICOB.MX": 55, "ASURB.MX": 12, "GFNORTEO.MX": 40, "GISSAA.MX": 148, "PE&OLES.MX": 7, "BACHOCOB.MX": 30, "BSMXB.MX": 138, "ANB.MX": 2}, "qty": {"WMT.MX": 43386.0, "GNP.MX": 34474.76956176758, "AXTELCPO.MX": 19423.89057970047, "BOLSAA.MX": 6514.300079345703, "AMXL.MX": 5996.160049438477, "BIMBOA.MX": 5833.169849395752, "FRES.MX": 4935.600128173828, "GRUMAB.MX": 4655.950057983398, "FRAGUAB.MX": 4400.0, "AC.MX": 4213.879852294922, "KUOB.MX": 4005.9598846435542, "VALUEGFO.MX": 3979.4600982666016, "MONEXB.MX": 3933.339838027954, "URBI.MX": 3575.6999502182007, "Q.MX": 3335.5999755859375, "ARA.MX": 3368.0399494171147, "GMEXICOB.MX": 3093.75, "ASURB.MX": 3081.4801025390625, "GFNORTEO.MX": 3064.8001098632812, "GISSAA.MX": 2701.0, "PE&OLES.MX": 2501.030059814453, "BACHOCOB.MX": 2100.8999633789062, "BSMXB.MX": 1941.6599578857424, "ANB.MX": 2600.0}, "pct": {"WMT.MX": 0.24495749795053187, "GNP.MX": 0.19464466174046327, "AXTELCPO.MX": 0.10966734976417124, "BOLSAA.MX": 0.03677975956150543, "AMXL.MX": 0.03385433925739609, "BIMBOA.MX": 0.03293409605468271, "FRES.MX": 0.027866414471990626, "GRUMAB.MX": 0.026287509260734962, "FRAGUAB.MX": 0.024842414395942012, "AC.MX": 0.02379157943305031, "KUOB.MX": 0.0226176626154171, "VALUEGFO.MX": 0.022468044734830692, "MONEXB.MX": 0.022207649594626788, "URBI.MX": 0.020188413617924946, "Q.MX": 0.01883280837559089, "ARA.MX": 0.019015964573978986, "GMEXICOB.MX": 0.017467322622146727, "ASURB.MX": 0.01739804674093756, "GFNORTEO.MX": 0.017303871447716418, "GISSAA.MX": 0.015249854837145313, "PE&OLES.MX": 0.014120823900595065, "BACHOCOB.MX": 0.011861688066972315, "BSMXB.MX": 0.010962618474955665, "ANB.MX": 0.014679608506693007}}