{"allocation": {"KUOB.MX": 1508, "WMT.MX": 17, "ORBIA.MX": 519, "MONEXB.MX": 1200, "URBI.MX": 830, "AMXL.MX": 486, "VOLARA.MX": 307}, "qty": {"KUOB.MX": 72353.83930969238, "WMT.MX": 51374.0, "ORBIA.MX": 18248.039920806885, "MONEXB.MX": 14160.000228881836, "URBI.MX": 12035.0, "AMXL.MX": 6458.939981460571, "VOLARA.MX": 5424.690023422241}, "pct": {"KUOB.MX": 0.4018440833555058, "WMT.MX": 0.2853247061284871, "ORBIA.MX": 0.10134730851841642, "MONEXB.MX": 0.07864285249513411, "URBI.MX": 0.0668408696666863, "AMXL.MX": 0.035872136725031596, "VOLARA.MX": 0.030128043110738637}}