{"allocation": {"GNP.MX": 1841, "BACHOCOB.MX": 172, "FEMSAUBD.MX": 59, "DINEA.MX": 767, "ACCELSAB.MX": 259, "GFMULTIO.MX": 333, "GCARSOA1.MX": 62, "ANB.MX": 3, "CERAMICB.MX": 80, "MONEXB.MX": 163, "AMXL.MX": 58, "GRUMAB.MX": 4, "HERDEZ.MX": 12, "GCC.MX": 4, "BSMXB.MX": 13, "GFNORTEO.MX": 3, "FRAGUAB.MX": 1, "BIMBOA.MX": 7, "GFINBURO.MX": 11, "CYDSASAA.MX": 9, "MEGACPO.MX": 2, "ACTINVRB.MX": 12, "PE&OLES.MX": 1, "AZTECACPO.MX": 153}, "qty": {"GNP.MX": 75481.0, "BACHOCOB.MX": 14343.079895019531, "FEMSAUBD.MX": 10576.930252075195, "DINEA.MX": 8897.200292587282, "ACCELSAB.MX": 5154.099901199342, "GFMULTIO.MX": 4329.0, "GCARSOA1.MX": 4327.600189208984, "ANB.MX": 4698.75, "CERAMICB.MX": 3836.0000610351562, "MONEXB.MX": 1956.0, "AMXL.MX": 881.5999889373779, "GRUMAB.MX": 780.9199829101561, "HERDEZ.MX": 451.4399871826172, "GCC.MX": 406.1199951171875, "BSMXB.MX": 334.35999107360834, "GFNORTEO.MX": 315.0, "FRAGUAB.MX": 245.0, "BIMBOA.MX": 244.16000747680664, "GFINBURO.MX": 253.54999160766602, "CYDSASAA.MX": 225.0, "MEGACPO.MX": 154.44000244140625, "ACTINVRB.MX": 138.0, "PE&OLES.MX": 200.3699951171875, "AZTECACPO.MX": 110.31300240755081}, "pct": {"GNP.MX": 0.5456197503570918, "BACHOCOB.MX": 0.10367996809359147, "FEMSAUBD.MX": 0.07645608886582901, "DINEA.MX": 0.06431404197769659, "ACCELSAB.MX": 0.03725677589602543, "GFMULTIO.MX": 0.031292482867156635, "GCARSOA1.MX": 0.03128236423578793, "ANB.MX": 0.03396524690969098, "CERAMICB.MX": 0.027728797918307794, "MONEXB.MX": 0.014139084427849013, "AMXL.MX": 0.006372707911644347, "GRUMAB.MX": 0.005644935362863551, "HERDEZ.MX": 0.003263265896156493, "GCC.MX": 0.002935667126175636, "BSMXB.MX": 0.002416944858427705, "GFNORTEO.MX": 0.0022769997928284453, "FRAGUAB.MX": 0.0017709998388665688, "BIMBOA.MX": 0.001764927893465652, "GFINBURO.MX": 0.0018328040582930463, "CYDSASAA.MX": 0.0016264284234488895, "MEGACPO.MX": 0.0011163804875031957, "ACTINVRB.MX": 0.0009975427663819856, "PE&OLES.MX": 0.001448388690066262, "AZTECACPO.MX": 0.000797405344851673}}