{"allocation": {"ACCELSAB.MX": 2139, "CERAMICB.MX": 366, "PASAB.MX": 610, "GMD.MX": 209, "GCC.MX": 66, "GAPB.MX": 25, "LAMOSA.MX": 105, "AUTLANB.MX": 236, "MEGACPO.MX": 31, "ASURB.MX": 6, "VALUEGFO.MX": 17, "FINAMEXO.MX": 36, "PE&OLES.MX": 4, "VITROA.MX": 17, "GNP.MX": 27, "GFMULTIO.MX": 82, "AEROMEX.MX": 20, "MFRISCOA-1.MX": 48, "CYDSASAA.MX": 20, "ORBIA.MX": 10, "AMXL.MX": 26, "CMOCTEZ.MX": 5, "TMMA.MX": 61, "OMAB.MX": 2, "BBVA.MX": 2, "MEDICAB.MX": 5, "CEMEXCPO.MX": 11, "RA.MX": 1, "GISSAA.MX": 3, "TEAKCPO.MX": 7, "BIMBOA.MX": 2, "KUOB.MX": 2, "FEMSAUBD.MX": 1, "LABB.MX": 4, "AC.MX": 1, "CHDRAUIB.MX": 2, "TLEVISACPO.MX": 1, "SORIANAB.MX": 1, "GFNORTEO.MX": 1, "AXTELCPO.MX": 16, "PINFRA.MX": 1, "RCENTROA.MX": 5, "VESTA.MX": 2, "ALFAA.MX": 2, "GENTERA.MX": 3, "BSMXB.MX": 1, "HOMEX.MX": 29}, "qty": {"ACCELSAB.MX": 22053.09089756012, "CERAMICB.MX": 18958.79972076416, "PASAB.MX": 15555.0, "GMD.MX": 6198.939968109131, "GCC.MX": 6125.459838867188, "GAPB.MX": 4637.2501373291025, "LAMOSA.MX": 4360.649871826173, "AUTLANB.MX": 4122.91983795166, "MEGACPO.MX": 2440.6301040649414, "ASURB.MX": 2003.0399780273438, "VALUEGFO.MX": 1632.0, "FINAMEXO.MX": 1578.5999450683591, "PE&OLES.MX": 1563.7600097656252, "VITROA.MX": 1175.5500259399414, "GNP.MX": 923.4000205993652, "GFMULTIO.MX": 820.0, "AEROMEX.MX": 635.6000137329102, "MFRISCOA-1.MX": 573.1199798583984, "CYDSASAA.MX": 549.5999908447266, "ORBIA.MX": 484.70001220703125, "AMXL.MX": 415.73999404907227, "CMOCTEZ.MX": 364.94998931884766, "TMMA.MX": 283.65000581741333, "OMAB.MX": 188.88000488281247, "BBVA.MX": 314.0199890136719, "MEDICAB.MX": 195.0, "CEMEXCPO.MX": 156.8600025177002, "RA.MX": 101.61000061035156, "GISSAA.MX": 98.58000183105469, "TEAKCPO.MX": 122.42999839782715, "BIMBOA.MX": 86.9000015258789, "KUOB.MX": 80.0, "FEMSAUBD.MX": 168.25999450683594, "LABB.MX": 88.3199996948242, "AC.MX": 127.61000061035156, "CHDRAUIB.MX": 72.55999755859376, "TLEVISACPO.MX": 69.9800033569336, "SORIANAB.MX": 40.52000045776367, "GFNORTEO.MX": 109.3000030517578, "AXTELCPO.MX": 64.63999938964844, "PINFRA.MX": 187.41000366210935, "RCENTROA.MX": 59.49999809265136, "VESTA.MX": 46.84000015258789, "ALFAA.MX": 41.540000915527344, "GENTERA.MX": 51.30000114440918, "BSMXB.MX": 30.229999542236328, "HOMEX.MX": 21.431000649929047}, "pct": {"ACCELSAB.MX": 0.2205746459649897, "CERAMICB.MX": 0.18962559741643129, "PASAB.MX": 0.15558084959260807, "GMD.MX": 0.06200169378412043, "GCC.MX": 0.061266746761578735, "GAPB.MX": 0.04638169824102219, "LAMOSA.MX": 0.04361514701604715, "AUTLANB.MX": 0.04123737519709015, "MEGACPO.MX": 0.024411141442090584, "ASURB.MX": 0.020034372327190814, "VALUEGFO.MX": 0.016323236678568713, "FINAMEXO.MX": 0.015789130223116666, "PE&OLES.MX": 0.01564070143865516, "VITROA.MX": 0.011757831679482387, "GNP.MX": 0.009235831547327614, "GFMULTIO.MX": 0.008201626272320064, "AEROMEX.MX": 0.00635726069673028, "MFRISCOA-1.MX": 0.005732336443900228, "CYDSASAA.MX": 0.005497089907535337, "ORBIA.MX": 0.0048479614076963945, "AMXL.MX": 0.004158224460545193, "CMOCTEZ.MX": 0.003650223683512668, "TMMA.MX": 0.002837062609580288, "OMAB.MX": 0.001889174646783923, "BBVA.MX": 0.003140822673083158, "MEDICAB.MX": 0.0019503867354907472, "CEMEXCPO.MX": 0.0015689111191772701, "RA.MX": 0.0010163015250442893, "GISSAA.MX": 0.000985995527979193, "TEAKCPO.MX": 0.0012245427943655153, "BIMBOA.MX": 0.0008691723604625636, "KUOB.MX": 0.0008001586607141527, "FEMSAUBD.MX": 0.0016829336482045065, "LABB.MX": 0.0008833751583760613, "AC.MX": 0.0012763530897763888, "CHDRAUIB.MX": 0.0007257438808488322, "TLEVISACPO.MX": 0.0006999388220356986, "SORIANAB.MX": 0.0004052803662302629, "GFNORTEO.MX": 0.0010932168007243416, "AXTELCPO.MX": 0.0006465281917523093, "PINFRA.MX": 0.0018744717191838483, "RCENTROA.MX": 0.0005951179848288819, "VESTA.MX": 0.0004684928973743179, "ALFAA.MX": 0.0004154823937329129, "GENTERA.MX": 0.0005131017526293118, "BSMXB.MX": 0.0003023599493388159, "HOMEX.MX": 0.000214352509722642}}