{"allocation": {"GFMULTIO.MX": 2809, "ACCELSAB.MX": 2250, "PASAB.MX": 409, "BAFARB.MX": 207, "WMT.MX": 3, "TEAKCPO.MX": 230, "GRUMAB.MX": 13, "ASURB.MX": 7, "VALUEGFO.MX": 26, "ALPEKA.MX": 63, "AXTELCPO.MX": 320, "CERAMICB.MX": 13, "SIMECB.MX": 7, "FRES.MX": 1, "BSMXB.MX": 7, "TLEVISACPO.MX": 3, "MEGACPO.MX": 1, "ACTINVRB.MX": 9, "CMOCTEZ.MX": 1, "MONEXB.MX": 8, "AUTLANB.MX": 5, "ICHB.MX": 1, "CULTIBAB.MX": 4, "BACHOCOB.MX": 1, "ARA.MX": 8, "ORBIA.MX": 1, "CYDSASAA.MX": 1, "MEDICAB.MX": 1, "ALEATIC.MX": 1, "AZTECACPO.MX": 8}, "qty": {"GFMULTIO.MX": 36517.0, "ACCELSAB.MX": 27067.49939918518, "PASAB.MX": 9816.0, "BAFARB.MX": 7969.5, "WMT.MX": 5508.0, "TEAKCPO.MX": 3222.3000526428223, "GRUMAB.MX": 3146.6500396728516, "ASURB.MX": 2505.4400939941406, "VALUEGFO.MX": 2548.0, "ALPEKA.MX": 1775.9700336456299, "AXTELCPO.MX": 1222.3999786376953, "CERAMICB.MX": 744.8999900817871, "SIMECB.MX": 380.52000427246094, "FRES.MX": 240.0, "BSMXB.MX": 211.67999839782715, "TLEVISACPO.MX": 206.82000732421875, "MEGACPO.MX": 89.87000274658203, "ACTINVRB.MX": 123.29999828338623, "CMOCTEZ.MX": 78.1500015258789, "MONEXB.MX": 94.87999725341797, "AUTLANB.MX": 83.95000457763672, "ICHB.MX": 74.7300033569336, "CULTIBAB.MX": 74.55999755859376, "BACHOCOB.MX": 92.41000366210938, "ARA.MX": 51.84000015258789, "ORBIA.MX": 64.69000244140625, "CYDSASAA.MX": 31.36000061035156, "MEDICAB.MX": 37.2400016784668, "ALEATIC.MX": 28.979999542236328, "AZTECACPO.MX": 18.399999618530273}, "pct": {"GFMULTIO.MX": 0.3510337325430033, "ACCELSAB.MX": 0.26019676711398726, "PASAB.MX": 0.09436008211633268, "BAFARB.MX": 0.07660988940771325, "WMT.MX": 0.052947772238871274, "TEAKCPO.MX": 0.030975600812025248, "GRUMAB.MX": 0.030248385914312528, "ASURB.MX": 0.0240845082525305, "VALUEGFO.MX": 0.02449363174739361, "ALPEKA.MX": 0.017072196231759144, "AXTELCPO.MX": 0.011750790786802795, "CERAMICB.MX": 0.00716063816550253, "SIMECB.MX": 0.0036578951558737445, "FRES.MX": 0.002307092472281973, "BSMXB.MX": 0.0020348555451511962, "TLEVISACPO.MX": 0.001988137008395865, "MEGACPO.MX": 0.0008639100284191651, "ACTINVRB.MX": 0.0011852687411332522, "CMOCTEZ.MX": 0.0007512470009549163, "MONEXB.MX": 0.0009120705309728952, "AUTLANB.MX": 0.0008070017650379284, "ICHB.MX": 0.0007183709508266168, "CULTIBAB.MX": 0.0007167367045866414, "BACHOCOB.MX": 0.0008883267658850086, "ARA.MX": 0.000498331975479716, "ORBIA.MX": 0.0006218575736019617, "CYDSASAA.MX": 0.00030146008891208394, "MEDICAB.MX": 0.00035798386475066157, "ALEATIC.MX": 0.0002785814116276185, "AZTECACPO.MX": 0.00017687708587459317}}