{"allocation": {"GFMULTIO.MX": 3637, "ACCELSAB.MX": 1434, "CERAMICB.MX": 324, "PASAB.MX": 226, "WMT.MX": 2, "GCC.MX": 32, "IENOVA.MX": 28, "LAMOSA.MX": 46, "TS.MX": 6, "AXTELCPO.MX": 354, "BACHOCOB.MX": 8, "VITROA.MX": 4}, "qty": {"GFMULTIO.MX": 47281.0, "ACCELSAB.MX": 19373.340328216553, "CERAMICB.MX": 18565.199752807617, "PASAB.MX": 5421.739948272705, "WMT.MX": 3702.0, "GCC.MX": 3929.9199218750005, "IENOVA.MX": 2603.7199401855464, "LAMOSA.MX": 1840.0, "TS.MX": 1878.0, "AXTELCPO.MX": 1320.4200067520142, "BACHOCOB.MX": 672.1599731445312, "VITROA.MX": 218.63999938964844}, "pct": {"GFMULTIO.MX": 0.4426805430592619, "ACCELSAB.MX": 0.18138788979435297, "CERAMICB.MX": 0.17382146546343247, "PASAB.MX": 0.050762437017564256, "WMT.MX": 0.03466092871143562, "GCC.MX": 0.03679488769685576, "IENOVA.MX": 0.02437799871186241, "LAMOSA.MX": 0.017227474021891287, "TS.MX": 0.017583258811473823, "AXTELCPO.MX": 0.012362772480601001, "BACHOCOB.MX": 0.006293270910816607, "VITROA.MX": 0.0020470733204518993}}