{"allocation": {"ACCELSAB.MX": 4852, "CERAMICB.MX": 286, "GFMULTIO.MX": 1047, "PASAB.MX": 500, "ASURB.MX": 6, "CMOCTEZ.MX": 20, "VALUEGFO.MX": 9, "FRES.MX": 2, "VITROA.MX": 11, "IENOVA.MX": 6}, "qty": {"ACCELSAB.MX": 50460.79814910888, "CERAMICB.MX": 14586.0, "GFMULTIO.MX": 13611.0, "PASAB.MX": 11949.999809265139, "ASURB.MX": 1899.9600219726562, "CMOCTEZ.MX": 1509.6000671386719, "VALUEGFO.MX": 1098.0, "FRES.MX": 692.0, "VITROA.MX": 597.7400016784668, "IENOVA.MX": 500.03997802734375}, "pct": {"ACCELSAB.MX": 0.5207236600287365, "CERAMICB.MX": 0.1505183347028228, "GFMULTIO.MX": 0.14045694869327582, "PASAB.MX": 0.12331647271285058, "ASURB.MX": 0.01960639095771718, "CMOCTEZ.MX": 0.015578122046687397, "VALUEGFO.MX": 0.011330668552289827, "FRES.MX": 0.007141004224211804, "VITROA.MX": 0.006168300400240321, "IENOVA.MX": 0.005160097681167687}}