{"allocation": {"ACCELSAB.MX": 7366, "CERAMICB.MX": 127, "BAFARB.MX": 95, "OMAB.MX": 29, "GAPB.MX": 15, "WMT.MX": 1, "HERDEZ.MX": 45, "BIMBOA.MX": 20, "GCC.MX": 6}, "qty": {"ACCELSAB.MX": 76311.7574710846, "CERAMICB.MX": 6477.0, "BAFARB.MX": 3642.2862434387207, "OMAB.MX": 2872.160026550293, "GAPB.MX": 2918.099899291992, "WMT.MX": 1654.1500244140625, "HERDEZ.MX": 2014.6500205993652, "BIMBOA.MX": 870.5999755859376, "GCC.MX": 653.0999908447266}, "pct": {"ACCELSAB.MX": 0.7833772485042156, "CERAMICB.MX": 0.06648955032236517, "BAFARB.MX": 0.03738983703436424, "OMAB.MX": 0.02948411743387392, "GAPB.MX": 0.029955712536616278, "WMT.MX": 0.016980653279144723, "HERDEZ.MX": 0.020681360803859117, "BIMBOA.MX": 0.008937131524991676, "GCC.MX": 0.006704388560569195}}