{"allocation": {"WMT.MX": 8, "CERAMICB.MX": 269, "GAPB.MX": 75, "GMD.MX": 279, "AUTLANB.MX": 424, "GISSAA.MX": 190, "OMAB.MX": 61, "VITROA.MX": 68, "GCC.MX": 29, "GRUMAB.MX": 13, "KUOB.MX": 49, "FRES.MX": 5, "CYDSASAA.MX": 56, "ACCELSAB.MX": 158, "BSMXB.MX": 54, "GFMULTIO.MX": 149, "VALUEGFO.MX": 12, "GFNORTEO.MX": 9, "MEGACPO.MX": 11, "GMEXICOB.MX": 11, "BACHOCOB.MX": 7, "GBMO.MX": 46, "SORIANAB.MX": 14, "PINFRA.MX": 3, "TLEVISACPO.MX": 7, "MONEXB.MX": 21, "PE&OLES.MX": 1, "CREAL.MX": 11, "CEMEXCPO.MX": 17, "CMOCTEZ.MX": 3, "MEDICAB.MX": 6, "AZTECACPO.MX": 68, "ALEATIC.MX": 6, "TMMA.MX": 33, "HOMEX.MX": 158}, "qty": {"WMT.MX": 16061.440429687498, "CERAMICB.MX": 15023.649589538572, "GAPB.MX": 14594.249725341799, "GMD.MX": 7951.5, "AUTLANB.MX": 7470.880355834961, "GISSAA.MX": 6467.600173950195, "OMAB.MX": 5794.3898696899405, "VITROA.MX": 4746.400207519531, "GCC.MX": 3038.040061950684, "GRUMAB.MX": 2889.9000396728516, "KUOB.MX": 2062.899925231933, "FRES.MX": 1747.5, "CYDSASAA.MX": 1778.560012817383, "ACCELSAB.MX": 1628.9800662994385, "BSMXB.MX": 1582.1999588012695, "GFMULTIO.MX": 1490.0, "VALUEGFO.MX": 1140.0, "GFNORTEO.MX": 1076.220016479492, "MEGACPO.MX": 936.7600402832031, "GMEXICOB.MX": 725.7800369262695, "BACHOCOB.MX": 669.5500106811523, "GBMO.MX": 611.8000087738037, "SORIANAB.MX": 567.9799957275391, "PINFRA.MX": 572.3399963378906, "TLEVISACPO.MX": 539.1399765014648, "MONEXB.MX": 323.3999919891357, "PE&OLES.MX": 431.3500061035156, "CREAL.MX": 275.0, "CEMEXCPO.MX": 263.1599922180176, "CMOCTEZ.MX": 223.74000549316406, "MEDICAB.MX": 238.62000274658203, "AZTECACPO.MX": 228.4799928665161, "ALEATIC.MX": 189.89999771118167, "TMMA.MX": 180.50999307632446, "HOMEX.MX": 86.90000188350677}, "pct": {"WMT.MX": 0.15502001040979865, "CERAMICB.MX": 0.1450035771049926, "GAPB.MX": 0.1408591436272385, "GMD.MX": 0.07674539641507713, "AUTLANB.MX": 0.07210660560625877, "GISSAA.MX": 0.062423258404581475, "OMAB.MX": 0.055925642650174384, "VITROA.MX": 0.045810773498169, "GCC.MX": 0.029322214535533013, "GRUMAB.MX": 0.02789241327355092, "KUOB.MX": 0.019910466267566835, "FRES.MX": 0.016866324622441965, "CYDSASAA.MX": 0.017166106172630917, "ACCELSAB.MX": 0.01572240721126945, "BSMXB.MX": 0.01527090021330845, "GFMULTIO.MX": 0.014381014985658672, "VALUEGFO.MX": 0.01100292421721536, "GFNORTEO.MX": 0.010387339721380803, "MEGACPO.MX": 0.009041315555220782, "GMEXICOB.MX": 0.007005002407603079, "BACHOCOB.MX": 0.006462287743123205, "GBMO.MX": 0.005904902747920925, "SORIANAB.MX": 0.005481965657793348, "PINFRA.MX": 0.005524047022971164, "TLEVISACPO.MX": 0.0052036107929095505, "MONEXB.MX": 0.0031213557927232583, "PE&OLES.MX": 0.004163255638817864, "CREAL.MX": 0.0026542141752054597, "CEMEXCPO.MX": 0.0025399381152437115, "CMOCTEZ.MX": 0.002159468705965467, "MEDICAB.MX": 0.0023030857955547044, "AZTECACPO.MX": 0.002205217584789634, "ALEATIC.MX": 0.0018328555119872826, "TMMA.MX": 0.0017422261177797082, "HOMEX.MX": 0.0008387316975439448}}