{"allocation": {"ACCELSAB.MX": 4318, "GFMULTIO.MX": 1124, "PASAB.MX": 430, "GMD.MX": 294, "LAMOSA.MX": 115, "GCC.MX": 38, "OMAB.MX": 21, "MEGACPO.MX": 15, "DINEA.MX": 110, "GAPB.MX": 7, "GNP.MX": 25, "AXTELCPO.MX": 235, "PE&OLES.MX": 1}, "qty": {"ACCELSAB.MX": 60667.90082359314, "GFMULTIO.MX": 14612.0, "PASAB.MX": 9460.0, "GMD.MX": 6297.48002243042, "LAMOSA.MX": 4600.0, "GCC.MX": 4159.860046386719, "OMAB.MX": 2232.090019226074, "MEGACPO.MX": 1351.0499954223633, "DINEA.MX": 1100.0, "GAPB.MX": 1176.3500213623047, "GNP.MX": 900.0, "AXTELCPO.MX": 777.8499865531921, "PE&OLES.MX": 286.29998779296875}, "pct": {"ACCELSAB.MX": 0.5637186790768336, "GFMULTIO.MX": 0.13577290835596842, "PASAB.MX": 0.0879011574765577, "GMD.MX": 0.05851541048172648, "LAMOSA.MX": 0.04274263471375956, "GCC.MX": 0.038652908352841395, "OMAB.MX": 0.020740306160871445, "MEGACPO.MX": 0.012553790529209696, "DINEA.MX": 0.010221064822855548, "GAPB.MX": 0.01093049983882875, "GNP.MX": 0.008362689400518175, "AXTELCPO.MX": 0.007227686486379539, "PE&OLES.MX": 0.002660264303649714}}