{"allocation": {"ACCELSAB.MX": 4527, "PASAB.MX": 588, "GFMULTIO.MX": 900, "GCC.MX": 37, "BAFARB.MX": 102, "VALUEGFO.MX": 24, "TEAKCPO.MX": 165, "DINEA.MX": 204, "GRUMAB.MX": 9, "ASURB.MX": 6, "FRES.MX": 6, "AXTELCPO.MX": 222, "AEROMEX.MX": 27, "LAMOSA.MX": 18, "ARA.MX": 83, "TS.MX": 1, "MONEXB.MX": 15}, "qty": {"ACCELSAB.MX": 51290.90965461732, "PASAB.MX": 13524.0, "GFMULTIO.MX": 11700.0, "GCC.MX": 4478.109954833984, "BAFARB.MX": 3877.0198287963867, "VALUEGFO.MX": 2760.0, "TEAKCPO.MX": 2574.0000629425053, "DINEA.MX": 2448.0, "GRUMAB.MX": 2171.160049438477, "ASURB.MX": 1989.5399780273438, "FRES.MX": 1545.0, "AXTELCPO.MX": 859.1399745941162, "AEROMEX.MX": 770.8499794006348, "LAMOSA.MX": 720.0, "ARA.MX": 578.509982585907, "TS.MX": 401.5299987792969, "MONEXB.MX": 223.49999427795407}, "pct": {"ACCELSAB.MX": 0.503289870955906, "PASAB.MX": 0.13270367518613385, "GFMULTIO.MX": 0.11480575271205015, "GCC.MX": 0.043941263597610296, "BAFARB.MX": 0.03804309228414641, "VALUEGFO.MX": 0.027082382691047728, "TEAKCPO.MX": 0.02525726621427169, "DINEA.MX": 0.024020895952059723, "GRUMAB.MX": 0.02130441570377063, "ASURB.MX": 0.019522276472491017, "FRES.MX": 0.015160246832488674, "AXTELCPO.MX": 0.008430274484469159, "AEROMEX.MX": 0.007563932659244293, "LAMOSA.MX": 0.007064969397664624, "ARA.MX": 0.005676604615573511, "TS.MX": 0.003939996046694509, "MONEXB.MX": 0.002193084194377728}}