{"allocation": {"ACCELSAB.MX": 4594, "GFMULTIO.MX": 1812, "CERAMICB.MX": 120, "FRAGUAB.MX": 9, "MEGACPO.MX": 22, "GRUMAB.MX": 9, "BAFARB.MX": 44, "WMT.MX": 1, "RA.MX": 14, "AXTELCPO.MX": 166, "VALUEGFO.MX": 3, "TS.MX": 1, "BSMXB.MX": 4}, "qty": {"ACCELSAB.MX": 65234.79912376404, "GFMULTIO.MX": 23556.0, "CERAMICB.MX": 6120.0, "FRAGUAB.MX": 2385.0, "MEGACPO.MX": 2049.7399597167973, "GRUMAB.MX": 2006.0999450683596, "BAFARB.MX": 1738.0, "WMT.MX": 1989.0, "RA.MX": 1228.6400299072266, "AXTELCPO.MX": 527.8800110816956, "VALUEGFO.MX": 360.0, "TS.MX": 313.0, "BSMXB.MX": 99.95999908447266}, "pct": {"ACCELSAB.MX": 0.6062256239435174, "GFMULTIO.MX": 0.21890541535233177, "CERAMICB.MX": 0.05687303200697361, "FRAGUAB.MX": 0.022163755120364715, "MEGACPO.MX": 0.01904819057760559, "GRUMAB.MX": 0.018642644834160265, "BAFARB.MX": 0.01615119765165362, "WMT.MX": 0.018483735402266423, "RA.MX": 0.011417726102281488, "AXTELCPO.MX": 0.004905577902956022, "VALUEGFO.MX": 0.0033454724709984477, "TS.MX": 0.002908702453951428, "BSMXB.MX": 0.0009289261809392592}}