{"allocation": {"CERAMICB.MX": 375, "ACCELSAB.MX": 1873, "GFMULTIO.MX": 1498, "GCC.MX": 122, "PASAB.MX": 311, "GNP.MX": 181, "GMD.MX": 161, "AMXL.MX": 237, "CYDSASAA.MX": 112, "CMOCTEZ.MX": 33, "VALUEGFO.MX": 20, "AEROMEX.MX": 56, "ASURB.MX": 3, "OMAB.MX": 10, "ALPEKA.MX": 36, "LABB.MX": 20, "PE&OLES.MX": 1, "TEAKCPO.MX": 13}, "qty": {"CERAMICB.MX": 19687.5, "ACCELSAB.MX": 19291.9003572464, "GFMULTIO.MX": 14980.0, "GCC.MX": 11159.340148925781, "PASAB.MX": 7775.0, "GNP.MX": 6154.0, "GMD.MX": 4588.5, "AMXL.MX": 4017.1501808166504, "CYDSASAA.MX": 3360.0, "CMOCTEZ.MX": 2441.6699295043945, "VALUEGFO.MX": 1920.0, "AEROMEX.MX": 1601.0400085449219, "ASURB.MX": 1074.2100219726562, "OMAB.MX": 1016.6999816894532, "ALPEKA.MX": 844.2000274658203, "LABB.MX": 410.40000915527344, "PE&OLES.MX": 409.6499938964844, "TEAKCPO.MX": 219.69999504089355}, "pct": {"CERAMICB.MX": 0.1950204324199213, "ACCELSAB.MX": 0.19110170158081155, "GFMULTIO.MX": 0.14838888013462456, "GCC.MX": 0.11054218876772039, "PASAB.MX": 0.0770175929937721, "GNP.MX": 0.06096029161204804, "GMD.MX": 0.04545276211600299, "AMXL.MX": 0.03979308522456525, "CYDSASAA.MX": 0.0332834871329999, "CMOCTEZ.MX": 0.02418669335764652, "VALUEGFO.MX": 0.019019135504571374, "AEROMEX.MX": 0.01585958170351874, "ASURB.MX": 0.010640909358472157, "OMAB.MX": 0.010071226416274452, "ALPEKA.MX": 0.008362476414237142, "LABB.MX": 0.004065340304792437, "PE&OLES.MX": 0.0040579108038354544, "TEAKCPO.MX": 0.002176304154185632}}