{"allocation": {"ACCELSAB.MX": 3860, "PASAB.MX": 602, "BAFARB.MX": 343, "GFMULTIO.MX": 736, "GCC.MX": 27, "VALUEGFO.MX": 30, "TEAKCPO.MX": 192, "ASURB.MX": 8, "LAMOSA.MX": 59, "AEROMEX.MX": 74, "FRES.MX": 5, "FEMSAUBD.MX": 5, "SIMECB.MX": 15, "CMOCTEZ.MX": 7, "DINEA.MX": 34, "PE&OLES.MX": 1, "GAPB.MX": 1}, "qty": {"ACCELSAB.MX": 41688.00073623657, "PASAB.MX": 13833.95972442627, "BAFARB.MX": 13034.0, "GFMULTIO.MX": 9568.0, "GCC.MX": 3478.950164794922, "VALUEGFO.MX": 3450.0, "TEAKCPO.MX": 3110.400146484375, "ASURB.MX": 2522.9599609375, "LAMOSA.MX": 2389.5, "AEROMEX.MX": 1997.2599830627441, "FRES.MX": 1700.0, "FEMSAUBD.MX": 874.7499847412109, "SIMECB.MX": 929.0999794006347, "CMOCTEZ.MX": 549.0800170898438, "DINEA.MX": 391.0, "PE&OLES.MX": 356.0400085449219, "GAPB.MX": 183.88999938964844}, "pct": {"ACCELSAB.MX": 0.41664297623539975, "PASAB.MX": 0.1382609396208226, "BAFARB.MX": 0.1302658908161986, "GFMULTIO.MX": 0.0956255979230772, "GCC.MX": 0.03476972090856003, "VALUEGFO.MX": 0.034480383866494185, "TEAKCPO.MX": 0.031086316240342318, "ASURB.MX": 0.025215254473310196, "LAMOSA.MX": 0.0238814136953588, "AEROMEX.MX": 0.01996124373831626, "FRES.MX": 0.016990334079142064, "FEMSAUBD.MX": 0.008742526162633879, "SIMECB.MX": 0.009285717084082818, "CMOCTEZ.MX": 0.00548767819208087, "DINEA.MX": 0.003907776838202674, "PE&OLES.MX": 0.003558375700422834, "GAPB.MX": 0.0018378544255549158}}