{"allocation": {"ACCELSAB.MX": 5944, "TEAKCPO.MX": 399, "GAPB.MX": 33, "WMT.MX": 2, "LAMOSA.MX": 83, "CMOCTEZ.MX": 44, "BAFARB.MX": 78, "BIMBOA.MX": 64, "GCC.MX": 25, "OMAB.MX": 17, "AEROMEX.MX": 40, "CYDSASAA.MX": 32, "CERAMICB.MX": 5, "PE&OLES.MX": 1, "MEGACPO.MX": 2}, "qty": {"ACCELSAB.MX": 61282.64249420166, "TEAKCPO.MX": 7581.0, "GAPB.MX": 6009.9598388671875, "WMT.MX": 3400.659912109375, "LAMOSA.MX": 3320.0, "CMOCTEZ.MX": 3204.9598388671875, "BAFARB.MX": 2990.50870513916, "BIMBOA.MX": 2823.0400390625, "GCC.MX": 2491.7499542236333, "OMAB.MX": 1565.8700103759766, "AEROMEX.MX": 1168.0000305175781, "CYDSASAA.MX": 1056.0, "CERAMICB.MX": 250.0, "PE&OLES.MX": 411.9400024414063, "MEGACPO.MX": 166.8800048828125}, "pct": {"ACCELSAB.MX": 0.6271042669727425, "TEAKCPO.MX": 0.07757624760339232, "GAPB.MX": 0.061499819620947735, "WMT.MX": 0.03479889663061961, "LAMOSA.MX": 0.03397350508419239, "CMOCTEZ.MX": 0.032796301018188805, "BAFARB.MX": 0.030601826113965922, "BIMBOA.MX": 0.02888812202408691, "GCC.MX": 0.025498036065768906, "OMAB.MX": 0.016023521915268867, "AEROMEX.MX": 0.011952124992507774, "CYDSASAA.MX": 0.010806030532803363, "CERAMICB.MX": 0.0025582458647735234, "PE&OLES.MX": 0.0042153752311220915, "MEGACPO.MX": 0.001707680329619362}}