{"allocation": {"ACCELSAB.MX": 7305, "CERAMICB.MX": 126, "BAFARB.MX": 95, "OMAB.MX": 32, "GAPB.MX": 16, "WMT.MX": 1, "HERDEZ.MX": 44, "BIMBOA.MX": 21, "GCC.MX": 7}, "qty": {"ACCELSAB.MX": 75606.75278663637, "CERAMICB.MX": 6426.0, "BAFARB.MX": 3594.9837493896484, "OMAB.MX": 2836.800048828125, "GAPB.MX": 2874.080078125, "WMT.MX": 1602.0, "HERDEZ.MX": 2023.560073852539, "BIMBOA.MX": 835.3799743652345, "GCC.MX": 684.5300064086914}, "pct": {"ACCELSAB.MX": 0.7836188884486822, "CERAMICB.MX": 0.06660165648671096, "BAFARB.MX": 0.03725986192844033, "OMAB.MX": 0.02940174017639833, "GAPB.MX": 0.029788125440177504, "WMT.MX": 0.016603774306210854, "HERDEZ.MX": 0.0209729929845861, "BIMBOA.MX": 0.008658215077583372, "GCC.MX": 0.007094745151210351}}