{"allocation": {"ACCELSAB.MX": 4108, "BAFARB.MX": 398, "MEGACPO.MX": 71, "VALUEGFO.MX": 48, "GRUMAB.MX": 25, "DINEA.MX": 299, "WMT.MX": 1, "HERDEZ.MX": 68, "FRES.MX": 12, "ALPEKA.MX": 88, "CERAMICB.MX": 30, "AEROMEX.MX": 58, "OMAB.MX": 9, "ORBIA.MX": 10}, "qty": {"ACCELSAB.MX": 87500.39686584473, "BAFARB.MX": 16318.0, "MEGACPO.MX": 5929.210151672363, "VALUEGFO.MX": 5424.0, "GRUMAB.MX": 4737.2501373291025, "DINEA.MX": 3289.0, "WMT.MX": 1959.56005859375, "HERDEZ.MX": 2762.840072631836, "FRES.MX": 2494.200073242187, "ALPEKA.MX": 2052.1599731445312, "CERAMICB.MX": 1440.0, "AEROMEX.MX": 1126.9400177001953, "OMAB.MX": 1051.20002746582, "ORBIA.MX": 440.09998321533203}, "pct": {"ACCELSAB.MX": 0.640911835084934, "BAFARB.MX": 0.11952402159901893, "MEGACPO.MX": 0.043429528265327234, "VALUEGFO.MX": 0.03972902887321232, "GRUMAB.MX": 0.0346988103771344, "DINEA.MX": 0.024090851025810347, "WMT.MX": 0.014353137563913113, "HERDEZ.MX": 0.02023690136756236, "FRES.MX": 0.01826920109244232, "ALPEKA.MX": 0.01503140170086831, "CERAMICB.MX": 0.010547529789348404, "AEROMEX.MX": 0.008254467644098352, "OMAB.MX": 0.007699696947402498, "ORBIA.MX": 0.003223588668927394}}