{"allocation": {"ACCELSAB.MX": 4391, "GFMULTIO.MX": 682, "CERAMICB.MX": 164, "WMT.MX": 3, "VALUEGFO.MX": 46, "BAFARB.MX": 63, "KUOB.MX": 52, "FRAGUAB.MX": 9, "GCARSOA1.MX": 27, "GRUMAB.MX": 9, "TS.MX": 5, "OMAB.MX": 8, "GNP.MX": 19, "CYDSASAA.MX": 5, "ASURB.MX": 1, "PINFRA.MX": 1, "MEDICAB.MX": 3, "HERDEZ.MX": 1, "GCC.MX": 1, "VOLARA.MX": 2, "ALPEKA.MX": 1, "MONEXB.MX": 3, "MEGACPO.MX": 1, "AMXL.MX": 2, "DINEA.MX": 3, "ALFAA.MX": 1, "LALAB.MX": 1}, "qty": {"ACCELSAB.MX": 93528.29664993286, "GFMULTIO.MX": 8866.0, "CERAMICB.MX": 7872.0, "WMT.MX": 5970.0, "VALUEGFO.MX": 5198.0, "BAFARB.MX": 2583.0, "KUOB.MX": 2515.760055541992, "FRAGUAB.MX": 2341.3499450683594, "GCARSOA1.MX": 1947.5099258422852, "GRUMAB.MX": 1682.1900329589841, "TS.MX": 1257.9000091552734, "OMAB.MX": 946.3200073242188, "GNP.MX": 742.8999710083007, "CYDSASAA.MX": 137.5, "ASURB.MX": 309.42999267578125, "PINFRA.MX": 190.80999755859372, "MEDICAB.MX": 77.69999885559083, "HERDEZ.MX": 40.150001525878906, "GCC.MX": 105.52999877929688, "VOLARA.MX": 33.18000030517578, "ALPEKA.MX": 22.1200008392334, "MONEXB.MX": 40.53000068664551, "MEGACPO.MX": 80.91000366210938, "AMXL.MX": 27.579999923706055, "DINEA.MX": 31.5, "ALFAA.MX": 17.889999389648438, "LALAB.MX": 22.84000015258789}, "pct": {"ACCELSAB.MX": 0.6847430426930312, "GFMULTIO.MX": 0.06491010778523328, "CERAMICB.MX": 0.05763279590405554, "WMT.MX": 0.04370779872296895, "VALUEGFO.MX": 0.03805580197018301, "BAFARB.MX": 0.018910761156018224, "KUOB.MX": 0.018418481430973965, "FRAGUAB.MX": 0.0171415832728781, "GCARSOA1.MX": 0.014258186239480533, "GRUMAB.MX": 0.012315715808099795, "TS.MX": 0.009209387003983164, "OMAB.MX": 0.006928235244161717, "GNP.MX": 0.005438948476403731, "CYDSASAA.MX": 0.001006670406098531, "ASURB.MX": 0.002265411028261776, "PINFRA.MX": 0.0013969656562179582, "MEDICAB.MX": 0.0005688602865586401, "HERDEZ.MX": 0.0002939477697520957, "GCC.MX": 0.0007726103761944165, "VOLARA.MX": 0.00024291872277498681, "ALPEKA.MX": 0.00016194581983804314, "MONEXB.MX": 0.00029672983454835764, "MEGACPO.MX": 0.0005923614999561402, "AMXL.MX": 0.0002019197798065064, "DINEA.MX": 0.0002306190384880271, "ALFAA.MX": 0.00013097696691403537, "LALAB.MX": 0.0001672171071192448}}