{"allocation": {"ACCELSAB.MX": 4714, "BAFARB.MX": 331, "FEMSAUBD.MX": 32, "ANB.MX": 2, "GNP.MX": 57, "VALUEGFO.MX": 26, "FRAGUAB.MX": 8, "LABB.MX": 66, "ALPEKA.MX": 29, "MONEXB.MX": 40}, "qty": {"ACCELSAB.MX": 100408.19640350342, "BAFARB.MX": 13736.5, "FEMSAUBD.MX": 5563.52001953125, "ANB.MX": 3838.159912109375, "GNP.MX": 2280.0, "VALUEGFO.MX": 2171.0, "FRAGUAB.MX": 1920.0, "LABB.MX": 1153.6799697875977, "ALPEKA.MX": 599.1399955749512, "MONEXB.MX": 480.0}, "pct": {"ACCELSAB.MX": 0.7598036114541776, "BAFARB.MX": 0.10394611876900664, "FEMSAUBD.MX": 0.04209997544672525, "ANB.MX": 0.029043921383071464, "GNP.MX": 0.017253095824506615, "VALUEGFO.MX": 0.016428276769738535, "FRAGUAB.MX": 0.01452892279958452, "LABB.MX": 0.00873006625857865, "ALPEKA.MX": 0.004533780594714518, "MONEXB.MX": 0.00363223069989613}}