{"allocation": {"ACCELSAB.MX": 5084, "GFMULTIO.MX": 927, "PASAB.MX": 252, "WMT.MX": 2, "GRUMAB.MX": 15, "DINEA.MX": 194, "FRES.MX": 6, "BSMXB.MX": 31, "POCHTECB.MX": 102, "BAFARB.MX": 11, "TS.MX": 2, "MEGACPO.MX": 4, "GAPB.MX": 2, "KUOB.MX": 3, "VOLARA.MX": 8, "OMAB.MX": 1, "ASURB.MX": 1, "LALAB.MX": 3, "GCC.MX": 1, "FEMSAUBD.MX": 1, "CHDRAUIB.MX": 2, "SIMECB.MX": 1, "ARA.MX": 7, "GISSAA.MX": 1, "GFINBURO.MX": 1, "ALEATIC.MX": 1, "AMXL.MX": 1}, "qty": {"ACCELSAB.MX": 103713.59806060792, "GFMULTIO.MX": 12051.0, "PASAB.MX": 4964.400192260742, "WMT.MX": 3774.0, "GRUMAB.MX": 2972.999954223633, "DINEA.MX": 2134.0, "FRES.MX": 1247.1000366210935, "BSMXB.MX": 822.4300212860107, "POCHTECB.MX": 668.100019454956, "BAFARB.MX": 451.0, "TS.MX": 503.1600036621094, "MEGACPO.MX": 360.2799987792969, "GAPB.MX": 344.6400146484375, "KUOB.MX": 134.39999771118164, "VOLARA.MX": 132.0800018310547, "OMAB.MX": 109.68000030517578, "ASURB.MX": 313.6400146484375, "LALAB.MX": 75.65999794006346, "GCC.MX": 107.12999725341795, "FEMSAUBD.MX": 178.9199981689453, "CHDRAUIB.MX": 75.27999877929688, "SIMECB.MX": 56.02000045776367, "ARA.MX": 34.58000040054321, "GISSAA.MX": 21.299999237060547, "GFINBURO.MX": 26.88999938964844, "ALEATIC.MX": 20.6299991607666, "AMXL.MX": 13.880000114440918}, "pct": {"ACCELSAB.MX": 0.7665069261733233, "GFMULTIO.MX": 0.08906426100381475, "PASAB.MX": 0.03668995390016586, "WMT.MX": 0.0278921683701267, "GRUMAB.MX": 0.021972288099518955, "DINEA.MX": 0.01577156526281144, "FRES.MX": 0.009216832060367438, "BSMXB.MX": 0.006078260897285717, "POCHTECB.MX": 0.004937667787684832, "BAFARB.MX": 0.003333165854511696, "TS.MX": 0.003718660185282756, "MEGACPO.MX": 0.002662689556529197, "GAPB.MX": 0.0025471005075933095, "KUOB.MX": 0.0009932981889520195, "VOLARA.MX": 0.0009761520003705405, "OMAB.MX": 0.0008106022881153976, "ASURB.MX": 0.002317991546418448, "LALAB.MX": 0.0005591736622754873, "GCC.MX": 0.0007917562058514956, "FEMSAUBD.MX": 0.0013223282230288775, "CHDRAUIB.MX": 0.0005563652360506308, "SIMECB.MX": 0.0004140220680610808, "ARA.MX": 0.00025556735384499205, "GISSAA.MX": 0.0001574200225234931, "GFINBURO.MX": 0.00019873354277919408, "ALEATIC.MX": 0.00015246831215359687, "AMXL.MX": 0.00010258169055891996}}