{"allocation": {"ACCELSAB.MX": 3260, "GFMULTIO.MX": 1130, "WMT.MX": 6, "BAFARB.MX": 209, "FRAGUAB.MX": 30, "DINEA.MX": 633, "GENTERA.MX": 367, "VALUEGFO.MX": 32, "TS.MX": 10, "GAPB.MX": 17, "CULTIBAB.MX": 115, "GRUMAB.MX": 7, "VITROA.MX": 23, "MONEXB.MX": 12}, "qty": {"ACCELSAB.MX": 58353.99875640869, "GFMULTIO.MX": 14690.0, "WMT.MX": 11100.0, "BAFARB.MX": 8464.5, "FRAGUAB.MX": 7800.0, "DINEA.MX": 6836.4001207351685, "GENTERA.MX": 5119.649930000305, "VALUEGFO.MX": 3488.0, "TS.MX": 3130.0, "GAPB.MX": 2917.7100830078125, "CULTIBAB.MX": 1730.7500219345093, "GRUMAB.MX": 1630.7900085449219, "VITROA.MX": 1211.1799964904785, "MONEXB.MX": 168.0}, "pct": {"ACCELSAB.MX": 0.4607829097293816, "GFMULTIO.MX": 0.11599720821499358, "WMT.MX": 0.08764935406306526, "BAFARB.MX": 0.06683855472674018, "FRAGUAB.MX": 0.06159143799026208, "DINEA.MX": 0.05398252745036927, "GENTERA.MX": 0.04042648733275172, "VALUEGFO.MX": 0.02754242765513258, "TS.MX": 0.02471553857814363, "GAPB.MX": 0.023039225596299756, "CULTIBAB.MX": 0.013666587519567187, "GRUMAB.MX": 0.012877269446978657, "VITROA.MX": 0.009563886878062712, "MONEXB.MX": 0.0013265848182517986}}