{"allocation": {"ACCELSAB.MX": 4399, "BAFARB.MX": 363, "MEGACPO.MX": 89, "KUOB.MX": 107, "OMAB.MX": 38, "FRES.MX": 16, "VALUEGFO.MX": 33, "WMT.MX": 1, "CULTIBAB.MX": 91, "AXTELCPO.MX": 473, "RCENTROA.MX": 39, "ASURB.MX": 1}, "qty": {"ACCELSAB.MX": 87540.09832191469, "BAFARB.MX": 14701.5, "MEGACPO.MX": 7836.450271606445, "KUOB.MX": 4574.25, "OMAB.MX": 4174.299942016602, "FRES.MX": 3520.0, "VALUEGFO.MX": 3382.5, "WMT.MX": 1916.4599609375, "CULTIBAB.MX": 1365.0, "AXTELCPO.MX": 1314.9399864673615, "RCENTROA.MX": 378.29999256134033, "ASURB.MX": 326.9700012207031}, "pct": {"ACCELSAB.MX": 0.6680881089197357, "BAFARB.MX": 0.1121988382645521, "MEGACPO.MX": 0.059806184171151036, "KUOB.MX": 0.0349097395457353, "OMAB.MX": 0.03185740258218889, "FRES.MX": 0.026863919374976935, "VALUEGFO.MX": 0.025814547524391898, "WMT.MX": 0.01462603007840808, "CULTIBAB.MX": 0.010417400553080543, "AXTELCPO.MX": 0.010035352778236493, "RCENTROA.MX": 0.0028871080965119944, "ASURB.MX": 0.002495368111030988}}