{"allocation": {"ACCELSAB.MX": 4509, "GFMULTIO.MX": 2619, "BIMBOA.MX": 61, "MONEXB.MX": 78, "KUOB.MX": 12, "FRAGUAB.MX": 2, "TMMA.MX": 37, "GNP.MX": 6, "GCARSOA1.MX": 2, "VITROA.MX": 2, "VALUEGFO.MX": 1}, "qty": {"ACCELSAB.MX": 96041.696559906, "GFMULTIO.MX": 34047.0, "BIMBOA.MX": 2441.82992553711, "MONEXB.MX": 959.4000148773193, "KUOB.MX": 575.6400146484375, "FRAGUAB.MX": 509.9800109863282, "TMMA.MX": 273.06000423431396, "GNP.MX": 240.0, "GCARSOA1.MX": 143.1199951171875, "VITROA.MX": 98.4800033569336, "VALUEGFO.MX": 81.5}, "pct": {"ACCELSAB.MX": 0.7092569691496807, "GFMULTIO.MX": 0.2514332096744753, "BIMBOA.MX": 0.01803263534693161, "MONEXB.MX": 0.00708505962646764, "KUOB.MX": 0.0042510358181372405, "FRAGUAB.MX": 0.0037661441839843945, "TMMA.MX": 0.0020165169706100206, "GNP.MX": 0.0017723726120326042, "GCARSOA1.MX": 0.0010569248315830965, "VITROA.MX": 0.0007272635865946168, "VALUEGFO.MX": 0.0006018681995027385}}