{"allocation": {"ACCELSAB.MX": 2523, "GFMULTIO.MX": 2514, "BAFARB.MX": 403, "WMT.MX": 5, "GNP.MX": 177, "VALUEGFO.MX": 40, "POCHTECB.MX": 445, "KUOB.MX": 45, "OMAB.MX": 15, "ICHB.MX": 11, "AZTECACPO.MX": 522}, "qty": {"ACCELSAB.MX": 52125.17961502075, "GFMULTIO.MX": 32682.0, "BAFARB.MX": 16724.5, "WMT.MX": 11515.0, "GNP.MX": 7080.0, "VALUEGFO.MX": 3980.0, "POCHTECB.MX": 3110.549898147583, "KUOB.MX": 2101.9499588012695, "OMAB.MX": 1766.25, "ICHB.MX": 752.1799697875977, "AZTECACPO.MX": 579.4200074672699}, "pct": {"ACCELSAB.MX": 0.3936440791024408, "GFMULTIO.MX": 0.24681115515079552, "BAFARB.MX": 0.12630173074840828, "WMT.MX": 0.08696011417787805, "GNP.MX": 0.053467443194040516, "VALUEGFO.MX": 0.03005655704975724, "POCHTECB.MX": 0.023490557906982262, "KUOB.MX": 0.015873713279508855, "OMAB.MX": 0.013338541178174304, "ICHB.MX": 0.005680386978292866, "AZTECACPO.MX": 0.0043757212337212975}}