{"allocation": {"ACCELSAB.MX": 5360, "CERAMICB.MX": 192, "GFMULTIO.MX": 570, "FRAGUAB.MX": 12, "FEMSAUBD.MX": 18, "MEGACPO.MX": 29, "SIMECB.MX": 23, "AXTELCPO.MX": 250, "GCC.MX": 8, "BIMBOA.MX": 15, "ALPEKA.MX": 24, "VALUEGFO.MX": 3, "TLEVISACPO.MX": 4}, "qty": {"ACCELSAB.MX": 76648.00102233887, "CERAMICB.MX": 9792.0, "GFMULTIO.MX": 7410.0, "FRAGUAB.MX": 3240.0, "FEMSAUBD.MX": 3041.639923095703, "MEGACPO.MX": 2556.0599822998047, "SIMECB.MX": 1407.140007019043, "AXTELCPO.MX": 742.5000071525573, "GCC.MX": 803.5200195312499, "BIMBOA.MX": 587.2500228881836, "ALPEKA.MX": 577.1999816894531, "VALUEGFO.MX": 327.0, "TLEVISACPO.MX": 197.36000061035156}, "pct": {"ACCELSAB.MX": 0.7141361781139999, "CERAMICB.MX": 0.09123292666242198, "GFMULTIO.MX": 0.06903962281133036, "FRAGUAB.MX": 0.03018736543977198, "FEMSAUBD.MX": 0.02833922712799072, "MEGACPO.MX": 0.023815036040636204, "SIMECB.MX": 0.013110447412594801, "AXTELCPO.MX": 0.006917937979922084, "GCC.MX": 0.007486466811037827, "BIMBOA.MX": 0.005471460199209894, "ALPEKA.MX": 0.005377823079965808, "VALUEGFO.MX": 0.003046687808273283, "TLEVISACPO.MX": 0.0018388205128451554}}