{"allocation": {"GFMULTIO.MX": 4856, "ACCELSAB.MX": 1027, "BAFARB.MX": 339, "WMT.MX": 4, "GNP.MX": 198, "POCHTECB.MX": 529, "VALUEGFO.MX": 37, "KUOB.MX": 55, "RCENTROA.MX": 360, "FRAGUAB.MX": 5, "ICHB.MX": 13, "BACHOCOB.MX": 8, "TS.MX": 3, "CHDRAUIB.MX": 21, "MONEXB.MX": 27, "CMOCTEZ.MX": 3}, "qty": {"GFMULTIO.MX": 63128.0, "ACCELSAB.MX": 20540.0, "BAFARB.MX": 14068.5, "WMT.MX": 9371.400390625, "GNP.MX": 7920.0, "POCHTECB.MX": 3703.0, "VALUEGFO.MX": 3441.0, "KUOB.MX": 2666.950092315674, "RCENTROA.MX": 2268.000068664551, "FRAGUAB.MX": 1150.0, "ICHB.MX": 1039.4799880981445, "BACHOCOB.MX": 694.8800048828125, "TS.MX": 654.0, "CHDRAUIB.MX": 648.0600128173827, "MONEXB.MX": 324.0, "CMOCTEZ.MX": 174.0}, "pct": {"GFMULTIO.MX": 0.47899985889053026, "ACCELSAB.MX": 0.1558525076291264, "BAFARB.MX": 0.10674834486759321, "WMT.MX": 0.07110789926365535, "GNP.MX": 0.0600950272844538, "POCHTECB.MX": 0.028097460357870255, "VALUEGFO.MX": 0.026109468293662313, "KUOB.MX": 0.020236166485351894, "RCENTROA.MX": 0.017209031061557988, "FRAGUAB.MX": 0.008725919365798217, "ICHB.MX": 0.007887320485656782, "BACHOCOB.MX": 0.005272579905663385, "TS.MX": 0.004962392404549594, "CHDRAUIB.MX": 0.004917321231341426, "MONEXB.MX": 0.0024584329343640193, "CMOCTEZ.MX": 0.0013202695388251215}}