{"allocation": {"GFMULTIO.MX": 7404, "ACCELSAB.MX": 592, "GNP.MX": 167, "BACHOCOB.MX": 35, "FRAGUAB.MX": 13, "ANB.MX": 2, "MONEXB.MX": 207, "BAFARB.MX": 58, "GISSAA.MX": 68, "BOLSAA.MX": 36, "FRES.MX": 2, "ALPEKA.MX": 2}, "qty": {"GFMULTIO.MX": 96252.0, "ACCELSAB.MX": 11899.200225830078, "GNP.MX": 6847.0, "BACHOCOB.MX": 3023.299903869629, "FRAGUAB.MX": 2990.0, "ANB.MX": 3097.199951171875, "MONEXB.MX": 2484.0, "BAFARB.MX": 2407.0, "GISSAA.MX": 1631.3199844360352, "BOLSAA.MX": 1518.4800109863281, "FRES.MX": 354.0, "ALPEKA.MX": 41.43999862670898}, "pct": {"GFMULTIO.MX": 0.7261838886161466, "ACCELSAB.MX": 0.08977483575837816, "GNP.MX": 0.051657950851460285, "BACHOCOB.MX": 0.022809621417164, "FRAGUAB.MX": 0.02255838659936706, "ANB.MX": 0.023367168519757838, "MONEXB.MX": 0.018740813482551095, "BAFARB.MX": 0.018159878443035623, "GISSAA.MX": 0.012307674540528942, "BOLSAA.MX": 0.011456340846568805, "FRES.MX": 0.002670792259590615, "ALPEKA.MX": 0.0003126486654510171}}