{"allocation": {"GFMULTIO.MX": 7023, "ACCELSAB.MX": 858, "BAFARB.MX": 185, "WMT.MX": 2, "GNP.MX": 124, "MONEXB.MX": 135, "FRAGUAB.MX": 6, "AXTELCPO.MX": 254, "ANB.MX": 1, "FRES.MX": 3, "GISSAA.MX": 23, "BACHOCOB.MX": 2, "CERAMICB.MX": 2}, "qty": {"GFMULTIO.MX": 91299.0, "ACCELSAB.MX": 17237.22013092041, "BAFARB.MX": 7585.0, "WMT.MX": 4343.7998046875, "GNP.MX": 5084.0, "MONEXB.MX": 1620.0, "FRAGUAB.MX": 1423.5, "AXTELCPO.MX": 810.2600145339966, "ANB.MX": 1422.0999755859375, "FRES.MX": 475.4849853515625, "GISSAA.MX": 503.9299964904785, "BACHOCOB.MX": 151.42999267578125, "CERAMICB.MX": 95.9000015258789}, "pct": {"GFMULTIO.MX": 0.6913886903543522, "ACCELSAB.MX": 0.13053394945910404, "BAFARB.MX": 0.057439656692162694, "WMT.MX": 0.0328947092314744, "GNP.MX": 0.038500094215287425, "MONEXB.MX": 0.012267929313289858, "FRAGUAB.MX": 0.010779874924363032, "AXTELCPO.MX": 0.006135933693634742, "ANB.MX": 0.010769272825258958, "FRES.MX": 0.003600750734459032, "GISSAA.MX": 0.00381615899740222, "BACHOCOB.MX": 0.0011467484234928922, "CERAMICB.MX": 0.0007262311357184395}}