{"allocation": {"BAFARB.MX": 1036, "ACCELSAB.MX": 1790, "GNP.MX": 122, "WMT.MX": 3, "FRAGUAB.MX": 21, "BACHOCOB.MX": 54, "FRES.MX": 7, "KUOB.MX": 41, "LABB.MX": 66, "AC.MX": 10, "MAXCOMA.MX": 271}, "qty": {"BAFARB.MX": 40404.0, "ACCELSAB.MX": 32220.0, "GNP.MX": 14030.0, "WMT.MX": 8789.25, "FRAGUAB.MX": 4578.0, "BACHOCOB.MX": 3586.679901123047, "FRES.MX": 2235.0999145507812, "KUOB.MX": 1886.0, "LABB.MX": 1241.4599647521973, "AC.MX": 923.4999847412109, "MAXCOMA.MX": 327.91001033782965}, "pct": {"BAFARB.MX": 0.3665696207586063, "ACCELSAB.MX": 0.2923194035452503, "GNP.MX": 0.12728867882494915, "WMT.MX": 0.07974141271291407, "FRAGUAB.MX": 0.04153439569925996, "BACHOCOB.MX": 0.03254053784618331, "FRES.MX": 0.020278183547036758, "KUOB.MX": 0.017110937153517757, "LABB.MX": 0.011263278597817188, "AC.MX": 0.008378552598187415, "MAXCOMA.MX": 0.0029749987162778157}}