{"allocation": {"GFMULTIO.MX": 9913, "GNP.MX": 15, "MONEXB.MX": 34, "AXTELCPO.MX": 26, "AMXL.MX": 3}, "qty": {"GFMULTIO.MX": 127877.69621849059, "GNP.MX": 817.5, "MONEXB.MX": 431.79999351501465, "AXTELCPO.MX": 102.44000148773193, "AMXL.MX": 44.25}, "pct": {"GFMULTIO.MX": 0.9892012826748261, "GNP.MX": 0.006323792752764182, "MONEXB.MX": 0.003340200207503205, "AXTELCPO.MX": 0.0007924273259954387, "AMXL.MX": 0.00034229703891108874}}