{"allocation": {"GFMULTIO.MX": 9726, "BAFARB.MX": 60, "GNP.MX": 13, "AMXL.MX": 31, "AXTELCPO.MX": 38, "LABB.MX": 4}, "qty": {"GFMULTIO.MX": 125465.39628982542, "BAFARB.MX": 2400.0, "GNP.MX": 570.7000198364258, "AMXL.MX": 452.6000118255616, "AXTELCPO.MX": 106.3999981880188, "LABB.MX": 77.63999938964844}, "pct": {"GFMULTIO.MX": 0.9720518822788231, "BAFARB.MX": 0.018594166889491292, "GNP.MX": 0.004421538088614371, "AMXL.MX": 0.0035065500641959266, "AXTELCPO.MX": 0.000824341384728997, "LABB.MX": 0.0006015212941463021}}