{"allocation": {"GFMULTIO.MX": 9068, "ACCELSAB.MX": 280, "GNP.MX": 36, "KUOB.MX": 24, "CMOCTEZ.MX": 18, "SIMECB.MX": 11, "FRAGUAB.MX": 1, "TLEVISACPO.MX": 3}, "qty": {"GFMULTIO.MX": 116977.1965408325, "ACCELSAB.MX": 5040.0, "GNP.MX": 2178.0, "KUOB.MX": 1199.7600402832031, "CMOCTEZ.MX": 846.0, "SIMECB.MX": 513.2599983215332, "FRAGUAB.MX": 215.0, "TLEVISACPO.MX": 74.69999885559083}, "pct": {"GFMULTIO.MX": 0.9207618884194542, "ACCELSAB.MX": 0.039671321034045894, "GNP.MX": 0.017143678018284116, "KUOB.MX": 0.009443663833709282, "CMOCTEZ.MX": 0.006659114602143417, "SIMECB.MX": 0.004040020271299087, "FRAGUAB.MX": 0.0016923281790317197, "TLEVISACPO.MX": 0.0005879856420323422}}