{"allocation": {"GFMULTIO.MX": 5713, "ACCELSAB.MX": 1357, "GNP.MX": 218, "WMT.MX": 3, "BAFARB.MX": 116, "FRAGUAB.MX": 11, "AXTELCPO.MX": 518, "BACHOCOB.MX": 28, "SIMECB.MX": 18, "DINEA.MX": 84, "BSMXB.MX": 26, "OMAB.MX": 4, "SORIANAB.MX": 11, "PE&OLES.MX": 1}, "qty": {"GFMULTIO.MX": 74269.0, "ACCELSAB.MX": 27004.299482345585, "GNP.MX": 8938.0, "WMT.MX": 6240.0, "BAFARB.MX": 4756.0, "FRAGUAB.MX": 2640.0, "AXTELCPO.MX": 2217.040108680725, "BACHOCOB.MX": 1972.5999145507812, "SIMECB.MX": 1112.039978027344, "DINEA.MX": 908.0400352478027, "BSMXB.MX": 654.940013885498, "OMAB.MX": 517.0800170898438, "SORIANAB.MX": 237.04999160766602, "PE&OLES.MX": 177.44000244140625}, "pct": {"GFMULTIO.MX": 0.5641674927535745, "ACCELSAB.MX": 0.2051319922514314, "GNP.MX": 0.06789547523504354, "WMT.MX": 0.04740073455657549, "BAFARB.MX": 0.036127867556261704, "FRAGUAB.MX": 0.020054156927781938, "AXTELCPO.MX": 0.016841238732829538, "BACHOCOB.MX": 0.014984404637170684, "SIMECB.MX": 0.008447357662624066, "DINEA.MX": 0.006897718698321242, "BSMXB.MX": 0.004975102203311916, "OMAB.MX": 0.0039278802299014745, "SORIANAB.MX": 0.0018006961103899718, "PE&OLES.MX": 0.0013478824447825648}}