{"allocation": {"GFMULTIO.MX": 6547, "BAFARB.MX": 423, "ACCELSAB.MX": 643, "WMT.MX": 2, "GNP.MX": 88, "AXTELCPO.MX": 505, "CREAL.MX": 70, "SIMECB.MX": 15, "BSMXB.MX": 47, "AC.MX": 3, "LABB.MX": 3}, "qty": {"GFMULTIO.MX": 84456.29750251769, "BAFARB.MX": 17343.0, "ACCELSAB.MX": 11291.079656600952, "WMT.MX": 5400.0, "GNP.MX": 3608.0, "AXTELCPO.MX": 1439.249951839447, "CREAL.MX": 1231.3000106811523, "SIMECB.MX": 840.0, "BSMXB.MX": 735.0800161361694, "AC.MX": 286.8300018310547, "LABB.MX": 56.610002517700195}, "pct": {"GFMULTIO.MX": 0.6666508751081746, "BAFARB.MX": 0.1368959623958937, "ACCELSAB.MX": 0.08912548094788009, "WMT.MX": 0.04262458611185066, "GNP.MX": 0.028479538276214293, "AXTELCPO.MX": 0.01136063583493656, "CREAL.MX": 0.009719195062000262, "SIMECB.MX": 0.006630491172954547, "BSMXB.MX": 0.005802311379054949, "AC.MX": 0.0022640759467611247, "LABB.MX": 0.00044684776427922124}}