{"allocation": {"GFMULTIO.MX": 9737, "BAFARB.MX": 58, "GNP.MX": 16, "BACHOCOB.MX": 3, "KUOB.MX": 2, "CULTIBAB.MX": 6, "ICHB.MX": 1}, "qty": {"GFMULTIO.MX": 125607.29628562926, "BAFARB.MX": 2320.0, "GNP.MX": 736.0, "BACHOCOB.MX": 202.67999267578125, "KUOB.MX": 95.37999725341795, "CULTIBAB.MX": 63.899997711181626, "ICHB.MX": 78.30999755859375}, "pct": {"GFMULTIO.MX": 0.9729188736904089, "BAFARB.MX": 0.01797006904621982, "GNP.MX": 0.00570084949052491, "BACHOCOB.MX": 0.0015699023545996194, "KUOB.MX": 0.0007387866966690421, "CULTIBAB.MX": 0.0004949514529841476, "ICHB.MX": 0.000606567268593636}}