{"allocation": {"GFMULTIO.MX": 9398, "BAFARB.MX": 118, "GNP.MX": 14, "MONEXB.MX": 53, "KUOB.MX": 10, "GENTERA.MX": 62, "Q.MX": 4, "FRAGUAB.MX": 2, "IENOVA.MX": 2}, "qty": {"GFMULTIO.MX": 121234.1964149475, "BAFARB.MX": 4838.0, "GNP.MX": 1260.0, "MONEXB.MX": 625.4000101089478, "KUOB.MX": 479.7999954223633, "GENTERA.MX": 445.15998935699463, "Q.MX": 344.1600036621094, "FRAGUAB.MX": 437.0, "IENOVA.MX": 128.17999267578125}, "pct": {"GFMULTIO.MX": 0.9340659915743466, "BAFARB.MX": 0.0372750544060151, "GNP.MX": 0.009707847985030804, "MONEXB.MX": 0.004818482720614597, "KUOB.MX": 0.0036966868403006175, "GENTERA.MX": 0.00342979802039336, "Q.MX": 0.0026516293635550814, "FRAGUAB.MX": 0.003366928229728937, "IENOVA.MX": 0.0009875808600149573}}