{"allocation": {"GFMULTIO.MX": 8122, "ACCELSAB.MX": 503, "GNP.MX": 141, "MONEXB.MX": 191, "BACHOCOB.MX": 25, "CERAMICB.MX": 30, "GRUMAB.MX": 7, "FRAGUAB.MX": 5, "ANB.MX": 1, "GFINBURO.MX": 40, "FRES.MX": 1}, "qty": {"GFMULTIO.MX": 105586.0, "ACCELSAB.MX": 10009.69980812073, "GNP.MX": 5781.0, "MONEXB.MX": 2292.0, "BACHOCOB.MX": 2084.749984741211, "CERAMICB.MX": 1438.5000228881836, "GRUMAB.MX": 1366.6099700927732, "FRAGUAB.MX": 1225.0, "ANB.MX": 1566.25, "GFINBURO.MX": 921.9999694824219, "FRES.MX": 159.66000366210938}, "pct": {"GFMULTIO.MX": 0.7972878364346209, "ACCELSAB.MX": 0.07558399696339113, "GNP.MX": 0.043652766298832635, "MONEXB.MX": 0.017307064583449994, "BACHOCOB.MX": 0.015742104112679983, "CERAMICB.MX": 0.01086222198927578, "GRUMAB.MX": 0.010319374787426828, "FRAGUAB.MX": 0.009250067240281955, "ANB.MX": 0.01182687168578907, "GFINBURO.MX": 0.006962091194490051, "FRES.MX": 0.0012056047097617755}}