{"allocation": {"GFMULTIO.MX": 9091, "FRAGUAB.MX": 17, "WMT.MX": 1, "MONEXB.MX": 185, "GNP.MX": 15, "Q.MX": 11, "FRES.MX": 2, "AXTELCPO.MX": 80, "BSMXB.MX": 16, "URBI.MX": 14, "VALUEGFO.MX": 2, "BACHOCOB.MX": 2}, "qty": {"GFMULTIO.MX": 117273.8965320587, "FRAGUAB.MX": 3740.0, "WMT.MX": 3099.0, "MONEXB.MX": 1885.1499223709106, "GNP.MX": 1440.4499816894531, "Q.MX": 917.2899932861328, "FRES.MX": 658.0800170898438, "AXTELCPO.MX": 562.400016784668, "BSMXB.MX": 225.11999511718753, "URBI.MX": 191.7999973297119, "VALUEGFO.MX": 173.02000427246094, "BACHOCOB.MX": 140.05999755859375}, "pct": {"GFMULTIO.MX": 0.8999866216737645, "FRAGUAB.MX": 0.028701612759491988, "WMT.MX": 0.02378243260472344, "MONEXB.MX": 0.014467070338362637, "GNP.MX": 0.011054341597290912, "Q.MX": 0.007039492560282243, "FRES.MX": 0.005050256100340258, "AXTELCPO.MX": 0.004315985961947951, "BSMXB.MX": 0.0017276221722653058, "URBI.MX": 0.0014719169119328847, "VALUEGFO.MX": 0.001327794963174819, "BACHOCOB.MX": 0.001074852356423035}}