{"ACCELSAB.MX": 0.010610479462494424, "ACTINVRB.MX": -0.022854502609038742, "AEROMEX.MX": 0.06774931603563104, "OMAB.MX": 0.033420671372141955, "GAPB.MX": 0.013412101736980908, "ASURB.MX": 0.026653057850531434, "ALEATIC.MX": -0.012454782339474314, "ALFAA.MX": 0.018033400808902735, "ALPEKA.MX": -0.03997784477290254, "AMXL.MX": 0.027458585058814818, "ARA.MX": -0.022052973214643487, "AC.MX": 0.006831381967037246, "AUTLANB.MX": 0.010856853326768721, "AXTELCPO.MX": 0.025048477029294216, "AZTECACPO.MX": -0.08214443533754227, "BACHOCOB.MX": -0.03281391609399488, "BAFARB.MX": -0.00695624266759926, "GFNORTEO.MX": 0.04614671990187319, "BBVA.MX": 0.04073571934316476, "BIMBOA.MX": 0.010654800203167843, "BOLSAA.MX": -0.02615678345690334, "GCARSOA1.MX": -0.003935854653037268, "GCC.MX": 0.010601016925093448, "CEMEXCPO.MX": 0.05179570409565771, "CERAMICB.MX": 0.013828075517960486, "CHDRAUIB.MX": 0.04407864075595902, "CULTIBAB.MX": -0.05806865800284983, "CYDSASAA.MX": 0.03589271177451571, "DINEA.MX": -0.0673731628329743, "FEMSAUBD.MX": 0.026625879405007612, "FINAMEXO.MX": 0.0007973060907450325, "FRAGUAB.MX": -0.06669002951107926, "FRES.MX": -0.04185523638001575, "GBMO.MX": -0.0043282620073077545, "LABB.MX": 0.004558416908970939, "GENTERA.MX": 0.06511053439695859, "GISSAA.MX": 0.04123192535732381, "GMD.MX": 0.012495493377411477, "GNP.MX": 0.0024671613560690673, "GMEXICOB.MX": -0.019256256365698686, "HERDEZ.MX": -0.01013508142491363, "HOMEX.MX": 0.30439041776052184, "GFINBURO.MX": -0.014025742752006813, "ICHB.MX": -0.06655515589034668, "PE&OLES.MX": 0.10563363658494146, "KUOB.MX": 0.020816986748579937, "LAMOSA.MX": 0.016508784158805037, "GRUMAB.MX": -0.013737678137529227, "MEDICAB.MX": 0.04529255960979305, "MEGACPO.MX": 0.012852309382203346, "MFRISCOA-1.MX": 0.0086281832678375, "CMOCTEZ.MX": 0.030901133470389967, "MONEXB.MX": -0.09115112930591703, "GFMULTIO.MX": 0.001457636529998113, "ORBIA.MX": 0.0019866390257195243, "PINFRA.MX": 0.07757002749869604, "PASAB.MX": 0.0026924440811616924, "TEAKCPO.MX": 0.008403322329546799, "RCENTROA.MX": 0.004327373124739491, "RA.MX": 0.04273614593182663, "BSMXB.MX": 0.009090735669797997, "SIMECB.MX": -0.02150707300528332, "SORIANAB.MX": 0.007724363215762219, "TLEVISACPO.MX": 0.09574746172094219, "TS.MX": -0.03251283233418121, "TMMA.MX": 0.22848475954755315, "URBI.MX": -0.06192850821739601, "VALUEGFO.MX": 0.016296895306852813, "VESTA.MX": 0.006965196568318097, "VITROA.MX": 0.13374711775605796, "WMT.MX": -0.01990452198515336}