{"ACCELSAB.MX": 0.002566167777176469, "ACTINVRB.MX": -0.02457280978354135, "AEROMEX.MX": 0.006213450491298554, "OMAB.MX": 0.032365554476157875, "GAPB.MX": -0.007891959186876083, "ASURB.MX": 0.026079313350568224, "ALEATIC.MX": -0.10946203623647568, "ALFAA.MX": -0.01431997273294119, "ALPEKA.MX": 0.041602418105068734, "AMXL.MX": 0.015529634055774202, "ARA.MX": -0.01393464516057839, "AC.MX": 0.0014226870996071673, "AUTLANB.MX": -0.02734747068092605, "AXTELCPO.MX": 0.015319793243520617, "AZTECACPO.MX": -0.06222875170959434, "BACHOCOB.MX": -0.017374977454885875, "BAFARB.MX": -0.0064858763063229685, "GFNORTEO.MX": 0.05022195780674274, "BBVA.MX": 0.008476438866832844, "BIMBOA.MX": 0.006453071651316443, "BOLSAA.MX": -0.041484397991376244, "GCARSOA1.MX": 0.018330886849850708, "GCC.MX": 0.02562743212838752, "CEMEXCPO.MX": 0.049407295166854076, "CERAMICB.MX": 0.00716069551031377, "CHDRAUIB.MX": -0.02562945054924356, "CREAL.MX": 0.013185639366291255, "CULTIBAB.MX": -0.03460632850534811, "CYDSASAA.MX": 0.015583627665507296, "DINEA.MX": -0.007091756876601194, "FEMSAUBD.MX": -0.004824018893316719, "FINAMEXO.MX": -0.001602289026433833, "FRAGUAB.MX": -0.04705662161275439, "FRES.MX": -0.008827698651926402, "GBMO.MX": 0.0026596991243153447, "LABB.MX": 0.006991974515420188, "GENTERA.MX": 0.0634559066548492, "GISSAA.MX": 0.018972798743886455, "GMD.MX": 0.021374323750757766, "GNP.MX": 0.015897971018774996, "GMEXICOB.MX": -0.03940761209554142, "HERDEZ.MX": -0.04689477191405089, "HOMEX.MX": 0.282099428318457, "GFINBURO.MX": -0.0269984701550855, "ICHB.MX": -0.023693975188439676, "PE&OLES.MX": 0.2583480474691522, "KUOB.MX": 0.000266373295824458, "LAMOSA.MX": -0.023578813098292743, "GRUMAB.MX": 0.027703422675127615, "MEDICAB.MX": 0.024535337495151376, "MEGACPO.MX": 0.009233538661789964, "MFRISCOA-1.MX": 0.0787563747491953, "CMOCTEZ.MX": 0.019957042346598345, "MONEXB.MX": -0.0045949965605800456, "GFMULTIO.MX": 0.003809524890787257, "ORBIA.MX": -0.008864734289223401, "PINFRA.MX": 0.008435314474084313, "PASAB.MX": 0.012962263704994844, "TEAKCPO.MX": 0.021575189289945937, "RCENTROA.MX": -0.025573312771389155, "RA.MX": 0.05468038477489027, "BSMXB.MX": 0.054457319431185265, "SIMECB.MX": 0.04249261139963692, "SORIANAB.MX": -0.006307145924628652, "TLEVISACPO.MX": 0.04032868664687822, "TS.MX": -0.08710892530316215, "TMMA.MX": 0.05963274119102699, "VALUEGFO.MX": 0.009417230508274619, "VESTA.MX": 0.027967805240079694, "VITROA.MX": 0.13140056007941828, "WMT.MX": -0.025422002972420657}