{"ACCELSAB.MX": 0.0016002972375776892, "ACTINVRB.MX": 0.009969318962575196, "AEROMEX.MX": -0.014335119045826138, "OMAB.MX": 0.07683710294292698, "GAPB.MX": 0.042732069779338494, "ASURB.MX": -0.0067454856546690515, "ALEATIC.MX": -0.023474563760501985, "ALFAA.MX": 0.015447172853898001, "ALPEKA.MX": -0.038902508468977984, "AMXL.MX": -0.03391234207365566, "ARA.MX": 0.014163775468510907, "AC.MX": -0.017439214106528236, "AUTLANB.MX": 0.026965318705223763, "AXTELCPO.MX": 0.11722829455812742, "AZTECACPO.MX": -0.05416691213517831, "BACHOCOB.MX": 0.004790835536015079, "BAFARB.MX": -0.007711650200786993, "GFNORTEO.MX": -0.015017022636888892, "BBVA.MX": -0.044009113516775784, "BIMBOA.MX": 0.009333257662666905, "BOLSAA.MX": 0.08633324552178895, "GCARSOA1.MX": 0.02765986891546224, "GCC.MX": 0.04760344183249625, "CEMEXCPO.MX": -0.001957191939814684, "CHDRAUIB.MX": 0.019575637233455855, "CREAL.MX": 0.04653072915146256, "CULTIBAB.MX": -0.0031414110952263773, "CYDSASAA.MX": 0.010731881371907614, "DINEA.MX": 0.03635952388857112, "FEMSAUBD.MX": 0.017388990629777876, "FINAMEXO.MX": -0.00034091255881570917, "FRAGUAB.MX": 0.017956954447330965, "FRES.MX": -0.13300838900599884, "GBMO.MX": -0.0036420695496978306, "LABB.MX": 0.016368480494756657, "GENTERA.MX": -0.03319353781156027, "GISSAA.MX": 0.010793095759164897, "GMD.MX": 0.003459289152191547, "GNP.MX": 0.0011655089863874069, "GMEXICOB.MX": 0.053089928726293305, "HERDEZ.MX": 0.021332083686807904, "HOMEX.MX": -0.08315695894282248, "IENOVA.MX": 0.04894275261696439, "GFINBURO.MX": 0.08715227540885223, "ICHB.MX": 0.07759029722325211, "PE&OLES.MX": 0.0026435204740535667, "KUOB.MX": -0.01202570438383058, "LAMOSA.MX": 0.02150269960441955, "GRUMAB.MX": 0.02477077745691419, "MEDICAB.MX": 0.06568358243348761, "MEGACPO.MX": 0.03227337450029954, "MFRISCOA-1.MX": -0.034987060013265375, "CMOCTEZ.MX": 0.02589812037712214, "MONEXB.MX": -0.028633328240390544, "GFMULTIO.MX": 0.09031411977880255, "ORBIA.MX": 0.05835267936233996, "PINFRA.MX": -0.01075401400471811, "POCHTECB.MX": -0.08217686479994114, "PASAB.MX": 0.009529389389168209, "TEAKCPO.MX": -0.051445065792154375, "RCENTROA.MX": -0.05506367800539889, "RA.MX": 0.03169531481788933, "BSMXB.MX": 0.022609225708877145, "SIMECB.MX": 0.009520289421355186, "SORIANAB.MX": 0.023035971490468175, "TLEVISACPO.MX": 0.04976850930599461, "TS.MX": 0.020261959160060846, "TMMA.MX": 0.09665910868621658, "URBI.MX": -0.12883153251690385, "VALUEGFO.MX": -0.008909383023700493, "VESTA.MX": 0.005733702437321341, "VITROA.MX": 0.03928832465557499, "WMT.MX": -0.044035425094883306}