{"ACCELSAB.MX": 0.0016963769077301882, "ACTINVRB.MX": -0.022854502609038742, "AEROMEX.MX": -0.0007999834285563445, "OMAB.MX": -0.027278658369175666, "GAPB.MX": 0.0696164398213334, "ASURB.MX": 0.021920042081466827, "ALEATIC.MX": 0.036660184659464835, "ALFAA.MX": 0.014021590904266374, "ALPEKA.MX": 0.013349301292318977, "AMXL.MX": 0.00241428286080148, "ARA.MX": 0.021443723219602476, "AC.MX": 0.05631925631001983, "AUTLANB.MX": 0.015299834987520682, "AXTELCPO.MX": -0.054722986255374355, "AZTECACPO.MX": 0.03720710483926313, "BACHOCOB.MX": 0.0367512660328489, "BAFARB.MX": -0.002199229594626486, "GFNORTEO.MX": 0.021219882670411368, "BBVA.MX": 0.0034061458019608894, "BIMBOA.MX": 0.024730322667074946, "BOLSAA.MX": -0.004170134986588201, "GCARSOA1.MX": 0.0053386273958587445, "CEMEXCPO.MX": -0.0019102567185246744, "CERAMICB.MX": 0.03667349291416342, "CHDRAUIB.MX": -0.0284408362039288, "CREAL.MX": -0.007904397236717809, "CULTIBAB.MX": -0.03460632850534811, "CYDSASAA.MX": 0.046976749276491925, "DINEA.MX": 0.039426091682121044, "FEMSAUBD.MX": 0.01246913847193996, "FINAMEXO.MX": -0.0010227376764471274, "FRAGUAB.MX": -0.013227304409021583, "FRES.MX": 0.011984225044961215, "GBMO.MX": -0.0043282620073077545, "LABB.MX": -0.1367905326152636, "GENTERA.MX": -0.26988067116812187, "GISSAA.MX": -0.05205563353786149, "GMD.MX": -0.006052791448232942, "GNP.MX": 0.001064286263416, "GMEXICOB.MX": 0.06340254479308155, "HERDEZ.MX": 0.04985360849230768, "HOMEX.MX": -0.1153392004026292, "IENOVA.MX": 0.04913231578646879, "GFINBURO.MX": 0.057694055476047605, "ICHB.MX": -0.031017656501474044, "PE&OLES.MX": 0.00814635782112621, "KUOB.MX": 0.018308587391382868, "LAMOSA.MX": 0.08627927283634546, "GRUMAB.MX": -0.059122498290656474, "MEDICAB.MX": 0.03946147423015814, "MEGACPO.MX": 0.009764827462074075, "MFRISCOA-1.MX": 0.15598137749499827, "CMOCTEZ.MX": 0.019338248817818794, "MONEXB.MX": -0.03003352541358619, "GFMULTIO.MX": 0.015062341410341476, "ORBIA.MX": 0.0034367649203325377, "PINFRA.MX": -0.0038110937482006366, "PASAB.MX": 0.008318701682633756, "TEAKCPO.MX": -0.009509855886707124, "RCENTROA.MX": -0.01883460908509221, "RA.MX": -0.03294059822099539, "BSMXB.MX": -0.025350141217750827, "SIMECB.MX": 0.018313233648009842, "SORIANAB.MX": -0.018783760461368426, "TLEVISACPO.MX": -0.003609113513388452, "TS.MX": 0.03844540665362639, "TMMA.MX": -0.07634434259523971, "URBI.MX": 0.04109350463190368, "VALUEGFO.MX": 0.029191732797417075, "VESTA.MX": -0.0050936312713840215, "VITROA.MX": 0.07117281063901117, "WMT.MX": -0.011492994798381128}