{"ACCELSAB.MX": 0.008147657050806213, "ACTINVRB.MX": -0.022854502609038742, "AEROMEX.MX": -0.01725529663250383, "OMAB.MX": 0.04756420127402621, "GAPB.MX": 0.01681539317394908, "ASURB.MX": -0.008728150999678407, "ALEATIC.MX": 0.02958938287224376, "ALFAA.MX": -0.01606289987850059, "ALPEKA.MX": -0.06615680854487822, "AMXL.MX": -0.0003190485187379155, "ARA.MX": -0.014476088573343539, "AC.MX": -0.014727137736424338, "AUTLANB.MX": 0.026840433691681324, "AXTELCPO.MX": -0.062010551330053426, "AZTECACPO.MX": 0.008772934814945545, "BACHOCOB.MX": 0.004959329288285833, "BAFARB.MX": -0.010811363218099142, "GFNORTEO.MX": 0.00845959071101129, "BBVA.MX": -0.026822130796996958, "BIMBOA.MX": -0.02313993695425328, "BOLSAA.MX": -0.04656279300048228, "GCARSOA1.MX": -0.09479508165828712, "GCC.MX": 0.10470386827085779, "CEMEXCPO.MX": 0.017738687886503148, "CERAMICB.MX": 0.011175349051376522, "CHDRAUIB.MX": -0.01159199058935983, "CREAL.MX": 0.010518108198956442, "CULTIBAB.MX": -0.03492321726934171, "CYDSASAA.MX": 0.019321608190226845, "FEMSAUBD.MX": -0.0444211010726592, "FINAMEXO.MX": -0.001602289026433833, "FRAGUAB.MX": -0.011073990190331524, "FRES.MX": 0.10449037089632904, "GBMO.MX": 0.0026596991243153447, "LABB.MX": -0.011381959173041802, "GENTERA.MX": -0.18189091770696944, "GISSAA.MX": 0.0008417726710114514, "GMD.MX": 0.01773386495222486, "GNP.MX": -0.034467709433351666, "GMEXICOB.MX": 0.07889261483973108, "HERDEZ.MX": -0.053779766188614936, "HOMEX.MX": 0.20318016698508493, "GFINBURO.MX": -0.04239256933822874, "ICHB.MX": -0.008466627325044811, "PE&OLES.MX": 0.014754094092668181, "KUOB.MX": 0.01834239119333088, "LAMOSA.MX": -0.019253838224792822, "GRUMAB.MX": 0.055548594206081436, "MEDICAB.MX": 0.04280449101557925, "MEGACPO.MX": 0.022740359813008572, "MFRISCOA-1.MX": -0.022261154398742704, "CMOCTEZ.MX": 0.007534368190202775, "MONEXB.MX": 0.09411414887663007, "GFMULTIO.MX": 0.001854866494802968, "ORBIA.MX": -0.015309161460839639, "PINFRA.MX": 0.018875738574521267, "PASAB.MX": -0.0047903959674692785, "TEAKCPO.MX": -0.06360134992960717, "RCENTROA.MX": -0.06701618891738036, "RA.MX": -0.021332165218013285, "BSMXB.MX": 0.0554022053143416, "SIMECB.MX": -0.042988120503957956, "SORIANAB.MX": 0.011704125811381704, "TLEVISACPO.MX": 0.07269855154070683, "TS.MX": 0.03723500009964137, "TMMA.MX": 0.03432731837499558, "URBI.MX": 0.06796384185265782, "VALUEGFO.MX": 0.016783699884227603, "VESTA.MX": -0.0078555350109843, "VITROA.MX": 0.048136715548279314, "WMT.MX": 0.006932035904333833}