{"ACCELSAB.MX": 0.01087906530465065, "ACTINVRB.MX": 0.004129942518781863, "AEROMEX.MX": -0.027029294090021843, "OMAB.MX": -0.02718210206145494, "GAPB.MX": -0.014322047264833335, "ASURB.MX": 0.03092825874838276, "ALEATIC.MX": 0.056462236818304416, "ALFAA.MX": -0.0009108238293102822, "ALPEKA.MX": 0.023353167967507468, "AMXL.MX": -0.03628950314099146, "ARA.MX": 0.03235008557040981, "AC.MX": 0.030907946151200273, "AUTLANB.MX": 0.0037809601005348594, "AXTELCPO.MX": 0.14556505710895892, "AZTECACPO.MX": 0.011085298326100692, "BACHOCOB.MX": 0.04697996901257941, "BAFARB.MX": 0.0027664991482810384, "GFNORTEO.MX": -0.003492024811447653, "BBVA.MX": 0.05241303658496365, "BIMBOA.MX": -0.021791731416579464, "BOLSAA.MX": -0.039866140198023745, "GCARSOA1.MX": -0.05141672711732374, "GCC.MX": -0.0010492570121309675, "CEMEXCPO.MX": -0.002840905639577007, "CERAMICB.MX": 0.0019515367405652762, "CHDRAUIB.MX": 0.018884616673265776, "CREAL.MX": -0.05128679723180276, "CULTIBAB.MX": 0.023832702408801802, "CYDSASAA.MX": 0.004370421571319641, "DINEA.MX": -0.025164891924506248, "FEMSAUBD.MX": -0.025944545063309888, "FINAMEXO.MX": -0.00034091255881570917, "FRAGUAB.MX": -0.06145340930602026, "FRES.MX": 0.1374656666904025, "GBMO.MX": -0.0020416747885912477, "LABB.MX": -0.03845668944138068, "GENTERA.MX": -0.08537194727998246, "GISSAA.MX": -0.04251134666075115, "GMD.MX": -0.06286673823283918, "GNP.MX": -0.009376967193456001, "GMEXICOB.MX": -0.019873003732112742, "HERDEZ.MX": 0.048224993235523955, "GFINBURO.MX": -0.028570925477577225, "ICHB.MX": 0.07351352137417755, "PE&OLES.MX": -0.011710093914041195, "KUOB.MX": 0.012288962123884467, "LAMOSA.MX": -0.00444366732299538, "GRUMAB.MX": 0.016356242798010262, "MEDICAB.MX": 0.042614613858114166, "MEGACPO.MX": 0.008114840090664861, "MFRISCOA-1.MX": -0.05988357367829462, "CMOCTEZ.MX": 0.030453759034886944, "MONEXB.MX": 0.21078005664343277, "GFMULTIO.MX": 0.11017898320509807, "ORBIA.MX": 0.023134054758585102, "PINFRA.MX": -0.018100951217314164, "POCHTECB.MX": -0.0016264668670408421, "PASAB.MX": 0.04124635930298948, "TEAKCPO.MX": 0.016877595873087, "RCENTROA.MX": -0.062386671587675115, "RA.MX": -0.04780847144996832, "BSMXB.MX": 0.0019506553227512868, "SIMECB.MX": 0.035063412733472216, "SORIANAB.MX": 0.04474339804050279, "TLEVISACPO.MX": 0.013198582192918114, "TS.MX": -0.0474595643457142, "TMMA.MX": -0.03058082643871623, "URBI.MX": -0.07194162612937113, "VALUEGFO.MX": 0.048318475468648286, "VESTA.MX": -0.03189999666937153, "VITROA.MX": -0.026032922585257853, "WMT.MX": 0.03795819294890679}