{"ACCELSAB.MX": 2.5964767494318642e-05, "ACTINVRB.MX": -0.014092485896085173, "AEROMEX.MX": -0.0028814843349012353, "OMAB.MX": -0.022802542500199266, "GAPB.MX": 0.013365197548000704, "ASURB.MX": -0.02780816357670045, "ALEATIC.MX": 0.025881506674256337, "ALFAA.MX": -0.012694998656050577, "ALPEKA.MX": -0.000270861620130608, "AMXL.MX": 0.03375455831078741, "ARA.MX": 0.023484613251433962, "AC.MX": 0.03298667685801316, "AUTLANB.MX": 0.01446367273769328, "AXTELCPO.MX": 0.1106983696020112, "AZTECACPO.MX": 0.0037582504618503387, "BACHOCOB.MX": 0.014858837567850027, "BAFARB.MX": -0.0036612098919244383, "GFNORTEO.MX": -0.0006562565513809226, "BBVA.MX": -0.027791871315549593, "BIMBOA.MX": -0.005715738749667513, "BOLSAA.MX": -0.023044430892725544, "GCARSOA1.MX": 0.031790825537182446, "GCC.MX": 0.10835456318595992, "CEMEXCPO.MX": -0.05062167172640027, "CERAMICB.MX": 0.023527240457688087, "CHDRAUIB.MX": 0.02373569324754308, "CREAL.MX": 0.02417382003475726, "CULTIBAB.MX": -0.03443330841672255, "CYDSASAA.MX": -0.025020629781334115, "DINEA.MX": -0.008234103177447048, "FEMSAUBD.MX": -0.028074403593812226, "FINAMEXO.MX": -0.00034091255881570917, "FRAGUAB.MX": -0.05320907927160012, "FRES.MX": -0.11373321020718881, "GBMO.MX": 0.005128374889505902, "LABB.MX": -0.01758316744939058, "GENTERA.MX": -0.09563982407385448, "GISSAA.MX": -0.04750948652566756, "GMD.MX": -0.0171729861532537, "GNP.MX": -0.006167871962910595, "GMEXICOB.MX": 0.057454102325588625, "HERDEZ.MX": 0.02216341698153577, "HOMEX.MX": -0.3782731152250072, "IENOVA.MX": 0.01003508410836284, "GFINBURO.MX": 0.07490762781192496, "ICHB.MX": -0.004432834185492285, "PE&OLES.MX": -0.038148748743837974, "KUOB.MX": -0.002708881719553944, "LAMOSA.MX": 0.01630207607962769, "GRUMAB.MX": -0.007011027896312062, "MEDICAB.MX": 0.045197358126454285, "MEGACPO.MX": 0.005762603696629326, "MFRISCOA-1.MX": -0.043032473061225165, "CMOCTEZ.MX": 0.004003454947252453, "MONEXB.MX": 0.00404893304406149, "GFMULTIO.MX": 0.11017898320509807, "ORBIA.MX": 0.028338494845462296, "PINFRA.MX": -0.015995668154974396, "POCHTECB.MX": -0.054362241072785346, "PASAB.MX": 0.007983253336866558, "TEAKCPO.MX": -0.010518599020744687, "RCENTROA.MX": -0.05092367467904523, "RA.MX": -0.04949551600369006, "BSMXB.MX": 0.031028182435488078, "SIMECB.MX": -0.0009489268355021552, "SORIANAB.MX": 0.03299581465900793, "TLEVISACPO.MX": -0.00250593899206628, "TS.MX": 0.03794692716553519, "TMMA.MX": 0.0824324771342354, "URBI.MX": 0.1696913555471989, "VALUEGFO.MX": -0.001143248111326406, "VESTA.MX": -0.029756967532653264, "VITROA.MX": 0.08673793797567018, "WMT.MX": 0.026693508798834385}