{"ACCELSAB.MX": 0.002533980169410761, "ACTINVRB.MX": -0.02457280978354135, "AEROMEX.MX": 0.0007183321141346444, "OMAB.MX": 0.026861021408922624, "GAPB.MX": 0.03964283717707856, "ASURB.MX": 0.04306117927552035, "ALEATIC.MX": -0.040072745061875005, "ALFAA.MX": -0.00018300251246546105, "ALPEKA.MX": -0.07260293115429682, "AMXL.MX": -0.008544932432317643, "ARA.MX": 0.028516931690518933, "AC.MX": -0.001224025150833532, "AUTLANB.MX": 0.004408061996408848, "AXTELCPO.MX": -0.05838511791159478, "AZTECACPO.MX": 0.053439607271685036, "BACHOCOB.MX": 0.02349517029826569, "BAFARB.MX": 0.0066994057588634056, "GFNORTEO.MX": 0.035094948875777694, "BBVA.MX": 0.003924746613042028, "BIMBOA.MX": 0.02922896637920425, "BOLSAA.MX": 0.053542459675398744, "GCARSOA1.MX": -0.07561859589567466, "GCC.MX": 0.04380749110038659, "CEMEXCPO.MX": 0.042923694090634464, "CERAMICB.MX": 0.030437498731906758, "CHDRAUIB.MX": -0.02602165366085778, "CREAL.MX": -0.004128689776145726, "CULTIBAB.MX": -0.03492321726934171, "CYDSASAA.MX": 0.05946827864157339, "DINEA.MX": 0.07821472165692009, "FEMSAUBD.MX": 0.016120899593825372, "FINAMEXO.MX": -0.001602289026433833, "FRAGUAB.MX": -0.015036872340884036, "FRES.MX": -0.007884492416925907, "GBMO.MX": -0.0043282620073077545, "LABB.MX": -0.015373455117348273, "GENTERA.MX": -0.09243811688627503, "GISSAA.MX": 0.0020124123688190464, "GMD.MX": 0.054866084122535304, "GNP.MX": -0.008247332024510168, "GMEXICOB.MX": -0.008191036941732727, "HERDEZ.MX": -0.04271398055896073, "HOMEX.MX": 0.22648429409435358, "GFINBURO.MX": 0.03673407380706691, "ICHB.MX": -0.011976058746160683, "PE&OLES.MX": 0.06289642755563492, "KUOB.MX": -0.006712025528719321, "LAMOSA.MX": 0.03864445388269857, "GRUMAB.MX": -0.015423558227112975, "MEDICAB.MX": 0.04697182700180771, "MEGACPO.MX": 0.015554810838292531, "MFRISCOA-1.MX": 0.11837313147680188, "CMOCTEZ.MX": 0.013863941263199397, "MONEXB.MX": 0.11025505105207258, "GFMULTIO.MX": -0.0008817164832221347, "ORBIA.MX": -0.018490115969731557, "PINFRA.MX": 0.00910123207305407, "PASAB.MX": 0.03241208157080082, "TEAKCPO.MX": 0.001384698984930388, "RCENTROA.MX": 0.10769741486786576, "RA.MX": -0.026116170482077202, "BSMXB.MX": 0.050536998646335235, "SIMECB.MX": 0.07615978239489966, "SORIANAB.MX": 0.004690714110310614, "TLEVISACPO.MX": 0.04521128156052523, "TS.MX": -0.02340683444301214, "TMMA.MX": 0.04700394983286394, "URBI.MX": 0.007048577039658294, "VALUEGFO.MX": -0.026719860174022846, "VESTA.MX": -0.015279801478571593, "VITROA.MX": 0.012664839936807018, "WMT.MX": 0.019865563566682114}