{"ACCELSAB.MX": 0.09405369052189425, "ACTINVRB.MX": 0.023540399225791472, "AEROMEX.MX": -0.08906748657640218, "OMAB.MX": -0.009087171223511471, "GAPB.MX": 0.046124284812893546, "ASURB.MX": 0.008952205083688838, "ALEATIC.MX": 0.02381554511429023, "ALFAA.MX": -0.025138580072259904, "ALPEKA.MX": -0.006276769534972248, "AMXL.MX": -0.014077697836473764, "ARA.MX": 0.08538094019632092, "AC.MX": 0.013049029673262113, "AUTLANB.MX": -0.024672476500521418, "AXTELCPO.MX": 0.15341404140623657, "AZTECACPO.MX": -0.047091642514607804, "BACHOCOB.MX": 0.028426059372391673, "BAFARB.MX": 0.0037880917987706806, "GFNORTEO.MX": 0.03351955725738397, "BBVA.MX": -0.07881943133325917, "BIMBOA.MX": -0.010912162420659679, "BOLSAA.MX": -0.015267328373750501, "GCARSOA1.MX": 0.014054272235578917, "GCC.MX": 0.04441754862514603, "CEMEXCPO.MX": 0.09973716214632089, "CERAMICB.MX": 0.010594612128339953, "CHDRAUIB.MX": -0.01589336345943725, "CREAL.MX": -0.004694168422984101, "CYDSASAA.MX": 0.010963613032689414, "DINEA.MX": -0.041858550073330426, "FEMSAUBD.MX": -0.004274576090406261, "FINAMEXO.MX": -0.00034091255881570917, "FRAGUAB.MX": 0.01364060660321099, "FRES.MX": -0.13189132825252906, "GBMO.MX": -0.005911839634872807, "LABB.MX": 0.07305705127031531, "GENTERA.MX": 0.10343103342719001, "GISSAA.MX": 0.010577725509914513, "GMD.MX": -0.05006631692634851, "GNP.MX": -0.006267030150495013, "GMEXICOB.MX": 0.053187359407450854, "HERDEZ.MX": 0.02858400891619296, "HOMEX.MX": 0.3029563644819754, "IENOVA.MX": 0.03782462860384173, "GFINBURO.MX": 0.07562747376502477, "ICHB.MX": -0.05678487358210199, "PE&OLES.MX": -0.017913008674122887, "KUOB.MX": -0.0012284946838665755, "LAMOSA.MX": -0.03211703522236172, "GRUMAB.MX": 0.019641088698233885, "MEDICAB.MX": 0.005837568807487488, "MEGACPO.MX": 0.017643688348141555, "MFRISCOA-1.MX": -0.01414219693261095, "CMOCTEZ.MX": 0.05979016378203128, "MONEXB.MX": 0.15388381242887011, "GFMULTIO.MX": 0.0029239090460488138, "ORBIA.MX": -0.026061317960217583, "PINFRA.MX": 0.013075459497514026, "POCHTECB.MX": -0.036787012319329515, "PASAB.MX": -0.01956779626953698, "TEAKCPO.MX": -0.05178113889811049, "RCENTROA.MX": 0.021137364140232543, "RA.MX": 0.05119303136436684, "BSMXB.MX": 0.03643081334082268, "SIMECB.MX": -0.042936799279260314, "TLEVISACPO.MX": -0.01052197095261579, "TS.MX": 0.020261959160060846, "TMMA.MX": -0.07458847625063347, "URBI.MX": -0.01815074848885984, "VALUEGFO.MX": 0.0013466894938292395, "VESTA.MX": 0.0031621202708624575, "VITROA.MX": -0.05492139208051653, "VOLARA.MX": -0.02710345752320163, "WMT.MX": 0.03205422251608767}