{"ACCELSAB.MX": 0.0006912734214335914, "ACTINVRB.MX": -0.022854502609038742, "AEROMEX.MX": -0.01580550348540606, "OMAB.MX": 0.004004438928296593, "GAPB.MX": 0.03017442681431769, "ASURB.MX": 0.014186549919160409, "ALEATIC.MX": 0.10019954634549139, "ALFAA.MX": -0.03387262378790828, "ALPEKA.MX": -0.04381406127341525, "AMXL.MX": -0.0038318379682572077, "ARA.MX": -0.007721628861524625, "AC.MX": 0.026762774037198605, "AUTLANB.MX": -0.003786952650591666, "AXTELCPO.MX": -0.019724044576512258, "AZTECACPO.MX": 0.07533243630304191, "BACHOCOB.MX": 0.01496017675702952, "BAFARB.MX": 0.013788424429649546, "GFNORTEO.MX": 0.03614675804076841, "BBVA.MX": 0.013051686507979521, "BIMBOA.MX": 0.022382335204716833, "BOLSAA.MX": 0.01275945317252508, "GCARSOA1.MX": 0.031043777593155512, "GCC.MX": 0.031349164626308684, "CEMEXCPO.MX": -0.00906628535816349, "CERAMICB.MX": 0.00938810654788623, "CHDRAUIB.MX": -0.00850061782992527, "CREAL.MX": 0.0369257561199561, "CULTIBAB.MX": -0.03492321726934171, "CYDSASAA.MX": 0.042167168468402426, "DINEA.MX": 0.03405471200875931, "FEMSAUBD.MX": 0.03366859350798915, "FINAMEXO.MX": -0.001602289026433833, "FRAGUAB.MX": -0.003161689550659161, "GBMO.MX": 0.0026596991243153447, "LABB.MX": 0.013499158614735902, "GENTERA.MX": -0.16099304044687288, "GISSAA.MX": -0.02389406345880257, "GMD.MX": -0.013059937646477672, "GNP.MX": -0.004852803401978613, "GMEXICOB.MX": 0.016552551606899075, "HERDEZ.MX": 0.00797779742184748, "HOMEX.MX": 0.3034539814327355, "GFINBURO.MX": 0.04652446430491253, "ICHB.MX": 0.024799118880468807, "PE&OLES.MX": 0.09189019125034821, "KUOB.MX": 0.005596734584968346, "LAMOSA.MX": 0.043961958239502996, "GRUMAB.MX": -0.027815113011815898, "MEDICAB.MX": 0.016822253479439508, "MEGACPO.MX": 0.004147668242951776, "MFRISCOA-1.MX": 0.05686382040947939, "CMOCTEZ.MX": 0.004286825475957167, "MONEXB.MX": 0.23790631861309944, "ORBIA.MX": -0.004941072389878693, "PINFRA.MX": -0.002762441637232963, "PASAB.MX": 0.03689970185199573, "TEAKCPO.MX": -0.06426876621714415, "RCENTROA.MX": -0.05067846165309014, "RA.MX": -0.01841331249874242, "BSMXB.MX": 0.007727427715134584, "SIMECB.MX": 0.04602898086177464, "SORIANAB.MX": -0.007358866916628607, "TLEVISACPO.MX": 0.021299837441566695, "TS.MX": 0.007518310878965093, "TMMA.MX": 0.013226064923085075, "URBI.MX": -0.031193168449646605, "VALUEGFO.MX": -0.0426330112196266, "VESTA.MX": -0.03150319345867796, "VITROA.MX": 0.021992413863950108, "WMT.MX": 0.13884669742867245}