{"ACCELSAB.MX": 0.011527741407244461, "ACTINVRB.MX": -0.02216474106354547, "AEROMEX.MX": 0.033263738819351574, "OMAB.MX": 0.00997846115942762, "GAPB.MX": 0.028761504400879698, "ASURB.MX": 0.03906019570525983, "ALEATIC.MX": -0.12431103358043537, "ALFAA.MX": -0.023896417802091254, "ALPEKA.MX": -0.015596211675671373, "AMXL.MX": -0.0017214516693948988, "ARA.MX": 0.018280887470887807, "AC.MX": 0.03654543905812968, "AUTLANB.MX": 0.04469758165608249, "AXTELCPO.MX": 0.025883118397683126, "AZTECACPO.MX": 0.03353090893648926, "BACHOCOB.MX": 0.04693054983706929, "BAFARB.MX": 0.006168267155354655, "GFNORTEO.MX": 0.013616493775563168, "BBVA.MX": -0.013651572884798577, "BIMBOA.MX": -0.014624246518133694, "BOLSAA.MX": -0.04624387292594026, "GCARSOA1.MX": 0.018621724723151552, "GCC.MX": 0.05386039805636461, "CEMEXCPO.MX": -0.1012286268582598, "CERAMICB.MX": -0.004878731359867983, "CHDRAUIB.MX": -0.04242219689509938, "CREAL.MX": 0.03649397276308622, "CULTIBAB.MX": -0.03492321726934171, "CYDSASAA.MX": 0.011449444194515063, "DINEA.MX": 0.01790226003740338, "FEMSAUBD.MX": 0.018435151578714216, "FINAMEXO.MX": -0.0005113688382235637, "FRAGUAB.MX": -0.03860950983503729, "FRES.MX": 0.035382663086383444, "GBMO.MX": 0.0026596991243153447, "LABB.MX": -0.03484614084298942, "GENTERA.MX": -0.05937133741177512, "GISSAA.MX": -0.04724242157233781, "GMD.MX": -0.049016874539364395, "GNP.MX": -0.05716063011042483, "GMEXICOB.MX": 0.0706841297132137, "HERDEZ.MX": 0.006260999440755104, "HOMEX.MX": 0.16784830613359514, "IENOVA.MX": -0.03251538576231347, "GFINBURO.MX": 0.08697467556302803, "ICHB.MX": 0.020444410246978597, "PE&OLES.MX": 0.0765981472577165, "KUOB.MX": -0.014286927004240719, "LAMOSA.MX": 0.00671572481548463, "GRUMAB.MX": 0.012621638520647759, "MEDICAB.MX": 0.05599502101592428, "MEGACPO.MX": -0.0037163201436940154, "CMOCTEZ.MX": 0.019996801996967246, "MONEXB.MX": 0.09867604114925202, "GFMULTIO.MX": 0.10264206383933, "ORBIA.MX": 0.016668910340043513, "PINFRA.MX": -0.0061643992110438925, "PASAB.MX": 8.391588353838242e-05, "TEAKCPO.MX": 0.04507840229763191, "RCENTROA.MX": -0.09141073426830307, "RA.MX": 0.047540846898563735, "BSMXB.MX": 0.013896384391379236, "SIMECB.MX": -0.006498930836868026, "SORIANAB.MX": -0.005882635445611037, "TLEVISACPO.MX": -0.05280711503700829, "TS.MX": 0.1057895851277648, "TMMA.MX": -0.05104031001956577, "URBI.MX": 0.04919929502179539, "VALUEGFO.MX": 0.059569838703642006, "VESTA.MX": -0.04641903056218531, "VITROA.MX": -0.023853882035615268, "WMT.MX": -0.012232498793198982}