{"ACCELSAB.MX": 0.0011676822441885836, "ACTINVRB.MX": -0.02457280978354135, "AEROMEX.MX": -0.02654168762279319, "OMAB.MX": 0.008045469319224712, "GAPB.MX": 0.027175830011165743, "ASURB.MX": 0.012091433869311899, "ALEATIC.MX": 0.08825170336071406, "ALFAA.MX": -0.03449310993266664, "ALPEKA.MX": -0.04381406127341525, "AMXL.MX": -0.0038318379682572077, "ARA.MX": -0.007826240339869115, "AC.MX": 0.0004956679356865023, "AUTLANB.MX": -0.003786952650591666, "AXTELCPO.MX": -0.050031148575765017, "AZTECACPO.MX": 0.0782608481073401, "BACHOCOB.MX": 0.01496017675702952, "BAFARB.MX": 0.013788424429649546, "GFNORTEO.MX": 0.03614675804076841, "BBVA.MX": 0.013051686507979521, "BIMBOA.MX": 0.022382335204716833, "BOLSAA.MX": 0.01275945317252508, "GCARSOA1.MX": 0.04237959642214813, "GCC.MX": 0.031349164626308684, "CEMEXCPO.MX": -0.00906628535816349, "CERAMICB.MX": 0.009302509584966142, "CHDRAUIB.MX": -0.00850061782992527, "CREAL.MX": 0.0369257561199561, "CULTIBAB.MX": -0.03492321726934171, "CYDSASAA.MX": 0.047824199524742116, "DINEA.MX": 0.04080714469510474, "FEMSAUBD.MX": 0.03366859350798915, "FINAMEXO.MX": -0.001602289026433833, "FRAGUAB.MX": 0.002561117873063998, "GBMO.MX": 0.0026596991243153447, "LABB.MX": -0.01240136555820407, "GENTERA.MX": -0.16099304044687288, "GISSAA.MX": -0.022524895515643076, "GMD.MX": -0.0033018947362815298, "GNP.MX": -0.004852803401978613, "GMEXICOB.MX": 0.016552551606899075, "HERDEZ.MX": 0.00797779742184748, "HOMEX.MX": 0.2525279407285501, "GFINBURO.MX": 0.049111027932044006, "ICHB.MX": 0.03298870649969165, "PE&OLES.MX": 0.08610828988978772, "KUOB.MX": -0.0015783471489719404, "LAMOSA.MX": 0.043961958239502996, "GRUMAB.MX": -0.027815113011815898, "MEDICAB.MX": 0.034537516106448646, "MEGACPO.MX": 0.002839436067768283, "MFRISCOA-1.MX": 0.05686382040947939, "CMOCTEZ.MX": 0.004286825475957167, "MONEXB.MX": 0.23790631861309944, "ORBIA.MX": -0.0041263461827294005, "PINFRA.MX": 0.013054023958413043, "PASAB.MX": 0.04048820025882483, "TEAKCPO.MX": -0.06426876621714415, "RCENTROA.MX": -0.05067846165309014, "RA.MX": -0.01841331249874242, "BSMXB.MX": 0.007727427715134584, "SIMECB.MX": 0.04602898086177464, "SORIANAB.MX": -0.007358866916628607, "TLEVISACPO.MX": 0.027864409320489482, "TS.MX": 0.007327357018334552, "TMMA.MX": 0.04957617984454253, "URBI.MX": -0.04741291130283422, "VALUEGFO.MX": -0.02908559664257281, "VESTA.MX": -0.030960774514971545, "VITROA.MX": 0.021992413863950108, "WMT.MX": 0.13884669742867245}