{"ACCELSAB.MX": 0.008316965976833098, "ACTINVRB.MX": -0.022481916952475416, "AEROMEX.MX": 0.02983979700762489, "OMAB.MX": 0.0011121240133529508, "GAPB.MX": 0.03092348745333096, "ASURB.MX": 0.039928517037338324, "ALEATIC.MX": -0.12802708423459605, "ALFAA.MX": -0.02550173218246841, "ALPEKA.MX": -0.015596211675671373, "AMXL.MX": -0.0012879192206540502, "ARA.MX": 0.02036938379925205, "AC.MX": 0.03517795723110012, "AUTLANB.MX": 0.04469758165608249, "AXTELCPO.MX": 0.025883118397683126, "AZTECACPO.MX": 0.03353090893648926, "BACHOCOB.MX": 0.04693054983706929, "BAFARB.MX": 0.006168267155354655, "GFNORTEO.MX": 0.013616493775563168, "BBVA.MX": -0.014907912714559263, "BIMBOA.MX": -0.014624246518133694, "BOLSAA.MX": -0.049186941225843786, "GCARSOA1.MX": 0.020365341094499122, "GCC.MX": 0.05484271888352394, "CEMEXCPO.MX": -0.06801490849307144, "CERAMICB.MX": -0.0005989405453446472, "CHDRAUIB.MX": -0.04242219689509938, "CREAL.MX": 0.034945820345634204, "CULTIBAB.MX": -0.03460632850534811, "CYDSASAA.MX": 0.02798401359387113, "DINEA.MX": 0.025133645955004395, "FEMSAUBD.MX": 0.004023832523036632, "FINAMEXO.MX": -0.0005113688382235637, "FRAGUAB.MX": -0.002202947946728644, "FRES.MX": 0.035382663086383444, "GBMO.MX": 0.0026596991243153447, "LABB.MX": -0.061427657576463936, "GENTERA.MX": -0.05937133741177512, "GISSAA.MX": -0.0517860500113447, "GMD.MX": -0.04918841307947296, "GNP.MX": -0.05716063011042483, "GMEXICOB.MX": 0.0706841297132137, "HERDEZ.MX": 0.006260999440755104, "HOMEX.MX": 0.19945347456991397, "IENOVA.MX": -0.03302963776644598, "GFINBURO.MX": 0.08669412578894009, "ICHB.MX": 0.016875472182313726, "PE&OLES.MX": 0.07017874869150846, "KUOB.MX": 0.027519219056539566, "LAMOSA.MX": 0.011013121424505994, "GRUMAB.MX": -0.0014647091254161347, "MEDICAB.MX": 0.012907910594554787, "MEGACPO.MX": -0.0037163201436940154, "CMOCTEZ.MX": 0.019996801996967246, "MONEXB.MX": 0.09867604114925202, "GFMULTIO.MX": 0.10264206383933, "ORBIA.MX": 0.02013978868024232, "PINFRA.MX": -0.006431755638665255, "PASAB.MX": 0.004591445336496346, "TEAKCPO.MX": 0.04507840229763191, "RCENTROA.MX": -0.08254009747680356, "RA.MX": 0.047308706911325764, "BSMXB.MX": -0.013926724405245679, "SIMECB.MX": 0.03461898042885613, "SORIANAB.MX": -0.004609442295086358, "TLEVISACPO.MX": -0.05280711503700829, "TS.MX": 0.12317845839197109, "TMMA.MX": -0.033395226779396686, "URBI.MX": 0.05492255341049366, "VALUEGFO.MX": 0.11994550195868733, "VESTA.MX": -0.049318629313262044, "VITROA.MX": -0.023853882035615268, "WMT.MX": -0.012232498793198982}