{"ACCELSAB.MX": 0.05059312677457169, "ACTINVRB.MX": -0.01216565693969127, "AEROMEX.MX": -0.055888075466972525, "OMAB.MX": 0.04084185655911769, "GAPB.MX": 0.04719924795307666, "ASURB.MX": 0.009126904926214967, "ALEATIC.MX": 0.004587326715243368, "ALFAA.MX": -0.08992582805749166, "ALPEKA.MX": -0.013986764850015343, "AMXL.MX": 0.008210675354969017, "ARA.MX": -0.08224198966205845, "AC.MX": -0.03128498911831473, "AUTLANB.MX": -0.027007747593286696, "AXTELCPO.MX": -0.05987057537834291, "AZTECACPO.MX": -0.016387391496159517, "BACHOCOB.MX": -0.0381760000971977, "BAFARB.MX": 0.009807378650089255, "GFNORTEO.MX": 0.06882991951089147, "BBVA.MX": -0.08471188542619924, "BIMBOA.MX": 0.0018125347306110085, "BOLSAA.MX": -0.011895060085241977, "GCARSOA1.MX": -0.06503233906391111, "GCC.MX": 0.08402976490839914, "CEMEXCPO.MX": 0.05022614507168074, "CERAMICB.MX": -0.0010357216227671905, "CHDRAUIB.MX": 0.0634669200595196, "CULTIBAB.MX": 0.05051979493712839, "CYDSASAA.MX": 0.015207691703505341, "DINEA.MX": 0.032111543715262744, "FEMSAUBD.MX": 0.019361470669829666, "FINAMEXO.MX": 0.04152289818965457, "FRAGUAB.MX": 0.02392833500447176, "FRES.MX": -0.024860952200233016, "GBMO.MX": -0.009342413966887272, "LABB.MX": -0.06455800364243705, "GENTERA.MX": 0.0024823919790572745, "GISSAA.MX": -0.02375037500756383, "GMD.MX": -0.032623357068640696, "GNP.MX": -0.014464381750931881, "GMEXICOB.MX": -0.028356159551184604, "HERDEZ.MX": -0.01318057662726711, "HOMEX.MX": -0.1636874849339255, "IENOVA.MX": -0.03450223131142845, "GFINBURO.MX": 0.006702649305816203, "ICHB.MX": -0.020754042663312676, "PE&OLES.MX": -0.10019411041250191, "KUOB.MX": 0.025178579774161908, "LAMOSA.MX": -0.006910756522252193, "GRUMAB.MX": 0.018029153920434474, "MEDICAB.MX": 0.052797698455718606, "MEGACPO.MX": 0.04893948831454302, "MFRISCOA-1.MX": -0.11912367644297873, "CMOCTEZ.MX": -0.027576171787783856, "MONEXB.MX": 0.04898458744209402, "GFMULTIO.MX": 0.0036484822858247356, "ORBIA.MX": 0.01917127824581542, "PINFRA.MX": -0.016688664737478504, "POCHTECB.MX": -0.03567288497693686, "PASAB.MX": -0.07073491610170707, "TEAKCPO.MX": -0.02326815718010103, "RCENTROA.MX": 0.06317920802271798, "RA.MX": 0.03104536119097605, "BSMXB.MX": -0.04747466367829221, "SIMECB.MX": -0.0023289774486569305, "SORIANAB.MX": 0.02257649172225207, "TLEVISACPO.MX": -0.04138165379899808, "TS.MX": 0.023220977447914525, "TMMA.MX": 0.06031547486475649, "URBI.MX": -0.07704743563273234, "VALUEGFO.MX": 0.12156709024564094, "VESTA.MX": 0.028364821222254814, "VITROA.MX": 0.041160943527168446, "WMT.MX": 0.04310423619927952}