{"ACCELSAB.MX": 0.058444475057806866, "ACTINVRB.MX": 0.04600255194290366, "AEROMEX.MX": -0.03322629345998748, "OMAB.MX": 0.016620653303596442, "GAPB.MX": 0.041042858241502105, "ASURB.MX": 0.04585612480408017, "ALEATIC.MX": -0.07388415588603223, "ALFAA.MX": 0.01129181302428971, "ALPEKA.MX": 0.04350289907555809, "AMXL.MX": -0.014648354621510826, "ARA.MX": -0.041229761467699556, "AC.MX": -0.05998182116342409, "AUTLANB.MX": -0.04165551953492332, "AXTELCPO.MX": 0.061731993081663716, "AZTECACPO.MX": -0.035916503651277576, "BACHOCOB.MX": -0.06874433737858998, "BAFARB.MX": -0.002559333002242997, "GFNORTEO.MX": 0.05345865917853167, "BBVA.MX": -0.07022994037689644, "BIMBOA.MX": 0.04105355139188098, "BOLSAA.MX": 0.030507280063662243, "GCARSOA1.MX": -0.05824472973892199, "GCC.MX": 0.0709888148720586, "CEMEXCPO.MX": 0.036300021173700056, "CERAMICB.MX": 0.04993745529719368, "CHDRAUIB.MX": 0.09283921639086852, "CREAL.MX": -0.028114554398243043, "CULTIBAB.MX": -0.005735542698094322, "CYDSASAA.MX": 0.009773111406313938, "DINEA.MX": 0.07020336384972393, "FEMSAUBD.MX": 0.01064995075304596, "FINAMEXO.MX": 0.031174466915424314, "FRAGUAB.MX": 0.011862987362713377, "FRES.MX": -0.06348788640802333, "GBMO.MX": -0.008072104273954293, "LABB.MX": -0.05687554870760106, "GENTERA.MX": 0.0015802281761564795, "GISSAA.MX": -0.008211058090443105, "GMD.MX": -0.009625032752355185, "GNP.MX": -0.006267030150495013, "GMEXICOB.MX": -0.0028208925397614024, "HERDEZ.MX": 0.005429418924729492, "HOMEX.MX": 0.08560754590013875, "IENOVA.MX": -0.028686607897789918, "GFINBURO.MX": -0.019734847219974413, "ICHB.MX": 0.03208988724099438, "PE&OLES.MX": -0.06140685054576091, "KUOB.MX": 5.1272679882131686e-05, "LALAB.MX": -0.08179441385525044, "LAMOSA.MX": 0.03325253922885397, "GRUMAB.MX": -0.0176881513730001, "MEDICAB.MX": 0.0038483145289506192, "MEGACPO.MX": 0.05428395415140732, "MFRISCOA-1.MX": 0.0014369842108506426, "CMOCTEZ.MX": 0.06787208939465103, "MONEXB.MX": -0.06731833507978571, "GFMULTIO.MX": 0.0029239090460488138, "ORBIA.MX": -0.0507302666105963, "PINFRA.MX": -0.00263823673235859, "PASAB.MX": 0.0027400294097642175, "TEAKCPO.MX": -0.07470053314135022, "RCENTROA.MX": -0.016663550699665176, "RA.MX": 0.028933856597132004, "BSMXB.MX": 0.02111256360812042, "SIMECB.MX": 0.12523330232774077, "SORIANAB.MX": -0.044646208079823536, "TLEVISACPO.MX": 0.046437363864932156, "TS.MX": 0.0004993533433745556, "TMMA.MX": 0.06706372860684136, "URBI.MX": 0.006340849865419541, "VALUEGFO.MX": 0.11449470225644884, "VESTA.MX": 0.010498062667345168, "VITROA.MX": -0.008188026477589413, "VOLARA.MX": -0.09427221573885029, "WMT.MX": -0.007719128709569284}