{"ACCELSAB.MX": 0.09086391762886478, "ACTINVRB.MX": -0.008637018520662013, "AEROMEX.MX": -0.029593365839222202, "OMAB.MX": 0.046172655193080746, "GAPB.MX": -0.05538983865818363, "ASURB.MX": 0.004157901011318137, "ALEATIC.MX": -0.09701845627890676, "ALFAA.MX": 0.05263695663082491, "ALPEKA.MX": 0.019687435293251468, "AMXL.MX": 0.02314059008530172, "ANB.MX": -0.049068506758725455, "ARA.MX": 0.00034959829572365206, "AC.MX": -0.0007582207222889103, "AUTLANB.MX": -0.06518949693862792, "AXTELCPO.MX": -0.08206033054769528, "AZTECACPO.MX": 0.027055093460686682, "BACHOCOB.MX": -0.016705613282672463, "BAFARB.MX": 0.007344796330059287, "GFNORTEO.MX": 0.007307902959031257, "BBVA.MX": -0.011377674889334359, "BIMBOA.MX": 0.01874690170776804, "BOLSAA.MX": 0.015915649146722433, "GCARSOA1.MX": 0.020822065534195827, "GCC.MX": 0.035145305144860924, "CEMEXCPO.MX": -0.036587587922303696, "CERAMICB.MX": 0.0182880716429824, "CHDRAUIB.MX": 0.07227347315932603, "CREAL.MX": -0.0653429512848575, "CULTIBAB.MX": -0.011342502521553105, "CYDSASAA.MX": 0.022172211592055263, "DINEA.MX": 0.022416406446827377, "FEMSAUBD.MX": -0.031448257880535124, "FINAMEXO.MX": -0.021100045349899402, "FRAGUAB.MX": 0.03575677867879473, "FRES.MX": -0.002808670359718193, "GBMO.MX": -0.004733917528047965, "LABB.MX": -0.052490668546202046, "GENTERA.MX": -0.048602716761989295, "GISSAA.MX": -0.02857246633668421, "GMD.MX": -0.013927489996694829, "GNP.MX": 0.012311456945931918, "GMEXICOB.MX": 0.06892522737422264, "HERDEZ.MX": 0.030341918639181654, "HOMEX.MX": 0.3865686563375321, "IENOVA.MX": 0.02862339870356862, "GFINBURO.MX": 0.041015268194697044, "ICHB.MX": 0.10792446393149797, "PE&OLES.MX": -0.05938123193411559, "KUOB.MX": 0.007095413857189869, "LALAB.MX": 0.0002394549880481256, "LAMOSA.MX": -0.0013599226303382661, "GRUMAB.MX": 0.05637089434651168, "MEDICAB.MX": 0.019874089649154814, "MEGACPO.MX": 0.02592760543200809, "MFRISCOA-1.MX": -0.11472935629317384, "CMOCTEZ.MX": -0.035258072934770845, "MONEXB.MX": 0.024961453609249108, "GFMULTIO.MX": 0.005597480010905565, "ORBIA.MX": 0.0014062907001357538, "PINFRA.MX": 0.010618441744793624, "POCHTECB.MX": -0.030223807690208916, "PASAB.MX": -0.005442139259887833, "TEAKCPO.MX": -0.011845833536718628, "RA.MX": 0.05271297471055899, "BSMXB.MX": 0.0037020837400842345, "SIMECB.MX": 0.0732659342033921, "SORIANAB.MX": -0.08341550980745877, "TLEVISACPO.MX": -0.044066765637071834, "TS.MX": 0.0379123088500693, "TMMA.MX": -0.05482269062824271, "URBI.MX": -0.16641540778682387, "VALUEGFO.MX": 0.011328300080264767, "VESTA.MX": -0.012154621266131918, "VITROA.MX": -0.0019913501123963616, "VOLARA.MX": 0.08514483984534038, "WMT.MX": 0.032207352220167434}