{"ACCELSAB.MX": 0.08146491315965139, "ACTINVRB.MX": -0.017456737663125065, "AEROMEX.MX": -0.03978894128520426, "OMAB.MX": 0.01638141696070662, "GAPB.MX": -0.021136701819202307, "ASURB.MX": 0.023110780582247085, "ALEATIC.MX": 0.054309828089534024, "ALFAA.MX": -0.05356174443718205, "ALPEKA.MX": -0.029576284847968214, "AMXL.MX": -0.05902324862509216, "ANB.MX": -0.08473280597405636, "ARA.MX": -0.09287986869761092, "AC.MX": -0.0008598416216760962, "AUTLANB.MX": -0.02164543857314046, "AXTELCPO.MX": 0.038306334753635755, "AZTECACPO.MX": -0.0009041399505073466, "BACHOCOB.MX": -0.03478153593368363, "BAFARB.MX": 0.008905987233782685, "GFNORTEO.MX": 0.07891253665708203, "BBVA.MX": 0.00043750437509652683, "BIMBOA.MX": -0.006293273894528914, "BOLSAA.MX": -0.02838006633696967, "GCARSOA1.MX": -0.0275260406859295, "GCC.MX": 0.09432102824024263, "CEMEXCPO.MX": 0.04821359892448141, "CERAMICB.MX": -0.0033734941395888187, "CHDRAUIB.MX": -0.008444594512807522, "CULTIBAB.MX": 0.03694352621805261, "CYDSASAA.MX": 0.01071542634771857, "DINEA.MX": -0.01571629068363393, "FEMSAUBD.MX": -0.003207043478122159, "FINAMEXO.MX": -0.014384254785280336, "FRAGUAB.MX": 0.02503201090462861, "FRES.MX": 0.006678018924501716, "GBMO.MX": 0.011405582590581179, "LABB.MX": -0.01581199929930031, "GENTERA.MX": -0.02596569854887152, "GISSAA.MX": -0.012983040681818499, "GMD.MX": -0.04440009488271772, "GNP.MX": -0.06243175518749844, "GMEXICOB.MX": -0.017891913125176538, "HERDEZ.MX": -0.05636616625278128, "HOMEX.MX": -0.2404297151537715, "IENOVA.MX": -0.005294502470653684, "GFINBURO.MX": -0.012864228689925894, "ICHB.MX": -0.03532357108760062, "PE&OLES.MX": -0.10679553666664149, "KUOB.MX": 0.07837672520350698, "LALAB.MX": -0.05742628229305268, "LAMOSA.MX": -0.014050841823384284, "GRUMAB.MX": -0.018316415027972942, "MEDICAB.MX": 0.03731418903905509, "MEGACPO.MX": 0.014162879835988802, "MFRISCOA-1.MX": -0.08770826148574909, "CMOCTEZ.MX": -0.029084255441259598, "MONEXB.MX": 0.001293441305204479, "GFMULTIO.MX": -0.0012888937627960105, "ORBIA.MX": 0.052604079513918475, "PINFRA.MX": -0.01434825501304727, "POCHTECB.MX": -0.03402669821537791, "PASAB.MX": -0.031439070677617226, "TEAKCPO.MX": -0.01841567523078072, "RCENTROA.MX": 0.04017922475241848, "RA.MX": 0.0610992080256346, "BSMXB.MX": 0.02594710395131975, "SIMECB.MX": 0.018342791138977077, "SORIANAB.MX": -0.0016408783495440804, "TLEVISACPO.MX": -0.012523587931405298, "TS.MX": 0.1262449063220223, "TMMA.MX": -0.06011295801802732, "URBI.MX": -0.041394916034663824, "VALUEGFO.MX": 0.18698908124483007, "VESTA.MX": -0.02459963105292778, "VITROA.MX": -0.0033152693975484902, "VOLARA.MX": -0.10522794451834519, "WMT.MX": 0.03821430522863563}