{"ACCELSAB.MX": 0.05622373211222005, "ACTINVRB.MX": -0.0005076917198705388, "OMAB.MX": 0.011527029576883617, "GAPB.MX": 0.006767239649920599, "ASURB.MX": -0.0007769099347681685, "ALEATIC.MX": -0.05844873658504492, "ALFAA.MX": 0.04476413853841391, "ALPEKA.MX": -0.016384832270001565, "AMXL.MX": -0.0026030037110953163, "ANB.MX": -0.02460586179904688, "ARA.MX": -0.0650056734769716, "AC.MX": -0.01307585717144336, "AUTLANB.MX": -0.11459425276365527, "AXTELCPO.MX": -0.10435529122362983, "AZTECACPO.MX": 0.018907326511373994, "BACHOCOB.MX": 0.039068241556571716, "BAFARB.MX": 0.0038930969499619784, "GFNORTEO.MX": 0.03724450630431123, "BBVA.MX": -0.06679681377562931, "BIMBOA.MX": 0.05627305897302652, "BOLSAA.MX": 0.046663136751229316, "GCARSOA1.MX": 0.05384472222376746, "GCC.MX": 0.010516974881879668, "CEMEXCPO.MX": 0.11959914033715316, "CERAMICB.MX": -0.00446874284744263, "CHDRAUIB.MX": 0.03688900814723015, "CREAL.MX": 0.03168920014368076, "CULTIBAB.MX": -0.019342369332770785, "CYDSASAA.MX": 0.01593962994213914, "DINEA.MX": -0.010692248844580842, "FEMSAUBD.MX": 0.008797139293258809, "FINAMEXO.MX": -0.01352746014804987, "FRAGUAB.MX": 0.025660172209453585, "FRES.MX": -0.0043476060102880494, "GBMO.MX": -0.039151595623353554, "LABB.MX": 0.020864363671495276, "GENTERA.MX": -0.07451983719717878, "GISSAA.MX": -0.014223001041944162, "GMD.MX": -0.0018122398716005283, "GNP.MX": 0.012475041418996902, "GMEXICOB.MX": -0.0034663274946943423, "HERDEZ.MX": -0.011498873338130882, "HOMEX.MX": -0.026766186022474006, "IENOVA.MX": -0.020206388142658446, "GFINBURO.MX": 0.06991030521901948, "ICHB.MX": 0.06604571978676901, "PE&OLES.MX": -0.028752393419344865, "KUOB.MX": 0.06404586945989153, "LALAB.MX": -0.0752123487802562, "LAMOSA.MX": -0.05801671927124476, "GRUMAB.MX": -0.024210529297375005, "MEDICAB.MX": 0.05465810023953585, "MEGACPO.MX": 0.004202547635074663, "CMOCTEZ.MX": -0.0008395720063163781, "MONEXB.MX": 0.042470290397121475, "GFMULTIO.MX": 0.005597480010905565, "ORBIA.MX": -0.0024709693092930265, "PINFRA.MX": 0.06300323578545966, "POCHTECB.MX": 0.013405135854008304, "PASAB.MX": -0.011438885499168184, "RCENTROA.MX": 0.078843730306631, "RA.MX": 0.026721151071063192, "BSMXB.MX": 0.0839936665705007, "SIMECB.MX": -0.030031285530902747, "SORIANAB.MX": -0.024221880225791886, "TLEVISACPO.MX": -0.08560233581220185, "TS.MX": -0.0010562100825054356, "TMMA.MX": -0.018676640294098528, "URBI.MX": -0.14602840132959258, "VALUEGFO.MX": 0.11762737506500325, "VESTA.MX": -0.07004628237303943, "VITROA.MX": -0.028737341702867524, "VOLARA.MX": 0.0023659929307477613, "WMT.MX": 0.004106552615103716}