{"ACCELSAB.MX": 0.021094892655026926, "ACTINVRB.MX": -0.005196921114215484, "OMAB.MX": 0.01357747075289689, "GAPB.MX": 0.019126543693089373, "ASURB.MX": 0.014615069423802262, "ALEATIC.MX": -0.0613794770235161, "ALFAA.MX": 0.04677079122916233, "ALPEKA.MX": -0.010586476666578228, "AMXL.MX": -0.0026030037110953163, "ANB.MX": -0.013039998089368456, "ARA.MX": -0.06339934531305935, "AC.MX": -0.002407839179574479, "AUTLANB.MX": -0.11676776608201311, "AXTELCPO.MX": -0.11026340419958805, "AZTECACPO.MX": 0.024562141795664294, "BACHOCOB.MX": 0.039068241556571716, "BAFARB.MX": 0.0038930969499619784, "GFNORTEO.MX": 0.037442074850965616, "BBVA.MX": -0.06679681377562931, "BIMBOA.MX": 0.058122712480881286, "BOLSAA.MX": 0.046663136751229316, "GCARSOA1.MX": 0.05545879779855032, "GCC.MX": 0.010516974881879668, "CEMEXCPO.MX": 0.11959914033715316, "CERAMICB.MX": -0.009073143071662782, "CHDRAUIB.MX": 0.03515500257005762, "CREAL.MX": 0.03168920014368076, "CULTIBAB.MX": -0.019342369332770785, "CYDSASAA.MX": 0.01461045483561704, "DINEA.MX": -0.030320844199604912, "FEMSAUBD.MX": 0.008797139293258809, "FINAMEXO.MX": -0.013000988716678168, "FRAGUAB.MX": 0.04310276831732606, "FRES.MX": -0.004841395508994091, "GBMO.MX": -0.0384766958833789, "LABB.MX": -0.02614832074582212, "GENTERA.MX": -0.07392135360816031, "GISSAA.MX": -0.017835548477712584, "GMD.MX": -0.00023647928229229896, "GNP.MX": 0.012449400784606879, "GMEXICOB.MX": -0.003593573961922457, "HERDEZ.MX": -0.011498873338130882, "HOMEX.MX": -0.008405374645716468, "IENOVA.MX": -0.019838935693488813, "GFINBURO.MX": 0.06920739849404223, "ICHB.MX": 0.07237021270982769, "PE&OLES.MX": -0.030162136469327888, "KUOB.MX": 0.06442850634191431, "LALAB.MX": -0.06965974091729248, "LAMOSA.MX": -0.05801671927124476, "GRUMAB.MX": -0.024553149724152595, "MEDICAB.MX": 0.007472182514766739, "MEGACPO.MX": 0.004084934603705226, "CMOCTEZ.MX": 0.0009502176108581584, "MONEXB.MX": 0.044521830529982376, "GFMULTIO.MX": 0.007497479629435837, "ORBIA.MX": -0.0025963075935346303, "PINFRA.MX": 0.06646758592526497, "POCHTECB.MX": 0.0164622187300166, "PASAB.MX": -0.014919122624620912, "RCENTROA.MX": 0.078843730306631, "RA.MX": 0.026721151071063192, "BSMXB.MX": 0.0839936665705007, "SIMECB.MX": -0.030031285530902747, "SORIANAB.MX": -0.027632994208064515, "TLEVISACPO.MX": -0.08427822005547152, "TS.MX": 0.007215170161600261, "TMMA.MX": -0.02420753397868469, "URBI.MX": -0.11690363637959587, "VALUEGFO.MX": 0.12633437841906298, "VESTA.MX": -0.07189049284732478, "VITROA.MX": -0.027035640802269577, "VOLARA.MX": 0.005192684039229464, "WMT.MX": 0.004106552615103716}