{"ACCELSAB.MX": 0.06828715295900506, "ACTINVRB.MX": 0.0027652885702443364, "AEROMEX.MX": -0.07275315590315751, "OMAB.MX": -0.009245408729006104, "GAPB.MX": -0.07066252883057811, "ASURB.MX": 0.01673095673991098, "ALEATIC.MX": -0.03633719338813782, "ALFAA.MX": 0.06653140007095144, "ALPEKA.MX": -0.0253175510188679, "AMXL.MX": -0.007834319639820649, "ANB.MX": -0.039184176172942786, "ARA.MX": -0.05658019928194956, "AC.MX": -0.022434675687372386, "AUTLANB.MX": -0.02660348192146933, "AXTELCPO.MX": -0.11066200566848851, "AZTECACPO.MX": 0.06224333487131593, "BACHOCOB.MX": -0.0065933835112391, "BAFARB.MX": 0.0020460876794830252, "GFNORTEO.MX": 0.056835762759365735, "BBVA.MX": -0.05854201154178343, "BIMBOA.MX": 0.02470653649154467, "BOLSAA.MX": 0.01596567893794904, "GCARSOA1.MX": 0.010524097838721474, "GCC.MX": -0.006463457952738831, "CEMEXCPO.MX": -0.04753184021967002, "CERAMICB.MX": -0.0034459895822453734, "CHDRAUIB.MX": -0.005653847430258984, "CULTIBAB.MX": -0.007314424674796293, "CYDSASAA.MX": 0.05664803370034033, "DINEA.MX": -0.011255079870276907, "FEMSAUBD.MX": -0.022118469679748794, "FINAMEXO.MX": -0.020689710181868888, "FRAGUAB.MX": 0.014613300048183796, "FRES.MX": -0.002808670359718193, "GBMO.MX": 0.019664676328067645, "LABB.MX": -0.04654560192408173, "GENTERA.MX": -0.04517096961864857, "GISSAA.MX": -0.022069114217455152, "GMD.MX": -0.03890672672416925, "GNP.MX": 0.001784530045992072, "GMEXICOB.MX": -0.012252449868383267, "HERDEZ.MX": 0.015393669105956938, "IENOVA.MX": 0.002990712257179955, "GFINBURO.MX": 0.06443546386750483, "ICHB.MX": 0.054187303913147654, "PE&OLES.MX": -0.017919345864903343, "KUOB.MX": 0.01387201075118762, "LALAB.MX": -0.040342246862779846, "LAMOSA.MX": -0.027048007959279342, "GRUMAB.MX": -0.0006304948078305638, "MEDICAB.MX": 0.06051115649779652, "MEGACPO.MX": 0.035921988969964035, "MFRISCOA-1.MX": 0.015921564572518962, "CMOCTEZ.MX": -0.015487892059514324, "MONEXB.MX": 0.09371902692485906, "GFMULTIO.MX": 0.007497479629435837, "ORBIA.MX": -0.02729830508948374, "PINFRA.MX": 0.0007810789514163508, "POCHTECB.MX": -0.00375600570635198, "PASAB.MX": -0.0021635443748018123, "TEAKCPO.MX": 0.002012286307233707, "RCENTROA.MX": 0.023730876833619588, "RA.MX": 0.0070489492314733245, "BSMXB.MX": -0.028132475666674248, "SIMECB.MX": 0.07649556160147596, "SORIANAB.MX": -0.06534880807832807, "TLEVISACPO.MX": -0.08286916465821377, "TS.MX": -0.0019771909354957496, "TMMA.MX": 0.00582619798887045, "VALUEGFO.MX": 0.16031234936288402, "VESTA.MX": -0.01333848705671832, "VITROA.MX": 0.03925541963909664, "VOLARA.MX": -0.1354344044502669, "WMT.MX": -0.01515440995526519}