{"ACCELSAB.MX": 0.11626832387791927, "ACTINVRB.MX": -0.0003243105425676407, "AEROMEX.MX": -0.0560375840009063, "OMAB.MX": 0.029500374523279957, "GAPB.MX": 0.008991389883200992, "ASURB.MX": 0.09384413821970793, "ALEATIC.MX": 0.13754622314855292, "ALFAA.MX": 0.09521224684799573, "ALPEKA.MX": -0.010253197937594334, "AMXL.MX": 0.04449862167659778, "ARA.MX": 0.0029746967213376617, "AC.MX": -0.014993340607344603, "AUTLANB.MX": -0.06834665852512779, "AXTELCPO.MX": -0.05082504786770148, "AZTECACPO.MX": -0.01620528766587674, "BACHOCOB.MX": 0.0003218660296312459, "BAFARB.MX": 0.014983913457907777, "GFNORTEO.MX": 0.06757523597645382, "BBVA.MX": 0.057659885051964815, "BIMBOA.MX": -0.03328380240457538, "BOLSAA.MX": -0.020476413627150233, "GCARSOA1.MX": -0.05895296446875113, "GCC.MX": 0.09501742737057667, "CEMEXCPO.MX": -0.007764511799447884, "CERAMICB.MX": -0.0024433169033177037, "CHDRAUIB.MX": 0.04282327138912146, "CREAL.MX": -0.039081924167276946, "CYDSASAA.MX": 0.027579869977423708, "DINEA.MX": 0.021237682127721435, "FEMSAUBD.MX": 0.0036539105951353245, "FINAMEXO.MX": -0.022976331626161153, "FRAGUAB.MX": -0.024491942283746244, "FRES.MX": 0.015865185166701653, "GBMO.MX": -0.003757232247515524, "LABB.MX": -0.04767033724277528, "GENTERA.MX": -0.052043311649144657, "GISSAA.MX": 0.024684815848888483, "GMD.MX": -0.02142132376620952, "GNP.MX": -0.060501310450724786, "GMEXICOB.MX": 0.018601811271934266, "HERDEZ.MX": -0.016782835498851578, "HOMEX.MX": -0.08654251067407986, "IENOVA.MX": -0.018211342101603793, "GFINBURO.MX": 0.03493128437092618, "ICHB.MX": -0.04488904201475034, "PE&OLES.MX": -0.06580716857712854, "KUOB.MX": 0.03145761145817402, "LALAB.MX": 0.00952247644682528, "LAMOSA.MX": -0.005358634410546942, "GRUMAB.MX": 0.03789581812403948, "MEDICAB.MX": 0.002034924168384589, "MEGACPO.MX": 0.02982766663700325, "CMOCTEZ.MX": -0.02616041272623466, "MONEXB.MX": -0.02792973501832035, "GFMULTIO.MX": 0.01586806993462287, "ORBIA.MX": -0.0032119051286392517, "PINFRA.MX": -0.02681472581044693, "POCHTECB.MX": 0.001609784745539422, "PASAB.MX": 0.008807340764329362, "TEAKCPO.MX": -0.04251226371977794, "RA.MX": 0.0035132074346378227, "BSMXB.MX": 0.032325998101779545, "SIMECB.MX": 0.053607993006590374, "SORIANAB.MX": -0.061878123840548714, "TLEVISACPO.MX": -0.041153132266526976, "TS.MX": 0.039411891602896286, "TMMA.MX": -0.029134620081205646, "URBI.MX": -0.1132829501335602, "VALUEGFO.MX": -0.0009355655075446789, "VESTA.MX": -0.03239485993605496, "VITROA.MX": -0.005601910899651136, "VOLARA.MX": 0.04069748810531707, "WMT.MX": 0.042028173178415056}