{"ACCELSAB.MX": 0.048876824403876536, "ACTINVRB.MX": 0.02063230359697672, "AEROMEX.MX": -0.015593525392722043, "OMAB.MX": -0.04295396271849792, "GAPB.MX": 0.017728694159543274, "ASURB.MX": 0.009946973451895446, "ALEATIC.MX": -0.05386557894005042, "ALFAA.MX": 0.011440322334894554, "ALPEKA.MX": 0.028550739982575762, "AMXL.MX": -0.03826380890779195, "ANB.MX": 0.0350999808849717, "ARA.MX": -0.07082704496751979, "AC.MX": -0.046770665309782064, "AUTLANB.MX": -0.08710888824630171, "AXTELCPO.MX": -0.06956932836605055, "AZTECACPO.MX": 0.042494096236068014, "BACHOCOB.MX": 0.025775422969512164, "BAFARB.MX": 0.004467159751439063, "GFNORTEO.MX": -0.03330903254619145, "BBVA.MX": -0.013643724961868777, "BIMBOA.MX": -0.011775306300388238, "BOLSAA.MX": 0.0005840159160939518, "GCARSOA1.MX": 0.016467609263675874, "GCC.MX": -0.01879253138520925, "CEMEXCPO.MX": -0.10813083209369952, "CERAMICB.MX": -0.0008989467847751087, "CHDRAUIB.MX": -0.06981628950169075, "CREAL.MX": -0.03936854680333226, "CULTIBAB.MX": 0.0071974005054682225, "CYDSASAA.MX": -0.02359394747175493, "DINEA.MX": -0.020202751044071533, "FEMSAUBD.MX": 0.006574840403211483, "FINAMEXO.MX": -0.05730906132751609, "FRAGUAB.MX": 0.0339019898917883, "FRES.MX": 0.09064620923808811, "GBMO.MX": -0.0538353290857307, "LABB.MX": -0.03503359631779002, "GENTERA.MX": -0.24811970968227504, "GISSAA.MX": 0.01623189294205012, "GMD.MX": -0.057191023578700324, "GNP.MX": 0.012628434005173772, "GMEXICOB.MX": 0.022140256307009158, "HERDEZ.MX": 0.03320239788338995, "HOMEX.MX": 0.30390238457470725, "IENOVA.MX": -0.023175328970515965, "GFINBURO.MX": 0.034077595723717734, "ICHB.MX": 0.022100702344929384, "PE&OLES.MX": 0.008056501219601641, "KUOB.MX": -0.03647708125353568, "LALAB.MX": 0.06150367072664571, "LAMOSA.MX": -0.05936722479235367, "GRUMAB.MX": 0.030309521720982023, "MEDICAB.MX": 0.010856713307118954, "MEGACPO.MX": 0.0010626815264764388, "MFRISCOA-1.MX": -0.0680532829689111, "CMOCTEZ.MX": -0.009227132834182687, "MONEXB.MX": 0.019261395351267255, "GFMULTIO.MX": 0.005597480010905565, "ORBIA.MX": -0.057709581048196595, "PINFRA.MX": 0.017889987622214137, "POCHTECB.MX": -0.018186386403453117, "PASAB.MX": -0.003391479142791989, "TEAKCPO.MX": -0.05532151648216428, "RCENTROA.MX": -0.1571456199540827, "RA.MX": -0.04371305678620509, "BSMXB.MX": 0.11745544770686532, "SIMECB.MX": -0.03099793004463593, "SORIANAB.MX": -0.035335981915726386, "TLEVISACPO.MX": -0.03573765660961156, "TS.MX": 0.04192136743784798, "TMMA.MX": -0.0464034887669546, "URBI.MX": -0.0028206192543671705, "VALUEGFO.MX": 0.053972797814542145, "VESTA.MX": -0.016769246095772607, "VITROA.MX": -0.029956171941766762, "VOLARA.MX": 0.022599863392627543, "WMT.MX": -0.04909791204117748}