{"ACCELSAB.MX": 0.006342883354736199, "ACTINVRB.MX": 0.009108809397213704, "OMAB.MX": -0.08386919110616813, "GAPB.MX": -0.008992677532150505, "ASURB.MX": -0.02975241537824245, "ALEATIC.MX": -0.051472815833882656, "ALFAA.MX": -0.029987105336127095, "ALPEKA.MX": -0.008334462586452334, "AMXL.MX": 0.004250374973199244, "ANB.MX": 0.020980360464818427, "ARA.MX": -0.07803662167912875, "AC.MX": -0.005000492918948897, "AUTLANB.MX": -0.037845093872474596, "AXTELCPO.MX": -0.07301009476821972, "AZTECACPO.MX": 0.11605082177363102, "BACHOCOB.MX": 0.01732872668682245, "GFNORTEO.MX": 0.07618117900646391, "BBVA.MX": -0.04670363597571307, "BIMBOA.MX": 0.01896766210856804, "BOLSAA.MX": -0.0558976814633498, "GCARSOA1.MX": 0.05205772648021709, "GCC.MX": 0.0510530615355456, "CEMEXCPO.MX": -0.05426227014778258, "CERAMICB.MX": 0.013947101849370688, "CHDRAUIB.MX": -0.05501008696854811, "CREAL.MX": -0.01677843275211207, "CULTIBAB.MX": -0.024124062687301304, "CYDSASAA.MX": 0.040160289181097625, "DINEA.MX": -0.0005861088722403074, "FEMSAUBD.MX": 0.02297431480712402, "FINAMEXO.MX": -0.041022726405750595, "FRAGUAB.MX": 0.07198863990947803, "FRES.MX": 0.010269570506831905, "GBMO.MX": -0.0623218799790582, "LABB.MX": 0.041420048822908936, "GENTERA.MX": -0.04250940289202875, "GISSAA.MX": -0.009854172079421759, "GMD.MX": -0.03311100603513527, "GNP.MX": 0.049583264700953054, "GMEXICOB.MX": 0.013551295904580915, "HERDEZ.MX": 0.020622922628424228, "HOMEX.MX": -0.016013984904904324, "IENOVA.MX": -0.02228072482994987, "GFINBURO.MX": 0.04443015024727441, "ICHB.MX": -0.18091825573688566, "PE&OLES.MX": 0.08102942903266543, "KUOB.MX": -0.04227069141175424, "LALAB.MX": -0.02954697449037555, "LAMOSA.MX": -0.018827503424832703, "GRUMAB.MX": 0.05969769888898794, "MEDICAB.MX": 0.014834267470083602, "MEGACPO.MX": 0.018534788086445077, "MFRISCOA-1.MX": -0.07116137614626665, "CMOCTEZ.MX": -0.011778130569920355, "MONEXB.MX": 0.00885187059093867, "GFMULTIO.MX": 0.007497479629435837, "ORBIA.MX": -0.03211471207276227, "PINFRA.MX": 0.0019594205604059247, "POCHTECB.MX": -0.02027971622598566, "PASAB.MX": -0.027717823241964205, "TEAKCPO.MX": -0.07102964219301534, "RCENTROA.MX": -0.17496126882261354, "RA.MX": -0.02958933285835322, "BSMXB.MX": 0.06421361529099925, "SIMECB.MX": -0.02504851808853914, "SORIANAB.MX": -0.03979105512116086, "TLEVISACPO.MX": -0.03793855665893048, "TS.MX": 0.014226649974123711, "TMMA.MX": -0.004939435272079985, "URBI.MX": -0.004375675497559197, "VALUEGFO.MX": -0.05963106882326569, "VESTA.MX": 0.0011267259415521558, "VITROA.MX": -0.01740391791124408, "VOLARA.MX": -0.00506348487575305, "WMT.MX": -0.01158607996608689}