{"ACCELSAB.MX": 0.13286840377673967, "ACTINVRB.MX": 0.01906943301290154, "AEROMEX.MX": -0.011604423836107223, "OMAB.MX": -0.011925976273912769, "GAPB.MX": -0.07332791862968213, "ASURB.MX": 0.036251703498008284, "ALEATIC.MX": -0.06625032126954238, "ALFAA.MX": 0.06763407131445766, "ALPEKA.MX": 0.062293408885776176, "AMXL.MX": 0.026578242512860912, "ANB.MX": 0.017992621601172792, "ARA.MX": -0.020260604352654178, "AC.MX": -0.008899335569990391, "AUTLANB.MX": -0.018225296875882927, "AXTELCPO.MX": -0.1286522373431457, "AZTECACPO.MX": 0.0022062592653138823, "BACHOCOB.MX": -0.0023724440858341857, "BAFARB.MX": 0.008758322814486366, "GFNORTEO.MX": 0.03992320813976143, "BBVA.MX": 0.008316808594425705, "BIMBOA.MX": 0.015230180620221523, "BOLSAA.MX": 0.0815980887008691, "GCARSOA1.MX": 0.022677525781813847, "GCC.MX": 0.006488360159370513, "CEMEXCPO.MX": -0.10789595979588938, "CERAMICB.MX": -0.0064071417602822025, "CHDRAUIB.MX": -0.03326273264447613, "CREAL.MX": 0.05571918463276965, "CULTIBAB.MX": -0.001528963971613282, "CYDSASAA.MX": 0.07260017332149896, "DINEA.MX": -0.01283786165293947, "FEMSAUBD.MX": 0.015141065152249, "FINAMEXO.MX": -0.0056260824429446195, "FRAGUAB.MX": 0.0076900205350369935, "FRES.MX": -0.025362186699810767, "GBMO.MX": -0.029094885780378395, "LABB.MX": 0.028689080998291788, "GENTERA.MX": -0.11484311760664573, "GISSAA.MX": 0.010122710147445662, "GMD.MX": -0.007965484166543291, "GNP.MX": 0.011050017267620343, "GMEXICOB.MX": 0.027275890553207595, "HERDEZ.MX": 0.021263414903258934, "HOMEX.MX": -0.020686714409697292, "IENOVA.MX": -0.014777530708884412, "GFINBURO.MX": 0.05191620368594256, "ICHB.MX": 0.016784937426450403, "PE&OLES.MX": 0.15473316223237688, "KUOB.MX": -0.0017739605169813577, "LALAB.MX": -0.03428266566588471, "LAMOSA.MX": -0.04540408674363747, "GRUMAB.MX": -0.0011560105664639175, "MEDICAB.MX": 0.024427234040243228, "MEGACPO.MX": -0.0025426060648582817, "MFRISCOA-1.MX": -0.15041736318456345, "CMOCTEZ.MX": -0.006122547042352123, "MONEXB.MX": 0.09877445283880577, "GFMULTIO.MX": 0.007497479629435837, "ORBIA.MX": -0.03544691691717445, "PINFRA.MX": 0.03752072830499257, "POCHTECB.MX": -0.012759745587365114, "PASAB.MX": -0.019251818028479563, "TEAKCPO.MX": -0.016029278137833634, "RCENTROA.MX": -0.04664951304462908, "RA.MX": 0.03742287514757971, "BSMXB.MX": -0.05337220373700141, "SIMECB.MX": 0.04205038052824204, "SORIANAB.MX": -0.046944159806876995, "TLEVISACPO.MX": -0.09764610439878538, "TS.MX": -0.08993356859062701, "TMMA.MX": 0.012729402349135176, "URBI.MX": -0.18561638742902203, "VALUEGFO.MX": 0.07152886730735401, "VESTA.MX": 0.032177961446046004, "VITROA.MX": 0.061394996959971436, "VOLARA.MX": 0.03954531781693781, "WMT.MX": -0.07310837629411573}