{"ACCELSAB.MX": 0.08680551949936877, "ACTINVRB.MX": -0.01165715184305482, "AEROMEX.MX": 0.04786807829279718, "OMAB.MX": 0.034796878753309425, "GAPB.MX": 0.006790275230334923, "ASURB.MX": 0.07510617477987697, "ALEATIC.MX": -0.09178428217091086, "ALFAA.MX": 0.10572836089756009, "ALPEKA.MX": 0.014216444809182695, "AMXL.MX": -0.010717089105386308, "ANB.MX": -0.023499740539463757, "ARA.MX": 0.009353423980440813, "AC.MX": 0.0007032912779056311, "AUTLANB.MX": -0.06465166747838652, "AXTELCPO.MX": -0.10145756899150259, "AZTECACPO.MX": -0.04968512153272441, "BACHOCOB.MX": -0.015065073255327459, "BAFARB.MX": 0.009820171945006664, "GFNORTEO.MX": 0.03746121539060873, "BBVA.MX": -0.004077758359795138, "BIMBOA.MX": -0.01720425363355757, "BOLSAA.MX": -0.061802332231941204, "GCARSOA1.MX": 0.01400611413655458, "GCC.MX": 0.028359621607304108, "CEMEXCPO.MX": -0.07534892722902721, "CERAMICB.MX": 0.006684801526679647, "CHDRAUIB.MX": 0.007331181303774437, "CREAL.MX": -0.018325819678328362, "CULTIBAB.MX": -0.06216401738970877, "CYDSASAA.MX": -0.015874772775218104, "DINEA.MX": 0.01797542535078896, "FEMSAUBD.MX": -0.012906286338245643, "FINAMEXO.MX": -0.008147257849241146, "FRAGUAB.MX": -0.0025024885774624327, "FRES.MX": 0.012254066748011057, "GBMO.MX": 0.006214252889204413, "LABB.MX": 0.005703644686762328, "GENTERA.MX": -0.009707137785862668, "GISSAA.MX": 0.02213121411080082, "GMD.MX": -0.0089617349126295, "GNP.MX": -0.0007746111891072127, "GMEXICOB.MX": -0.0035894005286131723, "HERDEZ.MX": 0.022145282850580473, "HOMEX.MX": -0.06359478789797801, "IENOVA.MX": 0.004737508983652332, "GFINBURO.MX": -0.04129762026903359, "ICHB.MX": 0.02865441188206933, "PE&OLES.MX": -0.04276238007231593, "KUOB.MX": -0.010817231372451698, "LAMOSA.MX": -0.009864558622762785, "GRUMAB.MX": 0.03693594322895225, "MEDICAB.MX": 0.03748888351844982, "MEGACPO.MX": 0.014782972848901146, "MFRISCOA-1.MX": -0.08543343956004992, "CMOCTEZ.MX": -0.030790342083950806, "MONEXB.MX": -0.020405713807993737, "GFMULTIO.MX": 0.007497479629435837, "ORBIA.MX": 0.015895140529891716, "PINFRA.MX": -0.019671915116720614, "PASAB.MX": -0.00886122649040509, "TEAKCPO.MX": -0.025467922290833788, "RA.MX": 0.04387791293691002, "BSMXB.MX": -0.054482642374202035, "SIMECB.MX": -0.035237714852090575, "SORIANAB.MX": -0.05283667760106661, "TLEVISACPO.MX": -0.05555282171701377, "TS.MX": 0.0379123088500693, "TMMA.MX": 0.04426646110609884, "URBI.MX": -0.11367098457402108, "VALUEGFO.MX": 0.009710883010202646, "VESTA.MX": -0.06811649465218592, "VITROA.MX": -0.018094941118135578, "VOLARA.MX": 0.08337738941550836, "WMT.MX": 0.010295313749010018}