{"ACCELSAB.MX": 0.015386938470759942, "ACTINVRB.MX": -0.08107118082381252, "AEROMEX.MX": -0.1871564871937237, "OMAB.MX": 0.05113410058659813, "GAPB.MX": 0.06697420928388413, "ASURB.MX": 0.08032774143630446, "ALEATIC.MX": -0.055895724406810926, "ALFAA.MX": -0.012632685401675378, "ALPEKA.MX": 0.0072574000976866485, "AMXL.MX": -0.009921909323589623, "ANB.MX": -0.052864923468636214, "ARA.MX": -0.09459790130060496, "AC.MX": -0.04510588203003841, "AUTLANB.MX": -0.10647941621560628, "AXTELCPO.MX": -0.15429049200667397, "AZTECACPO.MX": -0.1357919692258553, "BACHOCOB.MX": -0.02187746582101269, "BAFARB.MX": -0.005223664409175868, "GFNORTEO.MX": 0.0942174479768658, "BBVA.MX": -0.046029861604980106, "BIMBOA.MX": -0.01357079235069313, "BOLSAA.MX": -0.029000501452205195, "GCARSOA1.MX": -0.05366839020474016, "GCC.MX": -0.011753021098472467, "CEMEXCPO.MX": -0.027195228938084227, "CERAMICB.MX": -0.04457129061197923, "CHDRAUIB.MX": 0.0007380949510153079, "CULTIBAB.MX": -0.04163772014067136, "CYDSASAA.MX": -0.02487606321584661, "DINEA.MX": -0.03383961532302957, "FEMSAUBD.MX": -0.011533191486849458, "FINAMEXO.MX": -0.013256353821203954, "FRAGUAB.MX": 0.057123776878143226, "FRES.MX": -0.1019842237436779, "GBMO.MX": -0.01773397883500234, "LABB.MX": -0.02850883420941981, "GENTERA.MX": -0.031358900434922114, "GICSAB.MX": 0.05397234529241004, "GISSAA.MX": 0.04365621718221205, "GMD.MX": -0.04017259552495576, "GNP.MX": 0.026930946993026516, "GMEXICOB.MX": -0.004296082276411218, "HERDEZ.MX": -0.0509597225249974, "HOMEX.MX": 0.019251599313310153, "IENOVA.MX": 0.04147099263636309, "GFINBURO.MX": -0.06419777513583334, "ICHB.MX": -0.09398300140749649, "PE&OLES.MX": -0.12003920766653507, "KUOB.MX": 0.03765946971233054, "LALAB.MX": -0.032230943609174584, "LAMOSA.MX": -0.008198976722131407, "GRUMAB.MX": -0.0002745521876226065, "MEDICAB.MX": -0.01285959137844213, "MEGACPO.MX": -0.015686582884767764, "MFRISCOA-1.MX": 0.05044990122858956, "CMOCTEZ.MX": 0.017223913322629923, "MONEXB.MX": -0.006035454031684555, "GFMULTIO.MX": 0.0837795554677818, "ORBIA.MX": 0.005660726055442323, "PINFRA.MX": 0.011800353093672642, "POCHTECB.MX": -0.02684765778219046, "PASAB.MX": -0.026476161125085936, "TEAKCPO.MX": -0.034432513468854155, "RCENTROA.MX": -0.06088362932387815, "RA.MX": 0.030751428287899864, "AGUA.MX": -0.04642230835731526, "BSMXB.MX": 0.023336744700066657, "SIMECB.MX": 0.050190983761205385, "SORIANAB.MX": 0.008718907851706818, "TLEVISACPO.MX": 0.025058267602180936, "TS.MX": -0.19302938412203233, "TMMA.MX": 0.02135653796684712, "UNIFINA.MX": -0.003075689051160678, "URBI.MX": 0.22578809197560798, "VALUEGFO.MX": -0.052013684720938154, "VESTA.MX": 0.03278549807097613, "VITROA.MX": -0.025986978060080247, "VOLARA.MX": 0.06924066694464873, "WMT.MX": 0.0013557154858916376}