{"ACCELSAB.MX": -0.01334761809806751, "ACTINVRB.MX": -0.029921158040691908, "AEROMEX.MX": -0.15770970441199256, "OMAB.MX": -0.016431377210667484, "GAPB.MX": -0.0006153309492465031, "ASURB.MX": 0.0040753960368144545, "ALEATIC.MX": -0.027304177411183232, "ALFAA.MX": -0.005614182243526931, "ALPEKA.MX": -0.0573986071700514, "AMXL.MX": 0.018879891164339403, "ANB.MX": 0.06682841934054733, "ARA.MX": 0.030032073266907534, "AC.MX": 0.019732863477933345, "AUTLANB.MX": -0.07435924342431845, "AXTELCPO.MX": 0.3122323891455557, "AZTECACPO.MX": -0.13975336007218764, "BACHOCOB.MX": 0.019090454291327975, "BAFARB.MX": -0.0036634323788221766, "GFNORTEO.MX": 0.06703996384563568, "BBVA.MX": -0.071028647968179, "BIMBOA.MX": 0.02636613071138364, "BOLSAA.MX": 0.010098896857322475, "GCARSOA1.MX": -0.014387745846460472, "GCC.MX": -0.07743143277683809, "CEMEXCPO.MX": -0.09625291387188105, "CERAMICB.MX": -0.021655982394552208, "CHDRAUIB.MX": -0.022850951386071943, "CREAL.MX": -0.03189243442386655, "CULTIBAB.MX": -0.09116916017311302, "CYDSASAA.MX": -0.029349091991992298, "DINEA.MX": -0.037866106313618794, "FEMSAUBD.MX": -0.03929996671144421, "FINAMEXO.MX": -0.006647352647352662, "FRAGUAB.MX": 0.04539537404458163, "FRES.MX": 0.008712781730926916, "GBMO.MX": -0.016014428058628426, "LABB.MX": -0.006931103933413477, "GENTERA.MX": -0.09133837909321456, "GICSAB.MX": -0.05330079237090999, "GISSAA.MX": 0.0009946110281912014, "GMD.MX": -0.024932424215702013, "GNP.MX": 0.1145041030643986, "GMEXICOB.MX": 0.03421893438000214, "HERDEZ.MX": -0.023152669849924024, "HOMEX.MX": -0.13107378976897405, "IENOVA.MX": -0.001970085872135782, "GFINBURO.MX": -0.03715280311789823, "ICHB.MX": -0.012460998434553772, "PE&OLES.MX": 0.12177072425598884, "KUOB.MX": 0.04031108850143364, "LALAB.MX": -0.04225411035310632, "LAMOSA.MX": -0.0480450138359529, "GRUMAB.MX": 0.04085043695594049, "MAXCOMA.MX": -0.06151925139284626, "MEDICAB.MX": -0.03132126816377552, "MEGACPO.MX": -0.011461258391944593, "MFRISCOA-1.MX": -0.06569011795555109, "CMOCTEZ.MX": -0.04019622827748006, "MONEXB.MX": 0.025206325068361943, "GFMULTIO.MX": 0.0837795554677818, "ORBIA.MX": -0.045097490978047564, "PINFRA.MX": -0.004539087643098567, "POCHTECB.MX": -0.0164238092583093, "PASAB.MX": -0.04438914954895594, "TEAKCPO.MX": -0.1473489255506075, "Q.MX": 0.07424690684170034, "RCENTROA.MX": -0.14204836571125998, "RA.MX": -0.05571426551585086, "AGUA.MX": -0.08036056339351286, "BSMXB.MX": 0.026403238411716393, "SIMECB.MX": -0.03255517139136527, "SORIANAB.MX": -0.02399237500275122, "TLEVISACPO.MX": -0.06125869410326759, "TS.MX": -0.19783111630708164, "TMMA.MX": -0.05021991729899049, "UNIFINA.MX": -0.0428811661467188, "URBI.MX": 0.12025701398243324, "VALUEGFO.MX": 0.053853852603021723, "VESTA.MX": -0.017110555330566716, "VITROA.MX": -0.056127359026270474, "VOLARA.MX": -0.03984631387904299, "WMT.MX": 0.03230529216059768}