{"ACCELSAB.MX": 0.013420570765129158, "AEROMEX.MX": -0.04009706269071149, "OMAB.MX": -0.05506378844616726, "GAPB.MX": -0.015802244216207427, "ASURB.MX": 0.004431593753998062, "ALEATIC.MX": -0.05353617267600133, "ALFAA.MX": -0.025490708084538474, "ALPEKA.MX": 0.021901568714894033, "AMXL.MX": -0.058156677953205414, "ANB.MX": 0.05571025837665521, "ARA.MX": -0.07885714453115937, "AC.MX": -0.009214539155269442, "AUTLANB.MX": -0.0833875582119004, "AXTELCPO.MX": 0.0405557002265782, "AZTECACPO.MX": -0.2093844505321732, "BACHOCOB.MX": 0.04501071077412651, "BAFARB.MX": 0.0014784703402589638, "GFNORTEO.MX": -0.08122942369794195, "BBVA.MX": 0.0037927573007861216, "BIMBOA.MX": 0.020349840440528996, "BOLSAA.MX": -0.035807856827401424, "GCARSOA1.MX": -0.04232690408898673, "GCC.MX": 0.056645030863022416, "CEMEXCPO.MX": -0.04790607965124611, "CERAMICB.MX": 0.010533075635063472, "CHDRAUIB.MX": -0.04130281114445933, "CREAL.MX": 0.05847241704694408, "CULTIBAB.MX": -0.09099080528017392, "CYDSASAA.MX": -0.0024333747730764565, "DINEA.MX": -0.026878139124469062, "FEMSAUBD.MX": 0.022983925330200154, "FINAMEXO.MX": -0.05566418981171548, "FRAGUAB.MX": 0.0408407478894854, "FRES.MX": 0.07024240690267843, "GBMO.MX": -0.058300213386992886, "LABB.MX": -0.01971107122564872, "GENTERA.MX": -0.012070569952240942, "GISSAA.MX": 0.04016279327545221, "GMD.MX": -0.03821669326804814, "GNP.MX": 0.049583264700953054, "GMEXICOB.MX": -0.04353065646104955, "HERDEZ.MX": 0.009672203437135336, "IENOVA.MX": -0.01299234298550551, "GFINBURO.MX": 0.015366394743694976, "ICHB.MX": -0.18198658996455702, "PE&OLES.MX": -0.003955288676714483, "KUOB.MX": -0.006259427151582216, "LALAB.MX": 0.04367536036058215, "LAMOSA.MX": -0.011497568353143589, "GRUMAB.MX": -0.0004805043883285498, "MEDICAB.MX": -0.004206570994828605, "MEGACPO.MX": -0.013708823560001599, "MFRISCOA-1.MX": 0.038539243921567524, "CMOCTEZ.MX": 0.008815391604867441, "MONEXB.MX": 0.03238079693801939, "GFMULTIO.MX": 0.005597480010905565, "ORBIA.MX": 0.012563164325548253, "PINFRA.MX": -0.03119938645946208, "POCHTECB.MX": -0.012941246766198226, "PASAB.MX": -0.015017598120293385, "TEAKCPO.MX": -0.11135856653030413, "RCENTROA.MX": -0.021448900834170573, "RA.MX": -0.0068642557618084025, "BSMXB.MX": -0.009140129565670957, "SIMECB.MX": -0.05095021617941323, "SORIANAB.MX": 0.013487166846058473, "TLEVISACPO.MX": -0.0065071702061518764, "TS.MX": -0.07843654719996762, "TMMA.MX": -0.005781588429630372, "URBI.MX": -0.0817504906663542, "VALUEGFO.MX": -0.05028661678375772, "VESTA.MX": 0.0028392319294533942, "VITROA.MX": 0.009918251988527886, "VOLARA.MX": -0.016578836380580775, "WMT.MX": 0.03418224124679595}