{"ACCELSAB.MX": -0.0030463357836972692, "AEROMEX.MX": -0.04521055405778631, "OMAB.MX": 0.10958073055634612, "GAPB.MX": 0.08502102001793992, "ASURB.MX": 0.0611935929517516, "ALEATIC.MX": -0.03332170096208095, "ALFAA.MX": 0.01368911109610024, "AMXL.MX": -0.030813877416594918, "ANB.MX": -0.04799246437798555, "ARA.MX": -0.07322117894904416, "AC.MX": 0.009345979915743725, "AUTLANB.MX": -0.044584828325792955, "AXTELCPO.MX": -0.012280273571706747, "AZTECACPO.MX": -0.1938186563677141, "BACHOCOB.MX": 0.012010814967182313, "BAFARB.MX": 0.05274324022324248, "GFNORTEO.MX": 0.05636309216400624, "BBVA.MX": -0.06816807592110995, "BIMBOA.MX": -0.004227409880732871, "BOLSAA.MX": -0.05821965057375217, "GCARSOA1.MX": 0.05509633685903732, "GCC.MX": 0.060904319538515876, "CEMEXCPO.MX": -0.08478059057522044, "CERAMICB.MX": -0.014948574084367868, "CHDRAUIB.MX": -0.04458208886489954, "CREAL.MX": -0.021379482015866525, "CULTIBAB.MX": 0.019026149529701983, "CYDSASAA.MX": -0.0020751098669653124, "DINEA.MX": 0.026519048719415173, "FEMSAUBD.MX": -0.005197293775367584, "FINAMEXO.MX": -0.04423791086461186, "FRAGUAB.MX": 0.008484667322907747, "FRES.MX": -0.030696517508164923, "GBMO.MX": -0.019796931877128325, "LABB.MX": -0.010036469836073942, "GENTERA.MX": -0.19222496834347289, "GISSAA.MX": -0.06724965285853023, "GMD.MX": -0.03542688053064828, "GNP.MX": 0.046229123180745776, "GMEXICOB.MX": 0.00860865051250057, "HERDEZ.MX": 0.009010531307237238, "IENOVA.MX": 0.05643204906905805, "GFINBURO.MX": -0.015693196242823896, "ICHB.MX": 0.015915533801226015, "PE&OLES.MX": -0.08848939657437492, "KUOB.MX": 0.020250417902346357, "LAMOSA.MX": -0.03354051600102895, "GRUMAB.MX": 0.030181964221641176, "MAXCOMA.MX": 0.13837419601722323, "MEDICAB.MX": -0.023023355107763578, "MEGACPO.MX": -0.08344444661150113, "MFRISCOA-1.MX": 0.11358224952707126, "CMOCTEZ.MX": -0.013118382999806727, "MONEXB.MX": -0.0013204761744061177, "GFMULTIO.MX": 0.0017682770424581197, "ORBIA.MX": -0.014557983162559063, "PINFRA.MX": 0.07656963086576227, "POCHTECB.MX": 0.028858222562089503, "PASAB.MX": -0.020011250690189945, "TEAKCPO.MX": -0.08675418356544025, "RCENTROA.MX": -0.19284370630877565, "RA.MX": 0.0454973891466439, "BSMXB.MX": 0.030977141237756772, "SIMECB.MX": 0.05489340048698086, "SORIANAB.MX": 0.015495429777946221, "TLEVISACPO.MX": 0.09873925531251164, "TS.MX": -0.1500961985271988, "TMMA.MX": -0.011408109885773671, "VALUEGFO.MX": -0.019563882064890077, "VESTA.MX": 0.025019881065992747, "VITROA.MX": -0.06248205246617509, "VOLARA.MX": 0.10912134809900863, "WMT.MX": -0.061114581757067715}