{"ACCELSAB.MX": -0.00604047365288934, "ACTINVRB.MX": -0.0013250352764759522, "AEROMEX.MX": 0.014615526858305078, "OMAB.MX": 0.06111417059596749, "GAPB.MX": 0.07793191573396187, "ASURB.MX": 0.04105873254784242, "ALEATIC.MX": -0.04881109895009991, "ALFAA.MX": -0.029453516998500188, "ALPEKA.MX": 0.08825589343401752, "AMXL.MX": 0.0007083970140571283, "ANB.MX": 0.04633207036540988, "ARA.MX": -0.050826695318801, "AC.MX": 0.024835283289329376, "AUTLANB.MX": -0.0420219735103005, "AXTELCPO.MX": 0.005234991966107951, "AZTECACPO.MX": -0.14607784253381398, "BACHOCOB.MX": -0.00836817980897421, "BAFARB.MX": 0.011748741963382525, "GFNORTEO.MX": 0.10539371649112196, "BBVA.MX": 0.03683862090641496, "BIMBOA.MX": 0.0013086617365823817, "BOLSAA.MX": -0.006571518071123924, "GCARSOA1.MX": 0.05817181490733669, "GCC.MX": 0.006626864025945362, "CEMEXCPO.MX": 0.009869678679191812, "CERAMICB.MX": 0.042137949321635365, "CHDRAUIB.MX": -0.037828232501168055, "CREAL.MX": -0.035886169105432374, "CULTIBAB.MX": 0.02145163999418386, "CYDSASAA.MX": 0.03364703269519909, "DINEA.MX": 0.026999539307048882, "FEMSAUBD.MX": 0.02892324947397708, "FINAMEXO.MX": -0.044999678079033975, "FRAGUAB.MX": 0.03201534228748442, "FRES.MX": -0.1449929499797223, "GBMO.MX": -0.033912499861690974, "LABB.MX": 0.1226517496491806, "GENTERA.MX": 0.10378806342666523, "GISSAA.MX": 0.03734100244409195, "GMD.MX": -0.02700312750744656, "GNP.MX": 0.011034245552340621, "GMEXICOB.MX": 0.029967367946129544, "HERDEZ.MX": 0.03802133937458264, "HOMEX.MX": 0.1522756608960757, "IENOVA.MX": 0.0753794991056316, "GFINBURO.MX": -0.023323559062117107, "ICHB.MX": -0.028446709021889643, "PE&OLES.MX": 0.11400236060283916, "KUOB.MX": 0.0021987907248881577, "LALAB.MX": 0.05119004085383835, "LAMOSA.MX": -0.029531881331810325, "GRUMAB.MX": -0.045058277468807126, "MAXCOMA.MX": 0.13476341077556378, "MEDICAB.MX": -0.0057585812159717635, "MEGACPO.MX": -0.028454097704045594, "CMOCTEZ.MX": 0.01251403746600282, "MONEXB.MX": -0.02778503649268413, "GFMULTIO.MX": 0.07872183561314981, "ORBIA.MX": 0.0131825890074382, "PINFRA.MX": 0.062771941405697, "POCHTECB.MX": -0.018790964090225123, "PASAB.MX": -0.02334705463481562, "TEAKCPO.MX": -0.06183314046033616, "RCENTROA.MX": -0.01733608328199596, "RA.MX": 0.07977140523073492, "AGUA.MX": -0.026172830213074264, "BSMXB.MX": 0.1458217996690664, "SIMECB.MX": 0.03359207322442653, "SORIANAB.MX": -0.10305924488918122, "TLEVISACPO.MX": 0.05154589285370301, "TS.MX": 0.02032995816608748, "TMMA.MX": 0.18848039784262888, "URBI.MX": -0.014015195040893541, "VALUEGFO.MX": -0.043574174309531866, "VESTA.MX": 0.005869971421282303, "VITROA.MX": 0.08677350897692651, "VOLARA.MX": 0.06397348495659998, "WMT.MX": -0.04665804631802042}