{"ACCELSAB.MX": -0.01514860462211814, "ACTINVRB.MX": -0.018744719818934278, "AEROMEX.MX": -0.16285005832502875, "OMAB.MX": 0.03019154464328983, "GAPB.MX": 0.05646280215298379, "ASURB.MX": 0.015553762707994957, "ALEATIC.MX": -0.0003347648620267618, "ALFAA.MX": -0.030632389169685484, "ALPEKA.MX": 0.007759433789147365, "AMXL.MX": 0.026258093588053706, "ANB.MX": 0.03193194107348547, "ARA.MX": -0.06753258633235996, "AC.MX": -0.004830310542800527, "AUTLANB.MX": -0.02055484892777739, "AXTELCPO.MX": -0.08145592920739941, "AZTECACPO.MX": -0.13435697068852048, "BACHOCOB.MX": -0.026748051949831046, "BAFARB.MX": 0.001790578787795525, "GFNORTEO.MX": 0.0700568943597692, "BBVA.MX": -0.05055002763020688, "BIMBOA.MX": 0.009579722682673535, "BOLSAA.MX": -0.009187080478563623, "GCARSOA1.MX": -0.024615975332596643, "GCC.MX": 0.022505734456957253, "CEMEXCPO.MX": -0.08632981801184744, "CERAMICB.MX": -0.0884628924416308, "CHDRAUIB.MX": -0.007194649719012943, "CREAL.MX": -0.056932648873174105, "CULTIBAB.MX": 0.0003537179013573721, "CYDSASAA.MX": 0.010946704265810807, "DINEA.MX": 0.010038644828877818, "FEMSAUBD.MX": -0.040033552353877545, "FINAMEXO.MX": 0.008797202797202745, "FRAGUAB.MX": 0.056356249966870525, "FRES.MX": -0.03436786426792712, "GBMO.MX": -0.04352484568190495, "LABB.MX": -0.04896742023874662, "GENTERA.MX": 0.031045571910272893, "GISSAA.MX": 0.04618228785298235, "GMD.MX": 0.009136963727980472, "GNP.MX": 0.11090017351313794, "GMEXICOB.MX": -0.025114483559083033, "HERDEZ.MX": -0.02336682309949878, "HOMEX.MX": -0.009226021068118812, "IENOVA.MX": 0.012721240062037257, "GFINBURO.MX": -0.01636991015823512, "ICHB.MX": -0.05493679231350272, "PE&OLES.MX": -0.017897101228333687, "KUOB.MX": 0.0499062253144078, "LALAB.MX": -0.07555328124163346, "LAMOSA.MX": -0.056221721585912314, "GRUMAB.MX": 0.07498070093273727, "MAXCOMA.MX": -0.1031875712067354, "MEDICAB.MX": -0.026357440195069266, "MEGACPO.MX": -0.0027177303877813654, "MFRISCOA-1.MX": 0.06839481710649967, "CMOCTEZ.MX": -0.044293282250166266, "MONEXB.MX": 0.006114232944309903, "GFMULTIO.MX": 0.0017682770424581197, "ORBIA.MX": 0.04030531190373453, "PINFRA.MX": -0.0005670131957616753, "POCHTECB.MX": -0.01255392516412302, "PASAB.MX": -0.025828474985195155, "TEAKCPO.MX": -0.22765150495926595, "Q.MX": 0.1165801760445874, "RCENTROA.MX": -0.07550933002993343, "RA.MX": -0.0733490557552191, "AGUA.MX": -0.05894941802505512, "BSMXB.MX": -0.05444117542014908, "SIMECB.MX": 0.06367236222586042, "SORIANAB.MX": 0.012986998829152874, "TLEVISACPO.MX": -0.054040523564444276, "TS.MX": -0.19783111630708164, "TMMA.MX": -0.003550343690749721, "UNIFINA.MX": -0.13202401130576544, "URBI.MX": 0.2837286584991759, "VALUEGFO.MX": -0.0572719412761026, "VESTA.MX": 0.028713635632204314, "VITROA.MX": -0.11719367311353522, "VOLARA.MX": 0.04560054259739411, "WMT.MX": 0.010639771157021603}