{"ACCELSAB.MX": -0.011067997703452967, "ACTINVRB.MX": -0.04669803613688414, "AEROMEX.MX": 0.004894428495939981, "OMAB.MX": 0.04985059988530564, "GAPB.MX": 0.010889289007518612, "ASURB.MX": -0.032816280032843655, "ALEATIC.MX": -0.06327620683283997, "ALFAA.MX": -0.1096975656393962, "ALPEKA.MX": -0.12918318364822098, "AMXL.MX": 0.0025442816076825603, "ARA.MX": -0.006714156782605336, "AC.MX": -0.0020821766388306605, "AUTLANB.MX": -0.052121383912206574, "AXTELCPO.MX": 0.05741001257907196, "AZTECACPO.MX": -0.16961969720561532, "BACHOCOB.MX": -0.02371883490600328, "BAFARB.MX": -0.010358470920719927, "GFNORTEO.MX": -0.004567603232675554, "BBVA.MX": 0.036107355182705546, "BIMBOA.MX": -0.009751201391569852, "BOLSAA.MX": -0.0037564405067564734, "GCARSOA1.MX": -0.012836002179077415, "GCC.MX": 0.10167069075085983, "CEMEXCPO.MX": -0.08124552527413155, "CHDRAUIB.MX": 0.012655435155379719, "CREAL.MX": 0.021178256841283858, "CULTIBAB.MX": -0.03979588653177027, "CYDSASAA.MX": 0.00046678385250784824, "DINEA.MX": 0.0020744281534211782, "FEMSAUBD.MX": -0.01184539134214889, "FINAMEXO.MX": -0.020436376001679166, "FRAGUAB.MX": 0.06072132801498343, "FRES.MX": -0.04105333689805356, "GBMO.MX": -0.014773630281164383, "LABB.MX": -0.06678340395956676, "GENTERA.MX": -0.12633552217328298, "GISSAA.MX": 0.06227343918875814, "GMD.MX": -0.04822965477850958, "GNP.MX": 0.05078791062560044, "GMEXICOB.MX": 0.008042456198357101, "HERDEZ.MX": -0.025286775609781476, "HOMEX.MX": -0.13359349289378797, "IENOVA.MX": 0.06316608365706224, "GFINBURO.MX": -0.17107893787093773, "ICHB.MX": -0.02013915415403083, "PE&OLES.MX": -0.048009877821140086, "KUOB.MX": 0.02433063246220363, "LALAB.MX": -0.12233183833305493, "LAMOSA.MX": -0.018859120448989627, "GRUMAB.MX": 0.008976178559134962, "MEDICAB.MX": 0.005803192123379082, "MEGACPO.MX": -0.02507735354126073, "CMOCTEZ.MX": -0.001837201567290573, "MONEXB.MX": 0.005104044385007348, "GFMULTIO.MX": 0.0017682770424581197, "ORBIA.MX": -0.028962354647033492, "PINFRA.MX": 0.03713054617422674, "POCHTECB.MX": -0.02290906225825877, "PASAB.MX": -0.03948199313006974, "TEAKCPO.MX": -0.057738873091074366, "RCENTROA.MX": -0.05565650166876413, "RA.MX": -0.04487150822065884, "BSMXB.MX": -0.0743906055556412, "SIMECB.MX": 0.04155751948577325, "SORIANAB.MX": -0.015821311016039254, "TLEVISACPO.MX": 0.03365199645143489, "TS.MX": -0.19783111630708164, "TMMA.MX": -0.03897750064933995, "UNIFINA.MX": -0.29675271392433783, "URBI.MX": 0.07245814097985065, "VALUEGFO.MX": -0.019314170273502504, "VESTA.MX": -0.01589650200547622, "VITROA.MX": 0.04737918343447373, "VOLARA.MX": 0.014851957046016028, "WMT.MX": -0.06552442964703191}