{"ACCELSAB.MX": 0.02133473062869514, "ACTINVRB.MX": 0.005634375217598693, "OMAB.MX": -0.09043766272595039, "GAPB.MX": -0.008322721877392848, "ASURB.MX": -0.03275139031696169, "ALEATIC.MX": -0.059781269828008805, "ALFAA.MX": -0.05010397175092786, "ALPEKA.MX": -0.008334462586452334, "AMXL.MX": 0.0029594642560334308, "ANB.MX": 0.01903695731453251, "ARA.MX": -0.0797228863938758, "AC.MX": -0.004137298566840847, "AUTLANB.MX": -0.033388214648805634, "AXTELCPO.MX": -0.07127529467755958, "AZTECACPO.MX": 0.1137313691629771, "BACHOCOB.MX": 0.01732872668682245, "GFNORTEO.MX": 0.0848165821409848, "BBVA.MX": -0.04670363597571307, "BIMBOA.MX": 0.021143382826504888, "BOLSAA.MX": -0.0558976814633498, "GCARSOA1.MX": 0.05679860916545701, "GCC.MX": 0.0510530615355456, "CEMEXCPO.MX": -0.05426227014778258, "CERAMICB.MX": 0.006194084233268706, "CHDRAUIB.MX": -0.056238686955292, "CREAL.MX": -0.01677843275211207, "CULTIBAB.MX": -0.022476492252301715, "CYDSASAA.MX": 0.03933628975220493, "DINEA.MX": 0.0005954698957000515, "FEMSAUBD.MX": 0.024475877902248016, "FINAMEXO.MX": -0.041022726405750595, "FRAGUAB.MX": 0.019262312463355292, "FRES.MX": 0.010269570506831905, "GBMO.MX": -0.0623218799790582, "LABB.MX": -0.012833153180024376, "GENTERA.MX": -0.04250940289202875, "GISSAA.MX": -0.00581721097238021, "GMD.MX": -0.01834512491269545, "GNP.MX": 0.049583264700953054, "GMEXICOB.MX": -0.021068644629546888, "HERDEZ.MX": 0.02548207644703474, "HOMEX.MX": -0.01628648112199174, "IENOVA.MX": -0.023388655475320604, "GFINBURO.MX": 0.04582807635717843, "ICHB.MX": -0.1155883568921518, "PE&OLES.MX": 0.08478905027831915, "KUOB.MX": -0.04203089699366576, "LALAB.MX": -0.02851437113723578, "LAMOSA.MX": -0.018827503424832703, "GRUMAB.MX": 0.05840841074196747, "MEDICAB.MX": -0.011499661708760245, "MEGACPO.MX": 0.021009240490224807, "MFRISCOA-1.MX": -0.0685361317356627, "CMOCTEZ.MX": -0.0007772820849209361, "MONEXB.MX": 0.010464103198128214, "GFMULTIO.MX": 0.005597480010905565, "ORBIA.MX": -0.024013381146121678, "PINFRA.MX": -0.0028203976738968915, "POCHTECB.MX": -0.02027971622598566, "PASAB.MX": -0.031842884852490226, "TEAKCPO.MX": -0.07102964219301534, "RCENTROA.MX": -0.17344989877491682, "RA.MX": -0.02958933285835322, "BSMXB.MX": 0.06421361529099925, "SIMECB.MX": -0.02504851808853914, "SORIANAB.MX": -0.03646470629229836, "TLEVISACPO.MX": -0.03793855665893048, "TS.MX": 0.013958558524287486, "TMMA.MX": -0.027852090231314047, "URBI.MX": -0.012593341724580362, "VALUEGFO.MX": -0.04890369350550141, "VESTA.MX": -0.004003097960387046, "VITROA.MX": -0.019881068494251065, "VOLARA.MX": -0.019918845409706735, "WMT.MX": -0.01158607996608689}