{"ACCELSAB.MX": 0.009120180256365334, "ACTINVRB.MX": -0.010255876084040938, "AEROMEX.MX": -0.1768938259136941, "OMAB.MX": 0.04240071019940841, "GAPB.MX": 0.0628298234960303, "ASURB.MX": 0.054516326628451364, "ALEATIC.MX": -0.009364090670074335, "ALFAA.MX": -0.018088931728129726, "ALPEKA.MX": -0.059553587825416573, "AMXL.MX": 0.02863331295887491, "ANB.MX": 0.06570172138605795, "ARA.MX": -0.06723757737493787, "AC.MX": 0.03451610423422834, "AUTLANB.MX": -0.0289259739363233, "AXTELCPO.MX": 0.1253148764837994, "AZTECACPO.MX": -0.14975832866012076, "BACHOCOB.MX": 0.005191804491783034, "BAFARB.MX": 0.006500055925095256, "GFNORTEO.MX": -0.030336969411042865, "BBVA.MX": 0.030583105195372894, "BIMBOA.MX": 0.02915531879140484, "BOLSAA.MX": -0.05364287213464282, "GCARSOA1.MX": -0.0016597990441419841, "GCC.MX": 0.00496342160906321, "CEMEXCPO.MX": -0.0903463989358087, "CERAMICB.MX": -0.011048165621569574, "CHDRAUIB.MX": -0.025232197035574472, "CULTIBAB.MX": -0.11736600808424007, "CYDSASAA.MX": -0.03405281999304703, "DINEA.MX": 0.026288825988164063, "FEMSAUBD.MX": -0.05029835626519005, "FINAMEXO.MX": -0.0040429570429570474, "FRAGUAB.MX": 0.049244910610640645, "FRES.MX": 0.2521737851013637, "GBMO.MX": -0.03702795092493097, "LABB.MX": 0.026733364157761955, "GENTERA.MX": -0.15632135939721842, "GICSAB.MX": 0.010616145892939246, "GISSAA.MX": -0.028866539048774745, "GMD.MX": -0.02472692414441591, "GNP.MX": 0.10946857648264502, "GMEXICOB.MX": -0.023085027903847477, "HERDEZ.MX": -0.0031961084810823337, "HOMEX.MX": -0.03142261866897981, "IENOVA.MX": -0.0038871010441986977, "GFINBURO.MX": 0.02203747335239335, "ICHB.MX": -0.061955587335161495, "PE&OLES.MX": 0.04943083557597607, "KUOB.MX": 0.024443872082817997, "LALAB.MX": -0.049122961931655704, "LAMOSA.MX": -0.022841054400721362, "GRUMAB.MX": 0.02155333059728668, "MAXCOMA.MX": 0.07791237463707738, "MEDICAB.MX": -0.012280486956329679, "MEGACPO.MX": -0.011587683874557705, "MFRISCOA-1.MX": -0.0007363494478153842, "CMOCTEZ.MX": -0.02444201241456578, "MONEXB.MX": 0.12830185079564332, "ORBIA.MX": -0.10767728104183907, "PINFRA.MX": 0.04940646925998322, "POCHTECB.MX": -0.009855520356629302, "PASAB.MX": -0.038913917806319816, "TEAKCPO.MX": -0.16522571316130075, "RCENTROA.MX": -0.0013975202391714092, "RA.MX": -0.04624932424963858, "AGUA.MX": -0.05165602767362838, "BSMXB.MX": 0.01565530371760262, "SIMECB.MX": 0.024912145539906155, "SORIANAB.MX": 0.013646744327533884, "TLEVISACPO.MX": 0.06614171161197129, "TS.MX": -0.19783111630708164, "TMMA.MX": -0.0052530754114491615, "UNIFINA.MX": -0.010044235843584952, "URBI.MX": -0.09133606086500676, "VALUEGFO.MX": -0.07340241307300235, "VESTA.MX": -0.010557147789112414, "VITROA.MX": -0.03276689297569312, "VOLARA.MX": 0.10476819088410166, "WMT.MX": 0.04069912016183888}