{"ACCELSAB.MX": 0.029173880372661855, "ACTINVRB.MX": -0.06115696505133982, "AEROMEX.MX": 0.015570705309908063, "OMAB.MX": 0.054765170586408424, "GAPB.MX": -0.07434805957275842, "ASURB.MX": -0.06504842640370481, "ALEATIC.MX": -0.07409748799023237, "ALFAA.MX": 0.00043046351645435353, "ALPEKA.MX": 0.12320258666389808, "AMXL.MX": -0.010288585396127212, "ANB.MX": 0.03852772724863877, "ARA.MX": -0.0017906317169309606, "AC.MX": 0.001541603046993596, "AUTLANB.MX": -0.11843817263949585, "AXTELCPO.MX": 0.03596791552228466, "AZTECACPO.MX": -0.1774969850325772, "BACHOCOB.MX": 0.021002286399501902, "BAFARB.MX": 0.002025105376068037, "GFNORTEO.MX": -0.033203205584072706, "BBVA.MX": -0.021193444238514544, "BIMBOA.MX": 0.011135864158175565, "BOLSAA.MX": -0.01921432649598692, "GCARSOA1.MX": 0.03766981373094143, "GCC.MX": 0.053045281721168056, "CEMEXCPO.MX": -0.004469026637701929, "CERAMICB.MX": -0.013253056572932836, "CHDRAUIB.MX": -0.03981375597188399, "CREAL.MX": 0.020421375111064722, "CULTIBAB.MX": -0.038428068473925096, "CYDSASAA.MX": 0.02258585590472812, "DINEA.MX": 0.018681756970064915, "FEMSAUBD.MX": 0.007930488812324896, "FINAMEXO.MX": -0.04423791086461186, "FRAGUAB.MX": -0.007926996898352833, "FRES.MX": -0.12291335870198498, "GBMO.MX": -0.03744936183855935, "LABB.MX": 0.005275832887407902, "GENTERA.MX": -0.04759071172410339, "GISSAA.MX": -0.018620816250478327, "GMD.MX": -0.018285724484887557, "GNP.MX": 0.049583264700953054, "GMEXICOB.MX": 0.027488722600678077, "HERDEZ.MX": -0.004200962410740784, "HOMEX.MX": 0.010427304674694415, "IENOVA.MX": -0.010908490734899225, "GFINBURO.MX": -0.003122305945413981, "ICHB.MX": -0.004128463490319607, "PE&OLES.MX": 0.13015611148095826, "KUOB.MX": -0.01813882766949189, "LALAB.MX": -0.07756201267031856, "LAMOSA.MX": -0.05931929829641656, "GRUMAB.MX": -0.01690235654586949, "MEDICAB.MX": -0.024748035408556038, "MEGACPO.MX": -0.020877056773700144, "MFRISCOA-1.MX": 0.014089053486619527, "CMOCTEZ.MX": -5.061819410292489e-06, "MONEXB.MX": -0.0250895046749793, "GFMULTIO.MX": 0.005597480010905565, "ORBIA.MX": -0.03498604428488543, "PINFRA.MX": -0.023223640187427758, "PASAB.MX": -0.024145924094308588, "RCENTROA.MX": -0.08436831755644501, "RA.MX": -0.024677693984418145, "AGUA.MX": -0.0019135186894369816, "BSMXB.MX": 0.006318632432633924, "SIMECB.MX": 0.067391204588592, "SORIANAB.MX": 0.032942442748792385, "TLEVISACPO.MX": -0.02036656198972275, "TS.MX": -0.029001584682165217, "TMMA.MX": -0.030534925241021135, "URBI.MX": 0.09084688695671822, "VALUEGFO.MX": -0.14278095959245962, "VESTA.MX": 0.02188553472311379, "VITROA.MX": 0.0372265537542133, "VOLARA.MX": 0.13719274234253404, "WMT.MX": 0.0368790939589957}