{"ACCELSAB.MX": 0.005866697180359564, "ACTINVRB.MX": -0.06405267438293218, "AEROMEX.MX": 0.011434833180142122, "OMAB.MX": 0.05868564367520279, "GAPB.MX": -0.07154710698945144, "ASURB.MX": -0.05815245801224008, "ALEATIC.MX": -0.03117071479207772, "ALFAA.MX": 0.014422088561895871, "ALPEKA.MX": 0.12620517260626804, "AMXL.MX": -0.008866234318055943, "ANB.MX": 0.040365070257991, "ARA.MX": -0.005314332052297262, "AC.MX": 0.0020185070175737906, "AUTLANB.MX": -0.11843817263949585, "AXTELCPO.MX": 0.007760060482042546, "AZTECACPO.MX": -0.17753959747144457, "BACHOCOB.MX": 0.021002286399501902, "BAFARB.MX": 0.002025105376068037, "GFNORTEO.MX": -0.033203205584072706, "BBVA.MX": -0.021035667269201953, "BIMBOA.MX": 0.011135864158175565, "BOLSAA.MX": -0.016967177952930818, "GCARSOA1.MX": 0.03922336351472937, "GCC.MX": 0.050032070557856606, "CEMEXCPO.MX": -0.0031703327834116278, "CERAMICB.MX": -0.013449135004305383, "CHDRAUIB.MX": -0.03981375597188399, "CREAL.MX": 0.017551527119126435, "CULTIBAB.MX": -0.038428068473925096, "CYDSASAA.MX": 0.020137235511974973, "DINEA.MX": 0.014702817949289666, "FEMSAUBD.MX": 0.007930488812324896, "FINAMEXO.MX": -0.044999678079033975, "FRAGUAB.MX": 0.0060388719912342625, "FRES.MX": -0.11705419069028157, "GBMO.MX": -0.029544032461140634, "LABB.MX": 0.039766489209652846, "GENTERA.MX": -0.03484921987920462, "GISSAA.MX": -0.02056060070782947, "GMD.MX": -0.016137018509489457, "GNP.MX": 0.049583264700953054, "GMEXICOB.MX": 0.027488722600678077, "HERDEZ.MX": -0.004200962410740784, "HOMEX.MX": 0.06281275880559893, "IENOVA.MX": -0.011904888756341356, "GFINBURO.MX": -0.0026968182740434964, "ICHB.MX": 0.004810135051688995, "PE&OLES.MX": 0.138493769282602, "KUOB.MX": -0.017480905486030544, "LALAB.MX": -0.07756201267031856, "LAMOSA.MX": -0.053404143600044286, "GRUMAB.MX": -0.01690235654586949, "MEDICAB.MX": 0.03962154547133427, "MEGACPO.MX": -0.020935810982460768, "MFRISCOA-1.MX": 0.014089053486619527, "CMOCTEZ.MX": -5.061819410292489e-06, "MONEXB.MX": -0.0250895046749793, "GFMULTIO.MX": 0.005597480010905565, "ORBIA.MX": -0.032922373853736996, "PINFRA.MX": -0.02186835444292522, "PASAB.MX": -0.014053323330297365, "RCENTROA.MX": -0.06393416871684292, "RA.MX": -0.02734955316011262, "AGUA.MX": -0.007733242550059929, "BSMXB.MX": 0.002904938119868088, "SIMECB.MX": 0.06557788017469574, "SORIANAB.MX": 0.032942442748792385, "TLEVISACPO.MX": -0.02036656198972275, "TS.MX": -0.026567251172012023, "TMMA.MX": -0.016740037668146496, "URBI.MX": 0.09556877844376065, "VALUEGFO.MX": -0.08352430071582047, "VESTA.MX": 0.024610467676148957, "VITROA.MX": 0.0372265537542133, "VOLARA.MX": 0.13968234879895383, "WMT.MX": 0.0368790939589957}