{"allocation": {"PASAB.MX": 737, "MEGACPO.MX": 147, "CERAMICB.MX": 216, "AUTLANB.MX": 434, "GMD.MX": 242, "KUOB.MX": 89, "AMXL.MX": 196, "MFRISCOA-1.MX": 261, "GCC.MX": 34, "ACCELSAB.MX": 275, "VALUEGFO.MX": 26, "ORBIA.MX": 45, "ASURB.MX": 6, "LAMOSA.MX": 44, "GAPB.MX": 10, "FINAMEXO.MX": 39, "GFMULTIO.MX": 168, "GNP.MX": 48, "CYDSASAA.MX": 53, "AC.MX": 9, "MEDICAB.MX": 25, "CMOCTEZ.MX": 14, "FEMSAUBD.MX": 5, "TMMA.MX": 186, "BIMBOA.MX": 16, "BBVA.MX": 5, "VITROA.MX": 6, "LABB.MX": 19, "AEROMEX.MX": 11, "SORIANAB.MX": 8, "PE&OLES.MX": 1, "OMAB.MX": 3, "RA.MX": 3, "ALFAA.MX": 12, "CHDRAUIB.MX": 6, "TEAKCPO.MX": 13, "PINFRA.MX": 1, "GFNORTEO.MX": 2, "VESTA.MX": 8, "BSMXB.MX": 6, "GISSAA.MX": 5, "CEMEXCPO.MX": 10, "AXTELCPO.MX": 29, "GENTERA.MX": 6, "TLEVISACPO.MX": 1, "RCENTROA.MX": 6, "HOMEX.MX": 96}, "qty": {"PASAB.MX": 18793.5, "MEGACPO.MX": 11573.310493469238, "CERAMICB.MX": 11188.799835205078, "AUTLANB.MX": 7581.97970199585, "GMD.MX": 7177.7199630737305, "KUOB.MX": 3560.0, "AMXL.MX": 3134.03995513916, "MFRISCOA-1.MX": 3116.3398904800415, "GCC.MX": 3155.539916992188, "ACCELSAB.MX": 2835.2501153945923, "VALUEGFO.MX": 2496.0, "ORBIA.MX": 2181.1500549316406, "ASURB.MX": 2003.0399780273438, "LAMOSA.MX": 1827.3199462890627, "GAPB.MX": 1854.9000549316409, "FINAMEXO.MX": 1710.1499404907224, "GFMULTIO.MX": 1680.0, "GNP.MX": 1641.6000366210938, "CYDSASAA.MX": 1456.4399757385254, "AC.MX": 1148.490005493164, "MEDICAB.MX": 975.0, "CMOCTEZ.MX": 1021.8599700927734, "FEMSAUBD.MX": 841.2999725341797, "TMMA.MX": 864.9000177383423, "BIMBOA.MX": 695.2000122070312, "BBVA.MX": 785.0499725341797, "VITROA.MX": 414.90000915527344, "LABB.MX": 419.519998550415, "AEROMEX.MX": 349.5800075531006, "SORIANAB.MX": 324.1600036621094, "PE&OLES.MX": 390.9400024414063, "OMAB.MX": 283.3200073242187, "RA.MX": 304.8300018310547, "ALFAA.MX": 249.24000549316406, "CHDRAUIB.MX": 217.6799926757813, "TEAKCPO.MX": 227.36999702453613, "PINFRA.MX": 187.41000366210935, "GFNORTEO.MX": 218.6000061035156, "VESTA.MX": 187.36000061035156, "BSMXB.MX": 181.37999725341797, "GISSAA.MX": 164.3000030517578, "CEMEXCPO.MX": 142.60000228881836, "AXTELCPO.MX": 117.1599988937378, "GENTERA.MX": 102.60000228881836, "TLEVISACPO.MX": 69.9800033569336, "RCENTROA.MX": 71.39999771118163, "HOMEX.MX": 70.94400215148926}, "pct": {"PASAB.MX": 0.1879459875997254, "MEGACPO.MX": 0.11573987125832555, "CERAMICB.MX": 0.1118945398719378, "AUTLANB.MX": 0.07582422981630253, "GMD.MX": 0.07178139607705625, "KUOB.MX": 0.035602081350202056, "AMXL.MX": 0.03134223186450786, "MFRISCOA-1.MX": 0.031165220869592756, "GCC.MX": 0.0315572440529679, "ACCELSAB.MX": 0.028354158779901138, "VALUEGFO.MX": 0.024961459283737174, "ORBIA.MX": 0.02181277575636909, "ASURB.MX": 0.020031570855459674, "LAMOSA.MX": 0.01827426780354777, "GAPB.MX": 0.018550085014654646, "FINAMEXO.MX": 0.01710249924224548, "GFMULTIO.MX": 0.01680098221020771, "GNP.MX": 0.01641696012592103, "CYDSASAA.MX": 0.014565251263463284, "AC.MX": 0.0114855715183881, "MEDICAB.MX": 0.009750570032709833, "CMOCTEZ.MX": 0.01021919713026909, "FEMSAUBD.MX": 0.008413491590473209, "TMMA.MX": 0.008649505840256085, "BIMBOA.MX": 0.006952406570015784, "BBVA.MX": 0.007850958703970718, "VITROA.MX": 0.004149242662400456, "LABB.MX": 0.004195445257423743, "AEROMEX.MX": 0.0034960044571094766, "SORIANAB.MX": 0.0032417895564214086, "PE&OLES.MX": 0.003909628587069421, "OMAB.MX": 0.0028333657159822128, "RA.MX": 0.0030484782368459134, "ALFAA.MX": 0.0024925457728349537, "CHDRAUIB.MX": 0.002176927193133302, "TEAKCPO.MX": 0.002273832901871555, "PINFRA.MX": 0.0018742096056797986, "GFNORTEO.MX": 0.0021861278652955136, "VESTA.MX": 0.0018737095459279898, "BSMXB.MX": 0.001813906016156071, "GISSAA.MX": 0.001643096088339081, "CEMEXCPO.MX": 0.0014260833938273907, "AXTELCPO.MX": 0.0011716684864057404, "GENTERA.MX": 0.0010260600078700643, "TLEVISACPO.MX": 0.0006998409473036413, "RCENTROA.MX": 0.0007140417210443059, "HOMEX.MX": 0.0007094814988500648}}