{"allocation": {"ACCELSAB.MX": 2610, "VALUEGFO.MX": 152, "WMT.MX": 4, "BAFARB.MX": 126, "RCENTROA.MX": 206, "MEGACPO.MX": 29, "MEDICAB.MX": 66, "FRAGUAB.MX": 6, "TS.MX": 4, "GFINBURO.MX": 43, "CMOCTEZ.MX": 15, "HERDEZ.MX": 20, "GCC.MX": 7, "BACHOCOB.MX": 10, "MONEXB.MX": 52, "CYDSASAA.MX": 22, "ACTINVRB.MX": 52, "IENOVA.MX": 8, "GCARSOA1.MX": 9, "GRUMAB.MX": 3, "GISSAA.MX": 21, "VESTA.MX": 19, "CERAMICB.MX": 8, "PINFRA.MX": 3, "BSMXB.MX": 16, "ALEATIC.MX": 14, "AC.MX": 3, "ARA.MX": 56, "CEMEXCPO.MX": 25, "LABB.MX": 20, "GFNORTEO.MX": 2, "AXTELCPO.MX": 66, "RA.MX": 2, "ASURB.MX": 1, "GAPB.MX": 1, "GMEXICOB.MX": 4, "GENTERA.MX": 11, "HOMEX.MX": 354}, "qty": {"ACCELSAB.MX": 37061.99950218201, "VALUEGFO.MX": 18240.0, "WMT.MX": 7956.0, "BAFARB.MX": 4977.0, "RCENTROA.MX": 2987.0, "MEGACPO.MX": 2701.9299468994145, "MEDICAB.MX": 2276.3401107788086, "FRAGUAB.MX": 1590.0, "TS.MX": 1252.0, "GFINBURO.MX": 1179.0600032806396, "CMOCTEZ.MX": 1035.0, "HERDEZ.MX": 835.8000183105469, "GCC.MX": 743.3999786376954, "BACHOCOB.MX": 709.0000152587891, "MONEXB.MX": 691.6000099182129, "CYDSASAA.MX": 659.7799949645996, "ACTINVRB.MX": 649.4799880981445, "IENOVA.MX": 619.6799926757812, "GCARSOA1.MX": 587.879997253418, "GRUMAB.MX": 668.6999816894532, "GISSAA.MX": 511.97998237609863, "VESTA.MX": 482.03001594543457, "CERAMICB.MX": 408.0, "PINFRA.MX": 541.4399871826171, "BSMXB.MX": 399.8399963378906, "ALEATIC.MX": 371.0, "AC.MX": 315.4500045776367, "ARA.MX": 298.47999572753906, "CEMEXCPO.MX": 261.7500066757202, "LABB.MX": 250.59999465942383, "GFNORTEO.MX": 186.3000030517578, "AXTELCPO.MX": 209.88000440597534, "RA.MX": 175.52000427246094, "ASURB.MX": 273.4200134277344, "GAPB.MX": 141.11000061035156, "GMEXICOB.MX": 167.9199981689453, "GENTERA.MX": 165.9900016784668, "HOMEX.MX": 75.04799911379813}, "pct": {"ACCELSAB.MX": 0.3999896012946268, "VALUEGFO.MX": 0.19685420175952612, "WMT.MX": 0.08586469458326698, "BAFARB.MX": 0.05371400011826543, "RCENTROA.MX": 0.03223703402717678, "MEGACPO.MX": 0.02916043108042999, "MEDICAB.MX": 0.024567276065819824, "FRAGUAB.MX": 0.01715998798232711, "TS.MX": 0.013512141480423612, "GFINBURO.MX": 0.01272494055769707, "CMOCTEZ.MX": 0.011170180856420478, "HERDEZ.MX": 0.009020325955872807, "GCC.MX": 0.008023103584581814, "BACHOCOB.MX": 0.007651843862459471, "MONEXB.MX": 0.007464055257090468, "CYDSASAA.MX": 0.0071206394871524345, "ACTINVRB.MX": 0.007009477226745985, "IENOVA.MX": 0.0066878624070471435, "GCARSOA1.MX": 0.006344662696804495, "GRUMAB.MX": 0.007216907955706527, "GISSAA.MX": 0.005525515940104339, "VESTA.MX": 0.00520228256650604, "CERAMICB.MX": 0.004403317670936768, "PINFRA.MX": 0.005843461429688713, "BSMXB.MX": 0.004315251277994918, "ALEATIC.MX": 0.004003997195876326, "AC.MX": 0.003404476910425961, "ARA.MX": 0.0032213290186475585, "CEMEXCPO.MX": 0.0028249226219681763, "LABB.MX": 0.002704586727501227, "GFNORTEO.MX": 0.0020106325870916154, "AXTELCPO.MX": 0.0022651184612184263, "RA.MX": 0.0018942900402348635, "ASURB.MX": 0.002950870531162037, "GAPB.MX": 0.0015229219589055372, "GMEXICOB.MX": 0.001812267390296536, "GENTERA.MX": 0.0017914380087980801, "HOMEX.MX": 0.0008099514232015545}}