{"allocation": {"VALUEGFO.MX": 242, "CMOCTEZ.MX": 145, "ALPEKA.MX": 198, "MEGACPO.MX": 49, "IENOVA.MX": 49, "ACCELSAB.MX": 352, "GNP.MX": 90, "PASAB.MX": 127, "GFMULTIO.MX": 222, "CERAMICB.MX": 41, "DINEA.MX": 193, "SIMECB.MX": 34, "LAMOSA.MX": 53, "AUTLANB.MX": 117, "TS.MX": 5, "FRES.MX": 6, "ORBIA.MX": 23, "ASURB.MX": 4, "KUOB.MX": 32, "BACHOCOB.MX": 11, "FEMSAUBD.MX": 6, "MEDICAB.MX": 20, "BBVA.MX": 5, "AMXL.MX": 43, "VITROA.MX": 9, "CYDSASAA.MX": 17, "ALEATIC.MX": 16, "ARA.MX": 68, "GFNORTEO.MX": 4, "AC.MX": 3, "GCARSOA1.MX": 5, "GAPB.MX": 2, "GFINBURO.MX": 11, "HERDEZ.MX": 7, "PE&OLES.MX": 1, "BIMBOA.MX": 6, "ALFAA.MX": 12, "GMEXICOB.MX": 4, "AZTECACPO.MX": 72, "MFRISCOA-1.MX": 20}, "qty": {"VALUEGFO.MX": 29524.0, "CMOCTEZ.MX": 10944.600486755371, "ALPEKA.MX": 5890.5, "MEGACPO.MX": 4165.0, "IENOVA.MX": 4083.6598205566406, "ACCELSAB.MX": 3660.799865722656, "GNP.MX": 3240.0, "PASAB.MX": 3035.299951553345, "GFMULTIO.MX": 2886.0, "CERAMICB.MX": 2091.0, "DINEA.MX": 2123.0, "SIMECB.MX": 2108.680015563965, "LAMOSA.MX": 2099.8599433898926, "AUTLANB.MX": 2061.5400981903076, "TS.MX": 2007.6499938964844, "FRES.MX": 2076.0, "ORBIA.MX": 1292.3699684143064, "ASURB.MX": 1266.6400146484375, "KUOB.MX": 1216.0, "BACHOCOB.MX": 1002.099983215332, "FEMSAUBD.MX": 997.5, "MEDICAB.MX": 770.0, "BBVA.MX": 688.0500030517578, "AMXL.MX": 666.5, "VITROA.MX": 489.060001373291, "CYDSASAA.MX": 474.2999935150147, "ALEATIC.MX": 430.39999389648443, "ARA.MX": 437.9200038909912, "GFNORTEO.MX": 424.7999877929688, "AC.MX": 359.04000091552734, "GCARSOA1.MX": 310.84999084472656, "GAPB.MX": 339.8800048828125, "GFINBURO.MX": 309.8700008392334, "HERDEZ.MX": 276.01000213623047, "PE&OLES.MX": 336.8800048828125, "BIMBOA.MX": 228.3600082397461, "ALFAA.MX": 245.75999450683594, "GMEXICOB.MX": 198.0800018310547, "AZTECACPO.MX": 189.3600082397461, "MFRISCOA-1.MX": 150.20000457763672}, "pct": {"VALUEGFO.MX": 0.3104602512690328, "CMOCTEZ.MX": 0.11508817968965085, "ALPEKA.MX": 0.06194167829901903, "MEGACPO.MX": 0.04379714627203366, "IENOVA.MX": 0.042941811881427594, "ACCELSAB.MX": 0.03849521901361257, "GNP.MX": 0.034070289056756076, "PASAB.MX": 0.0319177613343766, "GFMULTIO.MX": 0.03034779451166606, "CERAMICB.MX": 0.021987955067184244, "DINEA.MX": 0.02232445174922628, "SIMECB.MX": 0.022173869647675672, "LAMOSA.MX": 0.022081121990739843, "AUTLANB.MX": 0.02167816884180157, "TS.MX": 0.021111486301496233, "FRES.MX": 0.021830222247477042, "ORBIA.MX": 0.013589943948193253, "ASURB.MX": 0.01331938007096482, "KUOB.MX": 0.012786873917597343, "BACHOCOB.MX": 0.010537603732073079, "FEMSAUBD.MX": 0.01048923251052907, "MEDICAB.MX": 0.008096951411636475, "BBVA.MX": 0.007235204472060274, "AMXL.MX": 0.007008594955656767, "VITROA.MX": 0.005142720868174552, "CYDSASAA.MX": 0.004987511690948791, "ALEATIC.MX": 0.004525880309283727, "ARA.MX": 0.004604957134661055, "GFNORTEO.MX": 0.004466993325744722, "AC.MX": 0.0037754927821388837, "GCARSOA1.MX": 0.003268749704126486, "GAPB.MX": 0.0035740154354842865, "GFINBURO.MX": 0.003258444598336398, "HERDEZ.MX": 0.0029023890602892697, "PE&OLES.MX": 0.0035424688715428457, "BIMBOA.MX": 0.0024013245338677003, "ALFAA.MX": 0.0025842944603193473, "GMEXICOB.MX": 0.002082914481094693, "AZTECACPO.MX": 0.00199121920262897, "MFRISCOA-1.MX": 0.0015794313494710398}}