{"allocation": {"VALUEGFO.MX": 338, "ACCELSAB.MX": 905, "PASAB.MX": 315, "CMOCTEZ.MX": 88, "GCC.MX": 52, "DINEA.MX": 330, "GFMULTIO.MX": 265, "ORBIA.MX": 32, "LAMOSA.MX": 43, "GMEXICOB.MX": 25, "FEMSAUBD.MX": 7, "KUOB.MX": 22, "GBMO.MX": 72, "FRES.MX": 3, "ASURB.MX": 3, "BAFARB.MX": 20, "TS.MX": 2, "CYDSASAA.MX": 22, "MEDICAB.MX": 17, "AUTLANB.MX": 30, "ARA.MX": 71, "BACHOCOB.MX": 5, "OMAB.MX": 3, "TEAKCPO.MX": 18, "MONEXB.MX": 20, "RA.MX": 2, "AEROMEX.MX": 9, "PE&OLES.MX": 1, "GFNORTEO.MX": 2, "AC.MX": 2, "GAPB.MX": 1, "HERDEZ.MX": 5, "GCARSOA1.MX": 3, "GFINBURO.MX": 6, "CREAL.MX": 5, "AXTELCPO.MX": 26, "AZTECACPO.MX": 41, "HOMEX.MX": 570}, "qty": {"VALUEGFO.MX": 38870.0, "ACCELSAB.MX": 9774.000172615051, "PASAB.MX": 7238.699855804443, "CMOCTEZ.MX": 6902.72021484375, "GCC.MX": 6700.2003173828125, "DINEA.MX": 3795.0, "GFMULTIO.MX": 3445.0, "ORBIA.MX": 1837.760009765625, "LAMOSA.MX": 1741.5, "GMEXICOB.MX": 1409.749984741211, "FEMSAUBD.MX": 1224.6499786376953, "KUOB.MX": 962.7199630737305, "GBMO.MX": 957.6000137329102, "FRES.MX": 1020.0, "ASURB.MX": 946.1099853515625, "BAFARB.MX": 760.0, "TS.MX": 803.0599975585938, "CYDSASAA.MX": 680.900016784668, "MEDICAB.MX": 677.4499740600585, "AUTLANB.MX": 507.60000228881836, "ARA.MX": 479.96001625061035, "BACHOCOB.MX": 478.4000015258789, "OMAB.MX": 310.70999908447266, "TEAKCPO.MX": 291.60001373291016, "MONEXB.MX": 280.0, "RA.MX": 213.27999877929688, "AEROMEX.MX": 242.90999794006348, "PE&OLES.MX": 356.0400085449219, "GFNORTEO.MX": 234.13999938964844, "AC.MX": 244.52000427246097, "GAPB.MX": 183.88999938964844, "HERDEZ.MX": 209.3000030517578, "GCARSOA1.MX": 201.15000915527344, "GFINBURO.MX": 166.79999542236328, "CREAL.MX": 115.74999809265138, "AXTELCPO.MX": 103.22000074386597, "AZTECACPO.MX": 98.81000351905823, "HOMEX.MX": 63.2700008153915}, "pct": {"VALUEGFO.MX": 0.41119886717147747, "ACCELSAB.MX": 0.10339742214337881, "PASAB.MX": 0.07657692772063608, "CMOCTEZ.MX": 0.07302265841897113, "GCC.MX": 0.07088023618033924, "DINEA.MX": 0.040146634960528865, "GFMULTIO.MX": 0.03644404675600051, "ORBIA.MX": 0.019441338671177474, "LAMOSA.MX": 0.018423021023388938, "GMEXICOB.MX": 0.014913496185248098, "FEMSAUBD.MX": 0.01295535590165666, "KUOB.MX": 0.01018444451297362, "GBMO.MX": 0.010130281472867608, "FRES.MX": 0.010790399910339773, "ASURB.MX": 0.010008730491283396, "BAFARB.MX": 0.008039905815547282, "TS.MX": 0.00849542992711148, "CYDSASAA.MX": 0.007203121058885913, "MEDICAB.MX": 0.007166623666036605, "AUTLANB.MX": 0.005369810803123269, "ARA.MX": 0.005077412270899277, "BACHOCOB.MX": 0.005060909150560188, "OMAB.MX": 0.0032869462218262403, "TEAKCPO.MX": 0.003084785060822226, "MONEXB.MX": 0.002962070563622683, "RA.MX": 0.002256251450691561, "AEROMEX.MX": 0.002569701980385388, "PE&OLES.MX": 0.0037664843885102917, "GFNORTEO.MX": 0.002476925714138252, "AC.MX": 0.0025867339531155335, "GAPB.MX": 0.0019453398362023957, "HERDEZ.MX": 0.0022141477785919627, "GCARSOA1.MX": 0.002127930432111674, "GFINBURO.MX": 0.0017645477016177877, "CREAL.MX": 0.00122449879317723, "AXTELCPO.MX": 0.0010919461635018458, "AZTECACPO.MX": 0.0010452935814830575, "HOMEX.MX": 0.000669322167770194}}