{"allocation": {"TEAKCPO.MX": 1216, "CMOCTEZ.MX": 305, "WMT.MX": 6, "CYDSASAA.MX": 248, "SIMECB.MX": 94, "MEGACPO.MX": 66, "ACCELSAB.MX": 474, "AUTLANB.MX": 231, "GCC.MX": 41, "MONEXB.MX": 182, "AEROMEX.MX": 20, "ASURB.MX": 2, "MEDICAB.MX": 13, "FEMSAUBD.MX": 3, "GMD.MX": 19, "PASAB.MX": 18, "BAFARB.MX": 10, "BACHOCOB.MX": 4, "GAPB.MX": 2, "MFRISCOA-1.MX": 29, "ARA.MX": 44, "BBVA.MX": 2, "CERAMICB.MX": 5, "BOLSAA.MX": 7, "VITROA.MX": 4, "GISSAA.MX": 8, "PINFRA.MX": 2, "LAMOSA.MX": 6, "OMAB.MX": 2, "GFNORTEO.MX": 2, "DINEA.MX": 20, "PE&OLES.MX": 1, "GFINBURO.MX": 6, "SORIANAB.MX": 5, "BIMBOA.MX": 4, "BSMXB.MX": 6, "HOMEX.MX": 277, "TLEVISACPO.MX": 2, "RCENTROA.MX": 11, "CEMEXCPO.MX": 9, "TMMA.MX": 28, "AZTECACPO.MX": 24}, "qty": {"TEAKCPO.MX": 23104.0, "CMOCTEZ.MX": 22216.19888305664, "WMT.MX": 10201.979736328125, "CYDSASAA.MX": 8184.0, "SIMECB.MX": 5818.600143432617, "MEGACPO.MX": 5507.0401611328125, "ACCELSAB.MX": 4886.940198898315, "AUTLANB.MX": 4250.399911880494, "GCC.MX": 4086.4699249267583, "MONEXB.MX": 2639.0, "AEROMEX.MX": 584.0000152587891, "ASURB.MX": 668.0599975585938, "MEDICAB.MX": 519.8700218200684, "FEMSAUBD.MX": 523.5600128173828, "GMD.MX": 490.1999855041504, "PASAB.MX": 435.60001373291016, "BAFARB.MX": 383.39855194091797, "BACHOCOB.MX": 366.6400146484375, "GAPB.MX": 364.239990234375, "MFRISCOA-1.MX": 333.20999336242676, "ARA.MX": 322.5199966430664, "BBVA.MX": 311.1600036621094, "CERAMICB.MX": 250.0, "BOLSAA.MX": 244.5799903869629, "VITROA.MX": 271.4800109863281, "GISSAA.MX": 240.39999389648438, "PINFRA.MX": 384.760009765625, "LAMOSA.MX": 240.0, "OMAB.MX": 184.22000122070312, "GFNORTEO.MX": 226.32000732421875, "DINEA.MX": 209.40000534057617, "PE&OLES.MX": 411.9400024414063, "GFINBURO.MX": 180.7200050354004, "SORIANAB.MX": 190.0, "BIMBOA.MX": 176.44000244140625, "BSMXB.MX": 159.66000366210935, "HOMEX.MX": 129.91300323605537, "TLEVISACPO.MX": 129.02000427246094, "RCENTROA.MX": 114.9499979019165, "CEMEXCPO.MX": 112.04999828338623, "TMMA.MX": 95.76000213623047, "AZTECACPO.MX": 66.0}, "pct": {"TEAKCPO.MX": 0.23054501847320266, "CMOCTEZ.MX": 0.22168602760987868, "WMT.MX": 0.10180122951761629, "CYDSASAA.MX": 0.0816646654771767, "SIMECB.MX": 0.05806134338451577, "MEGACPO.MX": 0.05495241844187297, "ACCELSAB.MX": 0.04876470387952081, "AUTLANB.MX": 0.04241293828787168, "GCC.MX": 0.04077715046452677, "MONEXB.MX": 0.02633346190057054, "AEROMEX.MX": 0.005827488500094709, "ASURB.MX": 0.006666287416826251, "MEDICAB.MX": 0.005187562490658411, "FEMSAUBD.MX": 0.0052243833460359134, "GMD.MX": 0.004891497780194686, "PASAB.MX": 0.004346667815658808, "BAFARB.MX": 0.0038257715650890788, "BACHOCOB.MX": 0.0036585452281050605, "GAPB.MX": 0.0036345964022361124, "MFRISCOA-1.MX": 0.0033249612220912573, "ARA.MX": 0.0032182902780493856, "BBVA.MX": 0.003104933725432947, "CERAMICB.MX": 0.0024946439845178613, "BOLSAA.MX": 0.002440560007009093, "VITROA.MX": 0.002708983905295545, "GISSAA.MX": 0.002398849594607981, "PINFRA.MX": 0.0038393569753793996, "LAMOSA.MX": 0.0023948582251371465, "OMAB.MX": 0.0018382532714924004, "GFNORTEO.MX": 0.0022583513793896022, "DINEA.MX": 0.0020895138547235054, "PE&OLES.MX": 0.004110574596290909, "GFINBURO.MX": 0.0018033282937743966, "SORIANAB.MX": 0.0018959294282335744, "BIMBOA.MX": 0.0017606199628750832, "BSMXB.MX": 0.001593179470815123, "HOMEX.MX": 0.0012963467681338999, "TLEVISACPO.MX": 0.0012874359101630536, "RCENTROA.MX": 0.001147037283145427, "CEMEXCPO.MX": 0.0011180994167315445, "TMMA.MX": 0.0009555484531462594, "AZTECACPO.MX": 0.0006585860119127153}}