{"allocation": {"WMT.MX": 8, "GFMULTIO.MX": 948, "ACCELSAB.MX": 960, "VALUEGFO.MX": 100, "CERAMICB.MX": 139, "ALPEKA.MX": 146, "CMOCTEZ.MX": 52, "PASAB.MX": 104, "CULTIBAB.MX": 126, "FRES.MX": 8, "TEAKCPO.MX": 126, "BAFARB.MX": 42, "ACTINVRB.MX": 107, "ORBIA.MX": 21, "CHDRAUIB.MX": 28, "MEGACPO.MX": 13, "AUTLANB.MX": 62, "BACHOCOB.MX": 10, "ASURB.MX": 3, "MONEXB.MX": 68, "SIMECB.MX": 13, "TLEVISACPO.MX": 10, "KUOB.MX": 13, "MEDICAB.MX": 16, "BSMXB.MX": 19, "GRUMAB.MX": 1, "BBVA.MX": 3, "ALEATIC.MX": 13, "AXTELCPO.MX": 100, "SORIANAB.MX": 10, "AC.MX": 2, "ARA.MX": 49, "ICHB.MX": 3, "CYDSASAA.MX": 8, "AZTECACPO.MX": 108, "HERDEZ.MX": 4}, "qty": {"WMT.MX": 14688.0, "GFMULTIO.MX": 12324.0, "ACCELSAB.MX": 11548.799743652344, "VALUEGFO.MX": 9800.0, "CERAMICB.MX": 7964.699893951416, "ALPEKA.MX": 4115.740077972412, "CMOCTEZ.MX": 4063.800079345703, "PASAB.MX": 2496.0, "CULTIBAB.MX": 2348.6399230957036, "FRES.MX": 1920.0, "TEAKCPO.MX": 1765.2600288391113, "BAFARB.MX": 1617.0, "ACTINVRB.MX": 1465.8999795913696, "ORBIA.MX": 1358.4900512695312, "CHDRAUIB.MX": 1269.520004272461, "MEGACPO.MX": 1168.3100357055664, "AUTLANB.MX": 1040.9800567626953, "BACHOCOB.MX": 924.1000366210938, "ASURB.MX": 1073.7600402832031, "MONEXB.MX": 806.4799766540527, "SIMECB.MX": 706.6800079345703, "TLEVISACPO.MX": 689.4000244140625, "KUOB.MX": 624.0, "MEDICAB.MX": 595.8400268554688, "BSMXB.MX": 574.5599956512451, "GRUMAB.MX": 242.0500030517578, "BBVA.MX": 358.7699890136719, "ALEATIC.MX": 376.73999404907227, "AXTELCPO.MX": 381.9999933242798, "SORIANAB.MX": 350.09998321533203, "AC.MX": 235.11999511718753, "ARA.MX": 317.52000093460083, "ICHB.MX": 224.19001007080078, "CYDSASAA.MX": 250.88000488281247, "AZTECACPO.MX": 248.3999948501587, "HERDEZ.MX": 164.60000610351562}, "pct": {"WMT.MX": 0.1630182709312018, "GFMULTIO.MX": 0.1367808531424381, "ACCELSAB.MX": 0.12817710822037798, "VALUEGFO.MX": 0.10876763719538246, "CERAMICB.MX": 0.08839812126891927, "ALPEKA.MX": 0.04567952281544882, "CMOCTEZ.MX": 0.04510305435355509, "PASAB.MX": 0.027702451269354555, "CULTIBAB.MX": 0.026066940312026984, "FRES.MX": 0.021309577899503503, "TEAKCPO.MX": 0.019592159425743147, "BAFARB.MX": 0.017946660137238106, "ACTINVRB.MX": 0.016269640524991087, "ORBIA.MX": 0.015077525819389887, "CHDRAUIB.MX": 0.014090070534386472, "MEGACPO.MX": 0.012966767560749732, "AUTLANB.MX": 0.011553565422611581, "BACHOCOB.MX": 0.010256344644432936, "ASURB.MX": 0.01191738188739007, "MONEXB.MX": 0.008950910357760054, "SIMECB.MX": 0.007843256603699729, "TLEVISACPO.MX": 0.007651470585505772, "KUOB.MX": 0.006925612817338639, "MEDICAB.MX": 0.006613072639541078, "BSMXB.MX": 0.00637689113816073, "GRUMAB.MX": 0.0026864496852117155, "BBVA.MX": 0.003981894285880655, "ALEATIC.MX": 0.0041813386724204125, "AXTELCPO.MX": 0.004239718028829978, "SORIANAB.MX": 0.0038856681588239515, "AC.MX": 0.0026095353394169746, "ARA.MX": 0.003524071455503282, "ICHB.MX": 0.002488226293694898, "CYDSASAA.MX": 0.0027844515663948497, "AZTECACPO.MX": 0.002756926583591524, "HERDEZ.MX": 0.001826852423084176}}