{"allocation": {"ACCELSAB.MX": 2458, "PASAB.MX": 494, "VALUEGFO.MX": 110, "GNP.MX": 267, "CYDSASAA.MX": 189, "ALPEKA.MX": 226, "KUOB.MX": 95, "SIMECB.MX": 61, "BBVA.MX": 19, "GMD.MX": 81, "CERAMICB.MX": 38, "GCC.MX": 21, "AMXL.MX": 113, "GFMULTIO.MX": 158, "PE&OLES.MX": 4, "MEDICAB.MX": 26, "LABB.MX": 49, "GBMO.MX": 74, "MEGACPO.MX": 11, "TMMA.MX": 132, "BIMBOA.MX": 15, "VITROA.MX": 6, "AC.MX": 3, "TEAKCPO.MX": 23, "GRUMAB.MX": 2, "GISSAA.MX": 10, "AEROMEX.MX": 11, "GFNORTEO.MX": 3, "OMAB.MX": 2, "MFRISCOA-1.MX": 24, "TLEVISACPO.MX": 3, "VESTA.MX": 8, "AXTELCPO.MX": 53, "CEMEXCPO.MX": 13, "BSMXB.MX": 6, "PINFRA.MX": 1, "CMOCTEZ.MX": 2, "ASURB.MX": 1, "CREAL.MX": 7, "RA.MX": 1, "GCARSOA1.MX": 2, "HOMEX.MX": 100, "GENTERA.MX": 3}, "qty": {"ACCELSAB.MX": 25317.400468826294, "PASAB.MX": 12350.0, "VALUEGFO.MX": 10560.0, "GNP.MX": 9078.0, "CYDSASAA.MX": 5670.0, "ALPEKA.MX": 5299.700172424316, "KUOB.MX": 4018.499927520752, "SIMECB.MX": 3739.910083770752, "BBVA.MX": 3192.0, "GMD.MX": 2308.5, "CERAMICB.MX": 1995.0, "GCC.MX": 1920.8700256347656, "AMXL.MX": 1915.3500862121582, "GFMULTIO.MX": 1580.0, "PE&OLES.MX": 1638.5999755859375, "MEDICAB.MX": 1065.2200317382812, "LABB.MX": 1005.4800224304199, "GBMO.MX": 984.2000141143799, "MEGACPO.MX": 880.1100234985352, "TMMA.MX": 723.3600025177002, "BIMBOA.MX": 652.649974822998, "VITROA.MX": 422.6999816894531, "AC.MX": 407.78997802734375, "TEAKCPO.MX": 388.6999912261963, "GRUMAB.MX": 498.6000061035156, "GISSAA.MX": 336.6999816894531, "AEROMEX.MX": 314.4900016784668, "GFNORTEO.MX": 323.490005493164, "OMAB.MX": 203.33999633789065, "MFRISCOA-1.MX": 274.3200073242187, "TLEVISACPO.MX": 220.74000549316406, "VESTA.MX": 194.88000488281247, "AXTELCPO.MX": 200.33999848365784, "CEMEXCPO.MX": 191.09999752044678, "BSMXB.MX": 172.37999725341797, "PINFRA.MX": 194.63999938964844, "CMOCTEZ.MX": 147.97999572753906, "ASURB.MX": 358.07000732421875, "CREAL.MX": 171.91999626159668, "RA.MX": 107.3499984741211, "GCARSOA1.MX": 129.86000061035156, "HOMEX.MX": 62.59999871253967, "GENTERA.MX": 49.16999816894531}, "pct": {"ACCELSAB.MX": 0.25000886555693486, "PASAB.MX": 0.1219560236221711, "VALUEGFO.MX": 0.10427980643320865, "GNP.MX": 0.08964508359854813, "CYDSASAA.MX": 0.05599114606783078, "ALPEKA.MX": 0.052334442058186575, "KUOB.MX": 0.03968261312440597, "SIMECB.MX": 0.036931543523979087, "BBVA.MX": 0.03152094149003807, "GMD.MX": 0.022796395184759677, "CERAMICB.MX": 0.019700588431273796, "GCC.MX": 0.018968556293233515, "AMXL.MX": 0.018914046992616795, "GFMULTIO.MX": 0.015602471038302052, "PE&OLES.MX": 0.016181144723064582, "MEDICAB.MX": 0.010519028287731472, "LABB.MX": 0.009929096790861978, "GBMO.MX": 0.009718957098807648, "MEGACPO.MX": 0.008691070349465337, "TMMA.MX": 0.007143166765537036, "BIMBOA.MX": 0.006444906538179994, "VITROA.MX": 0.004174154571012975, "AC.MX": 0.004026918558152823, "TEAKCPO.MX": 0.0038384052884145505, "GRUMAB.MX": 0.004923665920840082, "GISSAA.MX": 0.0033249061474091924, "AEROMEX.MX": 0.003105583001913824, "GFNORTEO.MX": 0.003194457874612192, "OMAB.MX": 0.0020079787365761925, "MFRISCOA-1.MX": 0.0027089050439891957, "TLEVISACPO.MX": 0.0021798035080390684, "VESTA.MX": 0.0019244364760305343, "AXTELCPO.MX": 0.00197835381275617, "CEMEXCPO.MX": 0.001887108972615421, "BSMXB.MX": 0.0017022493131196464, "PINFRA.MX": 0.0019220664261848854, "CMOCTEZ.MX": 0.0014612997453082213, "ASURB.MX": 0.003535934758835903, "CREAL.MX": 0.001697706811757316, "RA.MX": 0.0010600792671862304, "GCARSOA1.MX": 0.0012823651256689223, "HOMEX.MX": 0.0006181738398165481, "GENTERA.MX": 0.0004855528306229963}}