{"allocation": {"WMT.MX": 11, "KUOB.MX": 167, "GCC.MX": 54, "CMOCTEZ.MX": 67, "GMD.MX": 153, "AUTLANB.MX": 236, "BACHOCOB.MX": 39, "CYDSASAA.MX": 109, "GISSAA.MX": 100, "CERAMICB.MX": 59, "GFMULTIO.MX": 303, "VITROA.MX": 40, "VALUEGFO.MX": 27, "MEGACPO.MX": 29, "FRES.MX": 7, "ACCELSAB.MX": 215, "GFNORTEO.MX": 18, "TS.MX": 6, "CREAL.MX": 68, "BSMXB.MX": 55, "GBMO.MX": 119, "MEDICAB.MX": 39, "GAPB.MX": 8, "CEMEXCPO.MX": 89, "GMEXICOB.MX": 20, "TMMA.MX": 242, "PINFRA.MX": 7, "SORIANAB.MX": 30, "MONEXB.MX": 76, "OMAB.MX": 12, "TLEVISACPO.MX": 15, "GRUMAB.MX": 5, "PE&OLES.MX": 3, "ALEATIC.MX": 33, "HOMEX.MX": 998, "AZTECACPO.MX": 161}, "qty": {"WMT.MX": 22084.48059082031, "KUOB.MX": 7030.699745178222, "GCC.MX": 5657.040115356446, "CMOCTEZ.MX": 4996.860122680664, "GMD.MX": 4360.5, "AUTLANB.MX": 4158.320198059082, "BACHOCOB.MX": 3730.3500595092773, "CYDSASAA.MX": 3461.8400249481206, "GISSAA.MX": 3404.0000915527344, "CERAMICB.MX": 3295.149909973144, "GFMULTIO.MX": 3030.0, "VITROA.MX": 2792.0001220703125, "VALUEGFO.MX": 2565.0, "MEGACPO.MX": 2469.640106201172, "FRES.MX": 2446.5, "ACCELSAB.MX": 2216.6500902175903, "GFNORTEO.MX": 2152.440032958984, "TS.MX": 2005.2000732421875, "CREAL.MX": 1700.0, "BSMXB.MX": 1611.49995803833, "GBMO.MX": 1582.7000226974487, "MEDICAB.MX": 1551.0300178527832, "GAPB.MX": 1556.7199707031252, "CEMEXCPO.MX": 1377.7199592590332, "GMEXICOB.MX": 1319.6000671386719, "TMMA.MX": 1323.7399492263794, "PINFRA.MX": 1335.4599914550781, "SORIANAB.MX": 1217.0999908447266, "MONEXB.MX": 1170.3999710083006, "OMAB.MX": 1139.8799743652341, "TLEVISACPO.MX": 1155.299949645996, "GRUMAB.MX": 1111.500015258789, "PE&OLES.MX": 1294.0500183105469, "ALEATIC.MX": 1044.4499874114993, "HOMEX.MX": 548.9000118970871, "AZTECACPO.MX": 540.9599831104279}, "pct": {"WMT.MX": 0.2114608477876419, "KUOB.MX": 0.06731956962002165, "GCC.MX": 0.054166657614723654, "CMOCTEZ.MX": 0.047845376008413765, "GMD.MX": 0.04175217175636381, "AUTLANB.MX": 0.03981628233627327, "BACHOCOB.MX": 0.03571843054603677, "CYDSASAA.MX": 0.03314742330344885, "GISSAA.MX": 0.03259360084421234, "CERAMICB.MX": 0.031551350763482505, "GFMULTIO.MX": 0.029012517009926006, "VITROA.MX": 0.02673364720570311, "VALUEGFO.MX": 0.024560101033155184, "MEGACPO.MX": 0.02364702164671847, "FRES.MX": 0.02342545309068778, "ACCELSAB.MX": 0.02122461994966728, "GFNORTEO.MX": 0.02060980299309182, "TS.MX": 0.019199967403710837, "CREAL.MX": 0.016277649807549244, "BSMXB.MX": 0.015430254106957787, "GBMO.MX": 0.015154492188158418, "MEDICAB.MX": 0.014851249100943799, "GAPB.MX": 0.014905730900896348, "CEMEXCPO.MX": 0.013191790017464443, "GMEXICOB.MX": 0.012635286928765749, "TMMA.MX": 0.012674926664570601, "PINFRA.MX": 0.012787147101704982, "SORIANAB.MX": 0.0116538396657305, "MONEXB.MX": 0.011206682860493474, "OMAB.MX": 0.010914451203150289, "TLEVISACPO.MX": 0.011062098825304, "GRUMAB.MX": 0.01064271059380483, "PE&OLES.MX": 0.012390642959712806, "ALEATIC.MX": 0.01000070066857859, "HOMEX.MX": 0.005255765984129646, "AZTECACPO.MX": 0.00517973950880547}}