{"allocation": {"VALUEGFO.MX": 333, "ACCELSAB.MX": 925, "CMOCTEZ.MX": 104, "DINEA.MX": 554, "GCC.MX": 39, "PASAB.MX": 186, "GFMULTIO.MX": 257, "LAMOSA.MX": 53, "ICHB.MX": 23, "GMEXICOB.MX": 34, "ORBIA.MX": 27, "FEMSAUBD.MX": 6, "GBMO.MX": 72, "FRES.MX": 3, "BAFARB.MX": 21, "ASURB.MX": 2, "MEDICAB.MX": 18, "CYDSASAA.MX": 20, "ARA.MX": 74, "BACHOCOB.MX": 5, "TS.MX": 1, "GRUMAB.MX": 2, "TEAKCPO.MX": 21, "OMAB.MX": 3, "RA.MX": 3, "AUTLANB.MX": 17, "GFNORTEO.MX": 2, "PE&OLES.MX": 1, "HERDEZ.MX": 6, "MONEXB.MX": 17, "AC.MX": 2, "AEROMEX.MX": 8, "GAPB.MX": 2, "GCARSOA1.MX": 3, "GFINBURO.MX": 6, "BSMXB.MX": 6, "CREAL.MX": 5, "AZTECACPO.MX": 43, "AXTELCPO.MX": 26, "HOMEX.MX": 904}, "qty": {"VALUEGFO.MX": 38295.0, "ACCELSAB.MX": 10480.249929428102, "CMOCTEZ.MX": 8132.7996826171875, "DINEA.MX": 6648.0, "GCC.MX": 4720.169952392578, "PASAB.MX": 4278.0, "GFMULTIO.MX": 3341.0, "LAMOSA.MX": 2120.0, "ICHB.MX": 2031.5900421142578, "GMEXICOB.MX": 1992.399948120117, "ORBIA.MX": 1761.75, "FEMSAUBD.MX": 1097.039978027344, "GBMO.MX": 953.2799835205078, "FRES.MX": 772.5, "BAFARB.MX": 798.2099647521973, "ASURB.MX": 663.1799926757812, "MEDICAB.MX": 683.8200302124023, "CYDSASAA.MX": 640.0, "ARA.MX": 515.7799844741821, "BACHOCOB.MX": 462.2999954223633, "TS.MX": 401.5299987792969, "GRUMAB.MX": 482.4800109863282, "TEAKCPO.MX": 327.6000080108643, "OMAB.MX": 340.11000823974615, "RA.MX": 339.95999908447266, "AUTLANB.MX": 290.53000259399414, "GFNORTEO.MX": 259.9200134277344, "PE&OLES.MX": 316.010009765625, "HERDEZ.MX": 242.94001007080078, "MONEXB.MX": 253.29999351501462, "AC.MX": 247.44000244140625, "AEROMEX.MX": 228.39999389648438, "GAPB.MX": 352.239990234375, "GCARSOA1.MX": 232.5300064086914, "GFINBURO.MX": 184.20000457763672, "BSMXB.MX": 184.0800018310547, "CREAL.MX": 131.45000457763672, "AZTECACPO.MX": 101.04999589920044, "AXTELCPO.MX": 100.61999702453613, "HOMEX.MX": 68.70399779081339}, "pct": {"VALUEGFO.MX": 0.4011116809644554, "ACCELSAB.MX": 0.10977283368900694, "CMOCTEZ.MX": 0.08518503594834231, "DINEA.MX": 0.06963286212434258, "GCC.MX": 0.04944027429278235, "PASAB.MX": 0.04480887246810132, "GFMULTIO.MX": 0.034994493435232935, "LAMOSA.MX": 0.02220542534651117, "ICHB.MX": 0.021279396705133794, "GMEXICOB.MX": 0.020868909579421693, "ORBIA.MX": 0.018453022690667953, "FEMSAUBD.MX": 0.011490678931237945, "GBMO.MX": 0.009984899768107564, "FRES.MX": 0.008091363717065982, "BAFARB.MX": 0.00836065650148407, "ASURB.MX": 0.006946317838991456, "MEDICAB.MX": 0.0071625069015709975, "CYDSASAA.MX": 0.006703524632909033, "ARA.MX": 0.005402412236068935, "BACHOCOB.MX": 0.00484224907360554, "TS.MX": 0.004205728496357735, "GRUMAB.MX": 0.005053619747707925, "TEAKCPO.MX": 0.003431366755378165, "OMAB.MX": 0.003562399715834426, "RA.MX": 0.003560828481353898, "AUTLANB.MX": 0.0030430859827936954, "GFNORTEO.MX": 0.002722469082185725, "PE&OLES.MX": 0.0033099701323588927, "HERDEZ.MX": 0.002544616159107471, "MONEXB.MX": 0.0026531292906931234, "AC.MX": 0.002591750236770372, "AEROMEX.MX": 0.0023923202894396184, "GAPB.MX": 0.0036894522675496406, "GCARSOA1.MX": 0.002435579102892435, "GFINBURO.MX": 0.0019293582313564756, "BSMXB.MX": 0.0019281012917193984, "CREAL.MX": 0.0013768411620034265, "AZTECACPO.MX": 0.0010584236510400734, "AXTELCPO.MX": 0.001053919732214393, "HOMEX.MX": 0.0007196233462031958}}