{"allocation": {"ACCELSAB.MX": 5395, "CMOCTEZ.MX": 136, "CYDSASAA.MX": 287, "HERDEZ.MX": 142, "FRAGUAB.MX": 17, "TS.MX": 6, "BACHOCOB.MX": 19, "GBMO.MX": 53, "ALEATIC.MX": 24, "MONEXB.MX": 42, "MEGACPO.MX": 7, "BAFARB.MX": 11, "MEDICAB.MX": 11, "GCC.MX": 4, "GMEXICOB.MX": 6, "ICHB.MX": 3, "LAMOSA.MX": 6, "CREAL.MX": 9, "SIMECB.MX": 3, "BOLSAA.MX": 4, "VITROA.MX": 2, "PASAB.MX": 5, "CERAMICB.MX": 2, "GFINBURO.MX": 3, "AC.MX": 1, "BIMBOA.MX": 2, "PINFRA.MX": 1, "MFRISCOA-1.MX": 10, "PE&OLES.MX": 1, "GAPB.MX": 1, "FEMSAUBD.MX": 1, "OMAB.MX": 1, "GFNORTEO.MX": 1, "GCARSOA1.MX": 1, "DINEA.MX": 6, "TMMA.MX": 17, "BSMXB.MX": 2, "HOMEX.MX": 275, "AZTECACPO.MX": 14}, "qty": {"ACCELSAB.MX": 55892.19814777374, "CMOCTEZ.MX": 10336.0, "CYDSASAA.MX": 9040.5, "HERDEZ.MX": 6357.340065002441, "FRAGUAB.MX": 4097.0, "TS.MX": 2207.5200805664062, "BACHOCOB.MX": 1830.6499710083008, "GBMO.MX": 704.9000101089478, "ALEATIC.MX": 671.2799835205077, "MONEXB.MX": 671.5799903869629, "MEGACPO.MX": 602.0, "BAFARB.MX": 421.73840713500977, "MEDICAB.MX": 438.90001678466797, "GCC.MX": 435.3999938964844, "GMEXICOB.MX": 373.0199890136719, "ICHB.MX": 278.759994506836, "LAMOSA.MX": 234.66000366210938, "CREAL.MX": 246.96000480651855, "SIMECB.MX": 182.52000045776367, "BOLSAA.MX": 144.32000732421875, "VITROA.MX": 124.58000183105469, "PASAB.MX": 120.50000190734863, "CERAMICB.MX": 102.0, "GFINBURO.MX": 93.47999954223633, "AC.MX": 129.25999450683594, "BIMBOA.MX": 87.05999755859376, "PINFRA.MX": 191.63999938964844, "MFRISCOA-1.MX": 100.6999969482422, "PE&OLES.MX": 392.5400085449219, "GAPB.MX": 194.5399932861328, "FEMSAUBD.MX": 180.77999877929688, "OMAB.MX": 99.04000091552734, "GFNORTEO.MX": 117.0199966430664, "GCARSOA1.MX": 67.19999694824219, "DINEA.MX": 66.0, "TMMA.MX": 68.0, "BSMXB.MX": 55.43999862670898, "HOMEX.MX": 46.750000491738305, "AZTECACPO.MX": 40.880001068115234}, "pct": {"ACCELSAB.MX": 0.573578891522382, "CMOCTEZ.MX": 0.1060704645593095, "CYDSASAA.MX": 0.09277573866567701, "HERDEZ.MX": 0.06524051993578946, "FRAGUAB.MX": 0.042044378221699985, "TS.MX": 0.022654090602717017, "BACHOCOB.MX": 0.018786560842718358, "GBMO.MX": 0.007233849800708017, "ALEATIC.MX": 0.006888833175443681, "MONEXB.MX": 0.006891911916513329, "MEGACPO.MX": 0.006177865679634706, "BAFARB.MX": 0.004327978789407285, "MEDICAB.MX": 0.00450409526658654, "GCC.MX": 0.004468177207983807, "GMEXICOB.MX": 0.0038280189168526223, "ICHB.MX": 0.002860700669300567, "LAMOSA.MX": 0.0024081361843971763, "CREAL.MX": 0.0025343616909246063, "SIMECB.MX": 0.0018730632004566928, "BOLSAA.MX": 0.0014810458806194693, "VITROA.MX": 0.0012784692984732584, "PASAB.MX": 0.001236599379035425, "CERAMICB.MX": 0.0010467480055195019, "GFINBURO.MX": 0.0009593137556549001, "AC.MX": 0.0013264964847401204, "BIMBOA.MX": 0.0008934301843626541, "PINFRA.MX": 0.0019666547758713042, "MFRISCOA-1.MX": 0.0010334070682489454, "PE&OLES.MX": 0.0040283379512843645, "GAPB.MX": 0.0019964151957454586, "FEMSAUBD.MX": 0.0018552068937259508, "OMAB.MX": 0.0010163717982840969, "GFNORTEO.MX": 0.00120088674600028, "GCARSOA1.MX": 0.0006896221840832266, "DINEA.MX": 0.000677307532983207, "TMMA.MX": 0.0006978320036796678, "BSMXB.MX": 0.0005689383136128582, "HOMEX.MX": 0.00047975950757610583, "AZTECACPO.MX": 0.00041952019199690903}}