{"allocation": {"GFMULTIO.MX": 1809, "ACCELSAB.MX": 1287, "WMT.MX": 6, "IENOVA.MX": 98, "CMOCTEZ.MX": 94, "LAMOSA.MX": 153, "TS.MX": 13, "CERAMICB.MX": 29, "MEGACPO.MX": 15, "GBMO.MX": 108, "PASAB.MX": 37, "GCC.MX": 7, "AXTELCPO.MX": 204, "AUTLANB.MX": 45, "CHDRAUIB.MX": 17, "ORBIA.MX": 9, "TMMA.MX": 62, "BACHOCOB.MX": 6, "MEDICAB.MX": 11, "BSMXB.MX": 10, "ALEATIC.MX": 9, "GFINBURO.MX": 8, "GCARSOA1.MX": 3, "ARA.MX": 24, "AC.MX": 2, "MONEXB.MX": 12, "AZTECACPO.MX": 65, "SORIANAB.MX": 4, "AMXL.MX": 7, "VITROA.MX": 2, "HERDEZ.MX": 3, "URBI.MX": 2, "CREAL.MX": 4, "GAPB.MX": 1, "GMEXICOB.MX": 1}, "qty": {"GFMULTIO.MX": 23517.0, "ACCELSAB.MX": 17387.370294570923, "WMT.MX": 11106.0, "IENOVA.MX": 9113.019790649412, "CMOCTEZ.MX": 7332.0, "LAMOSA.MX": 6120.0, "TS.MX": 4069.0, "CERAMICB.MX": 1661.6999778747559, "MEGACPO.MX": 1444.1999816894531, "GBMO.MX": 1425.5999794006348, "PASAB.MX": 887.6299915313721, "GCC.MX": 859.6699829101564, "AXTELCPO.MX": 760.9200038909912, "AUTLANB.MX": 736.2000274658203, "CHDRAUIB.MX": 711.1100311279297, "ORBIA.MX": 579.2400054931641, "TMMA.MX": 450.73999881744385, "BACHOCOB.MX": 504.11997985839844, "MEDICAB.MX": 389.40001678466797, "BSMXB.MX": 291.39999389648443, "ALEATIC.MX": 256.0500068664551, "GFINBURO.MX": 234.88000488281247, "GCARSOA1.MX": 186.20999908447266, "ARA.MX": 162.24000549316406, "AC.MX": 241.7599945068359, "MONEXB.MX": 142.31999588012695, "AZTECACPO.MX": 148.19999814033508, "SORIANAB.MX": 131.39999389648438, "AMXL.MX": 105.27999973297119, "VITROA.MX": 109.31999969482422, "HERDEZ.MX": 126.99000549316406, "URBI.MX": 139.37362670898438, "CREAL.MX": 102.72000122070312, "GAPB.MX": 204.5800018310547, "GMEXICOB.MX": 53.95000076293945}, "pct": {"GFMULTIO.MX": 0.25647934618159596, "ACCELSAB.MX": 0.18962883722281132, "WMT.MX": 0.12112342640187118, "IENOVA.MX": 0.09938773473001257, "CMOCTEZ.MX": 0.07996370992063025, "LAMOSA.MX": 0.06674548618579612, "TS.MX": 0.044377023413399413, "CERAMICB.MX": 0.018122707993166214, "MEGACPO.MX": 0.015750625805127514, "GBMO.MX": 0.015547771851561486, "PASAB.MX": 0.009680603813375084, "GCC.MX": 0.009375668458933567, "AXTELCPO.MX": 0.00829868882486962, "AUTLANB.MX": 0.008029089667189971, "CHDRAUIB.MX": 0.007755455026018019, "ORBIA.MX": 0.00631726401714125, "TMMA.MX": 0.004915826856937166, "BACHOCOB.MX": 0.00549799561301022, "MEDICAB.MX": 0.004246845333504875, "BSMXB.MX": 0.003178044814895241, "ALEATIC.MX": 0.0027925134307480357, "GFINBURO.MX": 0.002561630738762334, "GCARSOA1.MX": 0.0020308295623447346, "ARA.MX": 0.0017694098113443574, "AC.MX": 0.002636664766933686, "MONEXB.MX": 0.0015521596926437212, "AZTECACPO.MX": 0.0016162877334331284, "SORIANAB.MX": 0.0014330647838940345, "AMXL.MX": 0.0011481968574865438, "VITROA.MX": 0.0011922576028532885, "HERDEZ.MX": 0.0013849688982644044, "URBI.MX": 0.0015200262215962126, "CREAL.MX": 0.001120277193215915, "GAPB.MX": 0.002231175112108628, "GMEXICOB.MX": 0.0005883854625239322}}