{"allocation": {"ACCELSAB.MX": 6547, "HERDEZ.MX": 110, "CMOCTEZ.MX": 53, "CYDSASAA.MX": 124, "BACHOCOB.MX": 29, "KUOB.MX": 56, "ALEATIC.MX": 48, "MEDICAB.MX": 36, "GCC.MX": 13, "CREAL.MX": 27, "GMEXICOB.MX": 10, "ICHB.MX": 8, "GBMO.MX": 43, "MONEXB.MX": 32, "BAFARB.MX": 11, "MEGACPO.MX": 4, "LAMOSA.MX": 6, "VITROA.MX": 3, "BOLSAA.MX": 4, "PE&OLES.MX": 1, "LABB.MX": 7, "SIMECB.MX": 2, "CERAMICB.MX": 2, "PASAB.MX": 5, "BIMBOA.MX": 3, "FEMSAUBD.MX": 1, "AC.MX": 1, "ASURB.MX": 1, "GAPB.MX": 1, "OMAB.MX": 1, "BBVA.MX": 1, "MFRISCOA-1.MX": 8, "GFINBURO.MX": 2, "GFNORTEO.MX": 1, "DINEA.MX": 6, "TMMA.MX": 19, "GCARSOA1.MX": 1, "BSMXB.MX": 2, "HOMEX.MX": 136, "AZTECACPO.MX": 13}, "qty": {"ACCELSAB.MX": 67761.45249748231, "HERDEZ.MX": 5058.900184631348, "CMOCTEZ.MX": 3932.599838256836, "CYDSASAA.MX": 3906.0, "BACHOCOB.MX": 2763.700088500976, "KUOB.MX": 2352.0, "ALEATIC.MX": 1638.719970703125, "MEDICAB.MX": 1432.7999725341797, "GCC.MX": 1271.2700119018555, "CREAL.MX": 705.2400226593018, "GMEXICOB.MX": 605.4999923706055, "ICHB.MX": 612.1599731445312, "GBMO.MX": 571.9000082015991, "MONEXB.MX": 448.0, "BAFARB.MX": 416.2612762451172, "MEGACPO.MX": 335.8800048828125, "LAMOSA.MX": 250.74000549316406, "VITROA.MX": 180.12000274658203, "BOLSAA.MX": 138.9600067138672, "PE&OLES.MX": 367.260009765625, "LABB.MX": 137.90000534057617, "SIMECB.MX": 115.0, "CERAMICB.MX": 102.0, "PASAB.MX": 121.00000381469727, "BIMBOA.MX": 119.33999633789065, "FEMSAUBD.MX": 165.82000732421875, "AC.MX": 125.70999908447266, "ASURB.MX": 306.4200134277344, "GAPB.MX": 179.6300048828125, "OMAB.MX": 88.6500015258789, "BBVA.MX": 142.00999450683594, "MFRISCOA-1.MX": 85.5999984741211, "GFINBURO.MX": 60.18000030517578, "GFNORTEO.MX": 111.12999725341795, "DINEA.MX": 65.69999885559082, "TMMA.MX": 70.49000072479248, "GCARSOA1.MX": 64.02999877929688, "BSMXB.MX": 52.299999237060554, "HOMEX.MX": 49.368000745773315, "AZTECACPO.MX": 33.66999888420105}, "pct": {"ACCELSAB.MX": 0.6989650276317066, "HERDEZ.MX": 0.05218297685499401, "CMOCTEZ.MX": 0.040565094951495684, "CYDSASAA.MX": 0.040290715403877825, "BACHOCOB.MX": 0.02850779665321679, "KUOB.MX": 0.02426107594211998, "ALEATIC.MX": 0.016903533017473275, "MEDICAB.MX": 0.014779451081428212, "GCC.MX": 0.013113256080650802, "CREAL.MX": 0.007274609586377438, "GMEXICOB.MX": 0.006245782864734833, "ICHB.MX": 0.006314481121252381, "GBMO.MX": 0.005899196228859709, "MONEXB.MX": 0.004621157322308568, "BAFARB.MX": 0.004293769742664359, "MEGACPO.MX": 0.0034646302321009966, "LAMOSA.MX": 0.0025864040454920212, "VITROA.MX": 0.001857952833898676, "BOLSAA.MX": 0.0014333840458344532, "PE&OLES.MX": 0.0037883175966953887, "LABB.MX": 0.001422450043361594, "SIMECB.MX": 0.0011862345805033153, "CERAMICB.MX": 0.0010521384974898971, "PASAB.MX": 0.0012481251197045823, "BIMBOA.MX": 0.0012310020042882166, "FEMSAUBD.MX": 0.0017104471898026202, "AC.MX": 0.0012967091132960137, "ASURB.MX": 0.0031607479659675544, "GAPB.MX": 0.0018528984651127963, "OMAB.MX": 0.0009144321510579933, "BBVA.MX": 0.0014648449240095187, "MFRISCOA-1.MX": 0.0008829711154872476, "GFINBURO.MX": 0.0006207617166669529, "GFNORTEO.MX": 0.001146315179767329, "DINEA.MX": 0.0006777009615785224, "TMMA.MX": 0.0007271102299082835, "GCARSOA1.MX": 0.0006604747716659742, "BSMXB.MX": 0.0005394788491765065, "HOMEX.MX": 0.000509235040477824, "AZTECACPO.MX": 0.00034730884349519416}}