{"allocation": {"ACCELSAB.MX": 3581, "GFMULTIO.MX": 751, "LAMOSA.MX": 165, "FRAGUAB.MX": 17, "CMOCTEZ.MX": 42, "MEGACPO.MX": 23, "TS.MX": 6, "GNP.MX": 47, "IENOVA.MX": 19, "DINEA.MX": 135, "GCC.MX": 11, "ACTINVRB.MX": 72, "PASAB.MX": 40, "SIMECB.MX": 13, "GMD.MX": 19, "ICHB.MX": 5, "GFINBURO.MX": 12, "ORBIA.MX": 5, "CHDRAUIB.MX": 7, "FEMSAUBD.MX": 2, "MEDICAB.MX": 7, "BACHOCOB.MX": 3, "AXTELCPO.MX": 60, "ARA.MX": 32, "CYDSASAA.MX": 5, "TMMA.MX": 21, "OMAB.MX": 1, "AUTLANB.MX": 10, "TLEVISACPO.MX": 2, "BOLSAA.MX": 4, "BIMBOA.MX": 3, "BSMXB.MX": 4, "GRUMAB.MX": 1, "RA.MX": 1, "VITROA.MX": 2, "VESTA.MX": 4, "LABB.MX": 7, "GAPB.MX": 1, "GISSAA.MX": 3, "HERDEZ.MX": 2, "CREAL.MX": 3, "GCARSOA1.MX": 1, "SORIANAB.MX": 3, "ALFAA.MX": 3, "GMEXICOB.MX": 1, "PE&OLES.MX": 1}, "qty": {"ACCELSAB.MX": 50313.050683021545, "GFMULTIO.MX": 9763.0, "LAMOSA.MX": 6600.0, "FRAGUAB.MX": 4471.0, "CMOCTEZ.MX": 3108.839859008789, "MEGACPO.MX": 2071.609992980957, "TS.MX": 1878.0, "GNP.MX": 1692.0, "IENOVA.MX": 1512.9699478149414, "DINEA.MX": 1350.0, "GCC.MX": 1204.1700134277344, "ACTINVRB.MX": 936.0, "PASAB.MX": 880.0, "SIMECB.MX": 716.9500198364258, "GMD.MX": 406.98000144958496, "ICHB.MX": 364.3000030517578, "GFINBURO.MX": 315.9599990844726, "ORBIA.MX": 268.29999923706055, "CHDRAUIB.MX": 251.36999893188477, "FEMSAUBD.MX": 346.05999755859375, "MEDICAB.MX": 224.0, "BACHOCOB.MX": 223.5300064086914, "AXTELCPO.MX": 198.59999656677246, "ARA.MX": 172.47999572753906, "CYDSASAA.MX": 156.94999694824222, "TMMA.MX": 151.19999599456787, "OMAB.MX": 106.29000091552734, "AUTLANB.MX": 139.89999771118164, "TLEVISACPO.MX": 117.12000274658203, "BOLSAA.MX": 122.44000244140624, "BIMBOA.MX": 114.14999771118164, "BSMXB.MX": 101.3199996948242, "GRUMAB.MX": 212.0, "RA.MX": 98.93000030517578, "VITROA.MX": 97.54000091552734, "VESTA.MX": 99.19999694824219, "LABB.MX": 91.35000133514404, "GAPB.MX": 168.0500030517578, "GISSAA.MX": 74.28000068664552, "HERDEZ.MX": 75.4800033569336, "CREAL.MX": 69.71999931335449, "GCARSOA1.MX": 59.77999877929688, "SORIANAB.MX": 79.56000137329102, "ALFAA.MX": 64.22999954223633, "GMEXICOB.MX": 46.869998931884766, "PE&OLES.MX": 286.29998779296875}, "pct": {"ACCELSAB.MX": 0.5480615191294167, "GFMULTIO.MX": 0.10634864192534703, "LAMOSA.MX": 0.07189399126367821, "FRAGUAB.MX": 0.048702732566652314, "CMOCTEZ.MX": 0.033864682676326134, "MEGACPO.MX": 0.022566107687442636, "TS.MX": 0.020457108423210253, "GNP.MX": 0.01843100503305205, "IENOVA.MX": 0.016480825486426525, "DINEA.MX": 0.014705589122115998, "GCC.MX": 0.01311705885232679, "ACTINVRB.MX": 0.010195875124667091, "PASAB.MX": 0.009585865501823762, "SIMECB.MX": 0.00780975734282029, "GMD.MX": 0.004433244949804274, "ICHB.MX": 0.003968330490418337, "GFINBURO.MX": 0.0034417614263410378, "ORBIA.MX": 0.002922599666847591, "CHDRAUIB.MX": 0.0027381806829029887, "FEMSAUBD.MX": 0.003769641581997885, "MEDICAB.MX": 0.002440038491373321, "BACHOCOB.MX": 0.00243491883756309, "AXTELCPO.MX": 0.0021633555178997062, "ARA.MX": 0.0018788295918174165, "CYDSASAA.MX": 0.0017096608650653405, "TMMA.MX": 0.0016470259380457035, "OMAB.MX": 0.0011578200601874654, "AUTLANB.MX": 0.0015239347292782264, "TLEVISACPO.MX": 0.0012757915839795055, "BOLSAA.MX": 0.0013337424948253332, "BIMBOA.MX": 0.001243439233060088, "BSMXB.MX": 0.0011036816928629652, "GRUMAB.MX": 0.0023093221436211787, "RA.MX": 0.0010776473602509076, "VITROA.MX": 0.0010625060566181951, "VESTA.MX": 0.001080588441508156, "LABB.MX": 0.0009950782118069452, "GAPB.MX": 0.0018305735532218445, "GISSAA.MX": 0.0008091342000654098, "HERDEZ.MX": 0.0008222058639281494, "CREAL.MX": 0.0007594619729602968, "GCARSOA1.MX": 0.0006511852590881007, "SORIANAB.MX": 0.0008666494005560016, "ALFAA.MX": 0.0006996592463569082, "GMEXICOB.MX": 0.0005105562566268986, "PE&OLES.MX": 0.0031186740638149807}}