{"allocation": {"ACCELSAB.MX": 2574, "BAFARB.MX": 564, "GFMULTIO.MX": 489, "GNP.MX": 150, "LABB.MX": 326, "VALUEGFO.MX": 41, "ANB.MX": 2, "ALPEKA.MX": 97, "FRAGUAB.MX": 6, "MONEXB.MX": 46, "SIMECB.MX": 2, "GCC.MX": 1, "AMXL.MX": 7, "MEDICAB.MX": 4, "CREAL.MX": 4, "CYDSASAA.MX": 3, "PINFRA.MX": 1, "TMMA.MX": 10, "HERDEZ.MX": 1, "BOLSAA.MX": 2, "BIMBOA.MX": 1, "VESTA.MX": 1, "GISSAA.MX": 2, "VITROA.MX": 1, "AZTECACPO.MX": 28, "GFINBURO.MX": 1, "VOLARA.MX": 2, "ALFAA.MX": 1}, "qty": {"ACCELSAB.MX": 54826.19803619385, "BAFARB.MX": 23406.0, "GFMULTIO.MX": 6357.0, "GNP.MX": 6000.0, "LABB.MX": 5698.479850769043, "VALUEGFO.MX": 3423.5, "ANB.MX": 3838.159912109375, "ALPEKA.MX": 2004.0199851989746, "FRAGUAB.MX": 1440.0, "MONEXB.MX": 552.0, "SIMECB.MX": 110.81999969482422, "GCC.MX": 102.87000274658205, "AMXL.MX": 94.3599967956543, "MEDICAB.MX": 85.55999755859376, "CREAL.MX": 88.68000030517578, "CYDSASAA.MX": 71.85000228881836, "PINFRA.MX": 172.6199951171875, "TMMA.MX": 70.50000190734863, "HERDEZ.MX": 40.11000061035156, "BOLSAA.MX": 63.91999816894531, "BIMBOA.MX": 36.5, "VESTA.MX": 28.21999931335449, "GISSAA.MX": 38.0, "VITROA.MX": 43.47999954223633, "AZTECACPO.MX": 43.11999893188476, "GFINBURO.MX": 23.520000457763672, "VOLARA.MX": 37.560001373291016, "ALFAA.MX": 16.600000381469727}, "pct": {"ACCELSAB.MX": 0.5043175273394712, "BAFARB.MX": 0.21529955509800525, "GFMULTIO.MX": 0.05847471895061178, "GNP.MX": 0.05519086262445661, "LABB.MX": 0.052417336435338045, "VALUEGFO.MX": 0.03149098636580454, "ANB.MX": 0.03530522607332083, "ALPEKA.MX": 0.018433931949963695, "FRAGUAB.MX": 0.013245807029869586, "MONEXB.MX": 0.0050775593614500085, "SIMECB.MX": 0.0010193752298665612, "GCC.MX": 0.0009462473649606807, "AMXL.MX": 0.0008679682700655204, "MEDICAB.MX": 0.000787021678567532, "CREAL.MX": 0.0008157209523966211, "CYDSASAA.MX": 0.0006609106009815112, "PINFRA.MX": 0.0015878410727911778, "TMMA.MX": 0.0006484926533820679, "HERDEZ.MX": 0.0003689509222587973, "BOLSAA.MX": 0.0005879666396496298, "BIMBOA.MX": 0.0003357444142987777, "VESTA.MX": 0.0002595810175609346, "GISSAA.MX": 0.0003495421299548919, "VITROA.MX": 0.00039994978027450026, "AZTECACPO.MX": 0.00039663832290272793, "GFINBURO.MX": 0.00021634818569859858, "VOLARA.MX": 0.00034549481266128436, "ALFAA.MX": 0.00015269472343660385}}