{"allocation": {"ACCELSAB.MX": 3799, "VALUEGFO.MX": 52, "BAFARB.MX": 119, "FRES.MX": 14, "WMT.MX": 2, "FRAGUAB.MX": 11, "KUOB.MX": 54, "GBMO.MX": 122, "CYDSASAA.MX": 60, "RCENTROA.MX": 118, "ASURB.MX": 3, "TS.MX": 3, "MEDICAB.MX": 24, "ORBIA.MX": 15, "MEGACPO.MX": 5, "CULTIBAB.MX": 27, "GFNORTEO.MX": 3, "BSMXB.MX": 12, "OMAB.MX": 3, "GCC.MX": 2, "BBVA.MX": 2, "RA.MX": 2, "SIMECB.MX": 4, "MONEXB.MX": 15, "ALEATIC.MX": 10, "CEMEXCPO.MX": 20, "AXTELCPO.MX": 58}, "qty": {"ACCELSAB.MX": 75600.09855079652, "VALUEGFO.MX": 5330.0, "BAFARB.MX": 4819.5, "FRES.MX": 3080.0, "WMT.MX": 3832.919921875, "FRAGUAB.MX": 2860.0, "KUOB.MX": 2308.5, "GBMO.MX": 1586.0, "CYDSASAA.MX": 1591.8000411987305, "RCENTROA.MX": 1144.5999774932861, "ASURB.MX": 980.9100036621094, "TS.MX": 754.7400054931641, "MEDICAB.MX": 717.5999908447267, "ORBIA.MX": 700.6499862670898, "MEGACPO.MX": 440.25001525878906, "CULTIBAB.MX": 405.0, "GFNORTEO.MX": 314.5499954223633, "BSMXB.MX": 317.63999176025385, "OMAB.MX": 329.5499954223633, "GCC.MX": 209.97999572753903, "BBVA.MX": 236.8000030517578, "RA.MX": 200.47999572753903, "SIMECB.MX": 236.0, "MONEXB.MX": 222.00000286102295, "ALEATIC.MX": 193.99999618530276, "CEMEXCPO.MX": 189.20000076293945, "AXTELCPO.MX": 161.2399983406067}, "pct": {"ACCELSAB.MX": 0.6950837838321688, "VALUEGFO.MX": 0.04900518172388581, "BAFARB.MX": 0.044311533455584924, "FRES.MX": 0.028318191315116002, "WMT.MX": 0.03524070118284926, "FRAGUAB.MX": 0.02629546336403629, "KUOB.MX": 0.02122485215939782, "GBMO.MX": 0.01458202968369285, "CYDSASAA.MX": 0.014635356526647787, "RCENTROA.MX": 0.010523701669458554, "ASURB.MX": 0.009018700372277517, "TS.MX": 0.006939244113223091, "MEDICAB.MX": 0.006597770723528072, "ORBIA.MX": 0.006441928687027549, "MEGACPO.MX": 0.0040477545969419245, "CULTIBAB.MX": 0.003723658273578565, "GFNORTEO.MX": 0.002892041217058229, "BSMXB.MX": 0.0029204513168827077, "OMAB.MX": 0.003029954486450028, "GCC.MX": 0.0019306018478440555, "BBVA.MX": 0.0021771908408570553, "RA.MX": 0.0018432567772292496, "SIMECB.MX": 0.0021698354384309666, "MONEXB.MX": 0.0020411164133034895, "ALEATIC.MX": 0.0017836782490607721, "CEMEXCPO.MX": 0.0017395460449431861, "AXTELCPO.MX": 0.001482475688525418}}