{"allocation": {"ACCELSAB.MX": 3960, "FRAGUAB.MX": 24, "GFMULTIO.MX": 399, "VALUEGFO.MX": 29, "ALPEKA.MX": 77, "LAMOSA.MX": 45, "CMOCTEZ.MX": 20, "DINEA.MX": 107, "CHDRAUIB.MX": 25, "FINAMEXO.MX": 21, "URBI.MX": 16, "ACTINVRB.MX": 61, "CERAMICB.MX": 15, "MEGACPO.MX": 9, "PASAB.MX": 33, "KUOB.MX": 13, "CYDSASAA.MX": 17, "MEDICAB.MX": 16, "SIMECB.MX": 9, "TMMA.MX": 66, "TS.MX": 2, "FEMSAUBD.MX": 2, "BIMBOA.MX": 7, "BOLSAA.MX": 8, "ICHB.MX": 3, "ASURB.MX": 1, "GCC.MX": 3, "HERDEZ.MX": 5, "VESTA.MX": 8, "TLEVISACPO.MX": 4, "AXTELCPO.MX": 72, "BSMXB.MX": 7, "GAPB.MX": 1, "OMAB.MX": 2, "ALFAA.MX": 7, "GFNORTEO.MX": 2, "RA.MX": 2, "CEMEXCPO.MX": 17, "MFRISCOA-1.MX": 21, "GENTERA.MX": 6, "HOMEX.MX": 394}, "qty": {"ACCELSAB.MX": 56628.00075531006, "FRAGUAB.MX": 6480.0, "GFMULTIO.MX": 5187.0, "VALUEGFO.MX": 3161.0, "ALPEKA.MX": 1851.849941253662, "LAMOSA.MX": 1620.0, "CMOCTEZ.MX": 1336.0000610351562, "DINEA.MX": 1155.6000204086304, "CHDRAUIB.MX": 985.0000381469727, "FINAMEXO.MX": 854.7000160217285, "URBI.MX": 767.8987426757812, "ACTINVRB.MX": 762.5, "CERAMICB.MX": 765.0, "MEGACPO.MX": 793.2599945068359, "PASAB.MX": 653.399974822998, "KUOB.MX": 630.3700218200684, "CYDSASAA.MX": 544.0, "MEDICAB.MX": 544.0, "SIMECB.MX": 550.620002746582, "TMMA.MX": 527.3399848937988, "TS.MX": 626.0, "FEMSAUBD.MX": 337.9599914550781, "BIMBOA.MX": 274.05001068115234, "BOLSAA.MX": 267.9200134277344, "ICHB.MX": 254.9699935913086, "ASURB.MX": 296.2200012207031, "GCC.MX": 301.3200073242187, "HERDEZ.MX": 205.0, "VESTA.MX": 214.6399993896484, "TLEVISACPO.MX": 197.36000061035156, "AXTELCPO.MX": 213.8400020599365, "BSMXB.MX": 170.79999732971194, "GAPB.MX": 159.83999633789062, "OMAB.MX": 187.3000030517578, "ALFAA.MX": 163.6599941253662, "GFNORTEO.MX": 191.55999755859375, "RA.MX": 180.97999572753903, "CEMEXCPO.MX": 161.3299961090088, "MFRISCOA-1.MX": 109.19999599456787, "GENTERA.MX": 86.87999725341797, "HOMEX.MX": 58.70600154995916}, "pct": {"ACCELSAB.MX": 0.6260206889508105, "FRAGUAB.MX": 0.07163618722705586, "GFMULTIO.MX": 0.0573421146831387, "VALUEGFO.MX": 0.03494475120751907, "ALPEKA.MX": 0.020472140294453663, "LAMOSA.MX": 0.017909046806763966, "CMOCTEZ.MX": 0.014769436806739585, "DINEA.MX": 0.012775120281108367, "CHDRAUIB.MX": 0.010889143078912608, "FINAMEXO.MX": 0.009448680612762375, "URBI.MX": 0.00848909538607146, "ACTINVRB.MX": 0.0084294124630602, "CERAMICB.MX": 0.008457049880971873, "MEGACPO.MX": 0.008769463192318673, "PASAB.MX": 0.007223315267063869, "KUOB.MX": 0.0069687198928126085, "CYDSASAA.MX": 0.006013902137579998, "MEDICAB.MX": 0.006013902137579998, "SIMECB.MX": 0.006087086050573481, "TMMA.MX": 0.005829726217618052, "TS.MX": 0.006920409445082865, "FEMSAUBD.MX": 0.003736136608507743, "BIMBOA.MX": 0.0030296138695573593, "BOLSAA.MX": 0.0029618469512013115, "ICHB.MX": 0.002818684907127811, "ASURB.MX": 0.0032747023870131177, "GCC.MX": 0.0033310827870270945, "HERDEZ.MX": 0.0022662682687571685, "VESTA.MX": 0.002372838145477162, "TLEVISACPO.MX": 0.0021818083263665127, "AXTELCPO.MX": 0.0023639942012653736, "BSMXB.MX": 0.001888188362205538, "GAPB.MX": 0.0017670259111162124, "OMAB.MX": 0.0020705953836796073, "ALFAA.MX": 0.0018092558612258635, "GFNORTEO.MX": 0.0021176894830743495, "RA.MX": 0.0020007279102299005, "CEMEXCPO.MX": 0.001783497809661288, "MFRISCOA-1.MX": 0.0012072023701019466, "GENTERA.MX": 0.0009604555169030784, "HOMEX.MX": 0.0006489929195038126}}