{"allocation": {"ACCELSAB.MX": 1496, "FRAGUAB.MX": 84, "GNP.MX": 308, "GFMULTIO.MX": 920, "WMT.MX": 6, "BAFARB.MX": 196, "TS.MX": 18, "VALUEGFO.MX": 29, "MEDICAB.MX": 42, "CERAMICB.MX": 16, "GCARSOA1.MX": 8, "KUOB.MX": 12, "OMAB.MX": 5, "HERDEZ.MX": 12, "CYDSASAA.MX": 17, "GRUMAB.MX": 2, "PINFRA.MX": 2, "MONEXB.MX": 15, "ASURB.MX": 1, "MEGACPO.MX": 2, "AMXL.MX": 12, "GCC.MX": 1, "DINEA.MX": 13, "VOLARA.MX": 8, "IENOVA.MX": 1, "BIMBOA.MX": 2, "ALFAA.MX": 4, "ALPEKA.MX": 3, "BOLSAA.MX": 2, "ORBIA.MX": 1, "SIMECB.MX": 1, "RA.MX": 1, "LALAB.MX": 2, "BSMXB.MX": 2, "GMEXICOB.MX": 1, "CHDRAUIB.MX": 1, "GFINBURO.MX": 1, "AZTECACPO.MX": 25, "ARA.MX": 8, "HOMEX.MX": 336}, "qty": {"ACCELSAB.MX": 31864.798858642578, "FRAGUAB.MX": 21852.599487304688, "GNP.MX": 12042.799530029295, "GFMULTIO.MX": 11960.0, "WMT.MX": 11940.0, "BAFARB.MX": 8036.0, "TS.MX": 4528.440032958984, "VALUEGFO.MX": 3277.0, "MEDICAB.MX": 1087.7999839782717, "CERAMICB.MX": 768.0, "GCARSOA1.MX": 577.0399780273438, "KUOB.MX": 580.5600128173828, "OMAB.MX": 591.4500045776367, "HERDEZ.MX": 481.8000183105469, "CYDSASAA.MX": 467.5, "GRUMAB.MX": 373.8200073242187, "PINFRA.MX": 381.61999511718744, "MONEXB.MX": 202.65000343322754, "ASURB.MX": 309.42999267578125, "MEGACPO.MX": 161.82000732421875, "AMXL.MX": 165.47999954223633, "GCC.MX": 105.52999877929688, "DINEA.MX": 136.5, "VOLARA.MX": 132.72000122070312, "IENOVA.MX": 79.80000305175781, "BIMBOA.MX": 79.0999984741211, "ALFAA.MX": 71.55999755859375, "ALPEKA.MX": 66.3600025177002, "BOLSAA.MX": 71.4800033569336, "ORBIA.MX": 41.0099983215332, "SIMECB.MX": 52.52000045776367, "RA.MX": 94.91999816894533, "LALAB.MX": 45.68000030517578, "BSMXB.MX": 57.400001525878906, "GMEXICOB.MX": 48.90999984741211, "CHDRAUIB.MX": 33.040000915527344, "GFINBURO.MX": 26.0, "AZTECACPO.MX": 43.75, "ARA.MX": 33.279998779296875, "HOMEX.MX": 28.22399961948393}, "pct": {"ACCELSAB.MX": 0.28224315969569774, "FRAGUAB.MX": 0.19355988262228127, "GNP.MX": 0.1066693628293666, "GFMULTIO.MX": 0.10593596416331953, "WMT.MX": 0.10575881372157485, "BAFARB.MX": 0.07117904749301301, "TS.MX": 0.040110757612649206, "VALUEGFO.MX": 0.02902609987986606, "MEDICAB.MX": 0.009635212384580413, "CERAMICB.MX": 0.006802576962995769, "GCARSOA1.MX": 0.005111144350594263, "KUOB.MX": 0.005142323136494866, "OMAB.MX": 0.005238781479041112, "HERDEZ.MX": 0.00426755430381545, "CYDSASAA.MX": 0.00414089157578193, "GRUMAB.MX": 0.0033111189715242704, "PINFRA.MX": 0.0033802075356806475, "MONEXB.MX": 0.001794976881387874, "ASURB.MX": 0.0027407829945784103, "MEGACPO.MX": 0.0014333242890306472, "AMXL.MX": 0.0014657427509408428, "GCC.MX": 0.0009347342950534069, "DINEA.MX": 0.0012090517649074512, "VOLARA.MX": 0.0011755703422301111, "IENOVA.MX": 0.0007068302895922913, "BIMBOA.MX": 0.0007006299835847092, "ALFAA.MX": 0.0006338442589376605, "ALPEKA.MX": 0.0005877851880094383, "BOLSAA.MX": 0.000633135708529605, "ORBIA.MX": 0.00036324696593041265, "SIMECB.MX": 0.0004651970640761854, "RA.MX": 0.0008407559803016512, "LALAB.MX": 0.0004046116116479537, "BSMXB.MX": 0.000508421781322742, "GMEXICOB.MX": 0.000433221403935068, "CHDRAUIB.MX": 0.00029265253787151747, "GFINBURO.MX": 0.00023029557426808593, "AZTECACPO.MX": 0.00038751659131649075, "ARA.MX": 0.0002947783242507451, "HOMEX.MX": 0.00024999470001966503}}