{"allocation": {"BAFARB.MX": 738, "GNP.MX": 510, "GFMULTIO.MX": 1006, "ACCELSAB.MX": 538, "WMT.MX": 5, "TS.MX": 29, "BACHOCOB.MX": 61, "VALUEGFO.MX": 24, "ICHB.MX": 24, "RCENTROA.MX": 285, "MEDICAB.MX": 52, "FRAGUAB.MX": 4, "MEGACPO.MX": 5, "MONEXB.MX": 30, "VOLARA.MX": 17, "KUOB.MX": 6, "GCARSOA1.MX": 2, "CMOCTEZ.MX": 2, "PINFRA.MX": 1, "BOLSAA.MX": 3, "GCC.MX": 1, "CHDRAUIB.MX": 3, "OMAB.MX": 1, "CYDSASAA.MX": 3, "BIMBOA.MX": 2, "CREAL.MX": 3, "GFINBURO.MX": 2, "BSMXB.MX": 2, "ALFAA.MX": 3, "CEMEXCPO.MX": 6, "AZTECACPO.MX": 37}, "qty": {"BAFARB.MX": 30627.0, "GNP.MX": 20400.0, "GFMULTIO.MX": 13078.0, "ACCELSAB.MX": 10760.0, "WMT.MX": 11714.25048828125, "TS.MX": 6322.0, "BACHOCOB.MX": 5298.460037231445, "VALUEGFO.MX": 2232.0, "ICHB.MX": 1919.0399780273438, "RCENTROA.MX": 1795.500054359436, "MEDICAB.MX": 1102.4000396728516, "FRAGUAB.MX": 920.0, "MEGACPO.MX": 397.3500061035156, "MONEXB.MX": 360.0, "VOLARA.MX": 334.39000129699707, "KUOB.MX": 290.9400100708008, "GCARSOA1.MX": 115.86000061035156, "CMOCTEZ.MX": 116.0, "PINFRA.MX": 176.94000244140625, "BOLSAA.MX": 111.33000183105469, "GCC.MX": 105.4000015258789, "CHDRAUIB.MX": 92.58000183105467, "OMAB.MX": 117.08000183105467, "CYDSASAA.MX": 76.80000114440918, "BIMBOA.MX": 71.9800033569336, "CREAL.MX": 67.46999931335449, "GFINBURO.MX": 50.20000076293945, "BSMXB.MX": 49.799999237060554, "ALFAA.MX": 51.989999771118164, "CEMEXCPO.MX": 46.140000343322754, "AZTECACPO.MX": 35.70499902963639}, "pct": {"BAFARB.MX": 0.28140348390376574, "GNP.MX": 0.18743693706980183, "GFMULTIO.MX": 0.12016177759798374, "ACCELSAB.MX": 0.09886379621916999, "WMT.MX": 0.10763153096038569, "TS.MX": 0.05808707432133761, "BACHOCOB.MX": 0.048682701988500506, "VALUEGFO.MX": 0.020507806055872435, "ICHB.MX": 0.017632302725291427, "RCENTROA.MX": 0.016497207387146832, "MEDICAB.MX": 0.010128945434407222, "FRAGUAB.MX": 0.008453038338442043, "MEGACPO.MX": 0.003650885690623041, "MONEXB.MX": 0.0033077106541729738, "VOLARA.MX": 0.003072403805386088, "KUOB.MX": 0.0026731815862121667, "GCARSOA1.MX": 0.0010645315511426307, "CMOCTEZ.MX": 0.001065817877455736, "PINFRA.MX": 0.001625739808957865, "BOLSAA.MX": 0.0010229095366268786, "GCC.MX": 0.0009684241888805482, "CHDRAUIB.MX": 0.0008506329400553693, "OMAB.MX": 0.0010757410262421411, "CYDSASAA.MX": 0.0007056449500718301, "BIMBOA.MX": 0.0006613583999753768, "CREAL.MX": 0.0006199200987939608, "GFINBURO.MX": 0.00046124188156407286, "BSMXB.MX": 0.0004575666334839754, "ALFAA.MX": 0.00047768854487049446, "CEMEXCPO.MX": 0.0004239382519976482, "AZTECACPO.MX": 0.00032806057138212214}}