{"allocation": {"BAFARB.MX": 1062, "ACCELSAB.MX": 1698, "FRAGUAB.MX": 90, "GFMULTIO.MX": 608, "GNP.MX": 6, "VALUEGFO.MX": 2, "ACTINVRB.MX": 10, "KUOB.MX": 2, "MEDICAB.MX": 4, "PINFRA.MX": 1, "VITROA.MX": 1, "CYDSASAA.MX": 2, "HERDEZ.MX": 1, "MONEXB.MX": 2, "GCARSOA1.MX": 1, "RCENTROA.MX": 2, "TMMA.MX": 3}, "qty": {"BAFARB.MX": 44073.0, "ACCELSAB.MX": 36167.39870452881, "FRAGUAB.MX": 22949.10049438477, "GFMULTIO.MX": 7904.0, "GNP.MX": 240.0, "VALUEGFO.MX": 163.0, "ACTINVRB.MX": 129.89999771118164, "KUOB.MX": 95.94000244140625, "MEDICAB.MX": 94.0, "PINFRA.MX": 190.72999572753903, "VITROA.MX": 49.2400016784668, "CYDSASAA.MX": 53.099998474121094, "HERDEZ.MX": 41.130001068115234, "MONEXB.MX": 24.600000381469727, "GCARSOA1.MX": 71.55999755859375, "RCENTROA.MX": 18.0, "TMMA.MX": 22.140000343322754}, "pct": {"BAFARB.MX": 0.3925037013797975, "ACCELSAB.MX": 0.3220982883127187, "FRAGUAB.MX": 0.20437925458632183, "GFMULTIO.MX": 0.07039115230880401, "GNP.MX": 0.002137383167271377, "VALUEGFO.MX": 0.0014516394011051435, "ACTINVRB.MX": 0.0011568586189019585, "KUOB.MX": 0.0008544189428593188, "MEDICAB.MX": 0.0008371417405146226, "PINFRA.MX": 0.0016985961765074316, "VITROA.MX": 0.00043851979476653867, "CYDSASAA.MX": 0.00047289601216967596, "HERDEZ.MX": 0.00036629404980351355, "MONEXB.MX": 0.00021908177804259518, "GCARSOA1.MX": 0.000637296392632163, "RCENTROA.MX": 0.00016030373754535328, "TMMA.MX": 0.00019717360023833568}}