{"allocation": {"ACCELSAB.MX": 2410, "GFMULTIO.MX": 1083, "FRES.MX": 45, "WMT.MX": 4, "POCHTECB.MX": 1020, "BAFARB.MX": 149, "SIMECB.MX": 57, "TS.MX": 9, "MEGACPO.MX": 21, "DINEA.MX": 121, "CHDRAUIB.MX": 29, "PASAB.MX": 35, "GFINBURO.MX": 25, "KUOB.MX": 15, "MEDICAB.MX": 21, "BACHOCOB.MX": 7, "CYDSASAA.MX": 16, "GCC.MX": 4, "ALEATIC.MX": 21, "BSMXB.MX": 16, "FEMSAUBD.MX": 2, "AMXL.MX": 25, "GRUMAB.MX": 2, "OMAB.MX": 3, "GISSAA.MX": 14, "ARA.MX": 60, "BBVA.MX": 3, "GFNORTEO.MX": 3, "LALAB.MX": 10, "ASURB.MX": 1, "RA.MX": 3, "VOLARA.MX": 11, "ALFAA.MX": 8, "GAPB.MX": 1, "GMEXICOB.MX": 3}, "qty": {"ACCELSAB.MX": 49163.999080657966, "GFMULTIO.MX": 14079.0, "FRES.MX": 9353.250274658201, "WMT.MX": 7548.0, "POCHTECB.MX": 6681.000194549561, "BAFARB.MX": 6109.0, "SIMECB.MX": 3193.1400260925293, "TS.MX": 2264.220016479492, "MEGACPO.MX": 1891.4699935913086, "DINEA.MX": 1331.0, "CHDRAUIB.MX": 1091.5599822998047, "PASAB.MX": 689.5000267028809, "GFINBURO.MX": 672.249984741211, "KUOB.MX": 671.9999885559082, "MEDICAB.MX": 588.0, "BACHOCOB.MX": 522.1299743652344, "CYDSASAA.MX": 480.0, "GCC.MX": 428.5199890136718, "ALEATIC.MX": 433.22998237609863, "BSMXB.MX": 424.4800109863281, "FEMSAUBD.MX": 357.8399963378906, "AMXL.MX": 347.00000286102295, "GRUMAB.MX": 396.3999938964844, "OMAB.MX": 329.04000091552734, "GISSAA.MX": 298.19998931884766, "ARA.MX": 296.40000343322754, "BBVA.MX": 332.96999359130854, "GFNORTEO.MX": 316.62000274658203, "LALAB.MX": 252.1999931335449, "ASURB.MX": 313.6400146484375, "RA.MX": 293.7300109863281, "VOLARA.MX": 181.6100025177002, "ALFAA.MX": 165.0399932861328, "GAPB.MX": 172.32000732421875, "GMEXICOB.MX": 160.0800018310547}, "pct": {"ACCELSAB.MX": 0.4396361375692737, "GFMULTIO.MX": 0.12589775641894282, "FRES.MX": 0.08363898180299227, "WMT.MX": 0.06749600578522483, "POCHTECB.MX": 0.059743087941495146, "BAFARB.MX": 0.05462812656888427, "SIMECB.MX": 0.02855381527214816, "TS.MX": 0.020247192280249293, "MEGACPO.MX": 0.01691397318892662, "DINEA.MX": 0.011902117607330981, "CHDRAUIB.MX": 0.009760988192928925, "PASAB.MX": 0.00616567273334, "GFINBURO.MX": 0.00601141876778088, "KUOB.MX": 0.006009183242612692, "MEDICAB.MX": 0.0052580354268299155, "BACHOCOB.MX": 0.004669010038473125, "CYDSASAA.MX": 0.0042922738178203385, "GCC.MX": 0.003831927352616756, "ALEATIC.MX": 0.0038740452300993645, "BSMXB.MX": 0.003795800911134804, "FEMSAUBD.MX": 0.003199890098437612, "AMXL.MX": 0.003102956306383232, "GRUMAB.MX": 0.003544702739970879, "OMAB.MX": 0.0029423537103027047, "GISSAA.MX": 0.0026665750138074886, "ARA.MX": 0.002650479113204794, "BBVA.MX": 0.0029774966366912076, "GFNORTEO.MX": 0.002831291141640329, "LALAB.MX": 0.0022552321403783, "ASURB.MX": 0.0028046433814505746, "RA.MX": 0.002626603407634785, "VOLARA.MX": 0.0016239997059604382, "ALFAA.MX": 0.0014758267543235675, "GAPB.MX": 0.0015409263660924025, "GMEXICOB.MX": 0.0014314733346168082}}