{"allocation": {"ACCELSAB.MX": 1853, "GFMULTIO.MX": 959, "BAFARB.MX": 285, "FRES.MX": 41, "WMT.MX": 4, "VALUEGFO.MX": 57, "TMMA.MX": 561, "CHDRAUIB.MX": 85, "GBMO.MX": 215, "CERAMICB.MX": 47, "ALPEKA.MX": 85, "MEGACPO.MX": 19, "GCARSOA1.MX": 21, "ICHB.MX": 14, "DINEA.MX": 92, "MEDICAB.MX": 30, "IENOVA.MX": 8, "GRUMAB.MX": 3, "HERDEZ.MX": 13, "ORBIA.MX": 11, "GCC.MX": 5, "AC.MX": 4, "OMAB.MX": 4, "GISSAA.MX": 18, "ARA.MX": 70, "RA.MX": 4, "AEROMEX.MX": 17, "ASURB.MX": 1, "GFNORTEO.MX": 3, "LABB.MX": 20, "ALFAA.MX": 15, "GAPB.MX": 2, "VOLARA.MX": 12}, "qty": {"ACCELSAB.MX": 39468.89858627319, "GFMULTIO.MX": 12467.0, "BAFARB.MX": 11685.0, "FRES.MX": 8521.850250244139, "WMT.MX": 7838.240234375, "VALUEGFO.MX": 6441.0, "TMMA.MX": 4235.550107002258, "CHDRAUIB.MX": 3184.099922180176, "GBMO.MX": 2773.4999179840083, "CERAMICB.MX": 2256.0, "ALPEKA.MX": 1982.1999740600586, "MEGACPO.MX": 1586.690040588379, "GCARSOA1.MX": 1543.7100448608398, "ICHB.MX": 1238.020004272461, "DINEA.MX": 1012.0, "MEDICAB.MX": 780.0, "IENOVA.MX": 662.9600219726562, "GRUMAB.MX": 568.4700164794923, "HERDEZ.MX": 528.190013885498, "ORBIA.MX": 484.10998153686523, "GCC.MX": 543.1499862670897, "AC.MX": 430.44000244140625, "OMAB.MX": 467.2000122070312, "GISSAA.MX": 382.31999588012695, "ARA.MX": 355.5999946594238, "RA.MX": 413.23999023437506, "AEROMEX.MX": 330.3100051879883, "ASURB.MX": 312.25, "GFNORTEO.MX": 359.490005493164, "LABB.MX": 304.7999954223633, "ALFAA.MX": 287.39999771118164, "GAPB.MX": 385.51998901367193, "VOLARA.MX": 207.0}, "pct": {"ACCELSAB.MX": 0.34610847643175197, "GFMULTIO.MX": 0.109324924946736, "BAFARB.MX": 0.1024674539185538, "FRES.MX": 0.0747293365697653, "WMT.MX": 0.06873466153345097, "VALUEGFO.MX": 0.05648205996486136, "TMMA.MX": 0.037142151083352976, "CHDRAUIB.MX": 0.02792183243885904, "GBMO.MX": 0.024321221655039717, "CERAMICB.MX": 0.01978319007618805, "ALPEKA.MX": 0.01738219807439945, "MEGACPO.MX": 0.013913914301841503, "GCARSOA1.MX": 0.013537016507093429, "ICHB.MX": 0.010856376357555512, "DINEA.MX": 0.008874374271765207, "MEDICAB.MX": 0.00683993273910757, "IENOVA.MX": 0.005813592255141341, "GRUMAB.MX": 0.004984995739639871, "HERDEZ.MX": 0.004631774574929616, "ORBIA.MX": 0.004245230400054828, "GCC.MX": 0.00476296073501807, "AC.MX": 0.003774590596051945, "OMAB.MX": 0.004096944434879909, "GISSAA.MX": 0.0033526193033794256, "ARA.MX": 0.0031183077506377823, "RA.MX": 0.003623761202964865, "AEROMEX.MX": 0.002896536177615529, "ASURB.MX": 0.0027381653817773574, "GFNORTEO.MX": 0.0031524198178905804, "LABB.MX": 0.002672835214832385, "ALFAA.MX": 0.0025202521199540412, "GAPB.MX": 0.0033806805056859047, "VOLARA.MX": 0.0018152129192247014}}