{"allocation": {"ACCELSAB.MX": 3157, "VALUEGFO.MX": 96, "BAFARB.MX": 203, "FRAGUAB.MX": 26, "DINEA.MX": 542, "WMT.MX": 1, "TMMA.MX": 204, "CHDRAUIB.MX": 39, "FINAMEXO.MX": 25, "CYDSASAA.MX": 31, "KUOB.MX": 20, "CULTIBAB.MX": 43, "RCENTROA.MX": 65, "GFINBURO.MX": 22, "TS.MX": 2, "ASURB.MX": 2, "ORBIA.MX": 10, "MONEXB.MX": 36, "AMXL.MX": 29, "MEDICAB.MX": 14, "VESTA.MX": 16, "MEGACPO.MX": 5, "GENTERA.MX": 22, "GFNORTEO.MX": 3, "GAPB.MX": 2, "OMAB.MX": 3, "GCC.MX": 3, "FEMSAUBD.MX": 2, "GRUMAB.MX": 1, "RA.MX": 3, "VITROA.MX": 4, "SORIANAB.MX": 7, "BIMBOA.MX": 4, "CEMEXCPO.MX": 17, "ALEATIC.MX": 7}, "qty": {"ACCELSAB.MX": 56510.29879570007, "VALUEGFO.MX": 10464.0, "BAFARB.MX": 8221.5, "FRAGUAB.MX": 6760.0, "DINEA.MX": 5853.600103378296, "WMT.MX": 1850.0, "TMMA.MX": 1568.7600116729736, "CHDRAUIB.MX": 1444.9499702453613, "FINAMEXO.MX": 1017.5000190734863, "CYDSASAA.MX": 911.3999881744386, "KUOB.MX": 870.0, "CULTIBAB.MX": 647.1500082015991, "RCENTROA.MX": 650.0, "GFINBURO.MX": 609.400016784668, "TS.MX": 626.0, "ASURB.MX": 691.8599853515625, "ORBIA.MX": 510.8000183105469, "MONEXB.MX": 504.0, "AMXL.MX": 443.9900121688843, "MEDICAB.MX": 434.2800064086914, "VESTA.MX": 428.4800109863281, "MEGACPO.MX": 429.90001678466797, "GENTERA.MX": 306.899995803833, "GFNORTEO.MX": 318.4800109863281, "GAPB.MX": 343.260009765625, "OMAB.MX": 319.2000045776367, "GCC.MX": 315.0599899291992, "FEMSAUBD.MX": 348.0, "GRUMAB.MX": 232.97000122070312, "RA.MX": 303.240005493164, "VITROA.MX": 210.63999938964844, "SORIANAB.MX": 188.78999519348142, "BIMBOA.MX": 151.24000549316406, "CEMEXCPO.MX": 175.60999870300296, "ALEATIC.MX": 160.92999839782715}, "pct": {"ACCELSAB.MX": 0.5391062650624019, "VALUEGFO.MX": 0.09982619235490962, "BAFARB.MX": 0.07843282114352919, "FRAGUAB.MX": 0.06449016249227724, "DINEA.MX": 0.055843139324212594, "WMT.MX": 0.017648935001584747, "TMMA.MX": 0.014965915394108995, "CHDRAUIB.MX": 0.013784771948866053, "FINAMEXO.MX": 0.009706914432832, "CYDSASAA.MX": 0.008694723865803122, "KUOB.MX": 0.008299769433177692, "CULTIBAB.MX": 0.006173788341094627, "RCENTROA.MX": 0.006200977162718965, "GFINBURO.MX": 0.005813654749295816, "TS.MX": 0.00597201800594165, "ASURB.MX": 0.006600319952252487, "ORBIA.MX": 0.004873014228092509, "MONEXB.MX": 0.0048081422923236285, "AMXL.MX": 0.0042356491168224104, "MEDICAB.MX": 0.004143016003024217, "VESTA.MX": 0.004087684250473526, "MEGACPO.MX": 0.004101231055898809, "GENTERA.MX": 0.002927815177258638, "GFNORTEO.MX": 0.003038288115244163, "GAPB.MX": 0.0032746884329712764, "OMAB.MX": 0.0030451568288087914, "GCC.MX": 0.0030056612345191252, "FEMSAUBD.MX": 0.003319907773271077, "GRUMAB.MX": 0.0022225256264125992, "RA.MX": 0.002892898998285975, "VITROA.MX": 0.0020094981934928413, "SORIANAB.MX": 0.0018010499211455408, "BIMBOA.MX": 0.0014428243386963096, "CEMEXCPO.MX": 0.0016753132176960438, "ALEATIC.MX": 0.0015352665305558859}}