{"allocation": {"ACCELSAB.MX": 1881, "GNP.MX": 510, "BAFARB.MX": 409, "WMT.MX": 5, "GFMULTIO.MX": 844, "VALUEGFO.MX": 46, "BACHOCOB.MX": 11, "MEGACPO.MX": 11, "RCENTROA.MX": 134, "ICHB.MX": 4, "MONEXB.MX": 24, "LABB.MX": 14, "GCC.MX": 2, "FRAGUAB.MX": 1, "VOLARA.MX": 8, "KUOB.MX": 3, "OMAB.MX": 1, "MEDICAB.MX": 6, "FEMSAUBD.MX": 1, "BOLSAA.MX": 2, "BSMXB.MX": 3, "CREAL.MX": 4, "CEMEXCPO.MX": 12, "PINFRA.MX": 1, "AZTECACPO.MX": 70, "BIMBOA.MX": 2, "RA.MX": 1, "CYDSASAA.MX": 2, "GCARSOA1.MX": 1, "GFINBURO.MX": 2, "GFNORTEO.MX": 1, "ALFAA.MX": 3, "CHDRAUIB.MX": 1}, "qty": {"ACCELSAB.MX": 38861.45971298218, "GNP.MX": 20400.0, "BAFARB.MX": 16973.5, "WMT.MX": 11515.0, "GFMULTIO.MX": 10972.0, "VALUEGFO.MX": 4577.0, "BACHOCOB.MX": 1008.150016784668, "MEGACPO.MX": 900.0199966430664, "RCENTROA.MX": 758.4399795532227, "ICHB.MX": 273.5199890136719, "MONEXB.MX": 288.0, "LABB.MX": 235.0600128173828, "GCC.MX": 209.97999572753903, "FRAGUAB.MX": 220.0, "VOLARA.MX": 142.0800018310547, "KUOB.MX": 140.12999725341797, "OMAB.MX": 117.75, "MEDICAB.MX": 120.0, "FEMSAUBD.MX": 183.30999755859372, "BOLSAA.MX": 73.73999786376953, "BSMXB.MX": 76.40999794006346, "CREAL.MX": 88.91999816894531, "CEMEXCPO.MX": 89.6399974822998, "PINFRA.MX": 167.77999877929688, "AZTECACPO.MX": 77.70000100135803, "BIMBOA.MX": 70.13999938964844, "RA.MX": 90.79000091552734, "CYDSASAA.MX": 49.0, "GCARSOA1.MX": 57.650001525878906, "GFINBURO.MX": 49.540000915527344, "GFNORTEO.MX": 107.81999969482422, "ALFAA.MX": 51.360002517700195, "CHDRAUIB.MX": 28.06999969482422}, "pct": {"ACCELSAB.MX": 0.3566123486874563, "GNP.MX": 0.18720068589687677, "BAFARB.MX": 0.15575739421914891, "WMT.MX": 0.10566744598541844, "GFMULTIO.MX": 0.10068460419904568, "VALUEGFO.MX": 0.04200085977205907, "BACHOCOB.MX": 0.009251292873972436, "MEGACPO.MX": 0.00825903728884739, "RCENTROA.MX": 0.0069598276658812, "ICHB.MX": 0.0025099573308757636, "MONEXB.MX": 0.00264283321266179, "LABB.MX": 0.0021570291973697408, "GCC.MX": 0.0019268823149420863, "FRAGUAB.MX": 0.0020188309263388673, "VOLARA.MX": 0.001303797735049164, "KUOB.MX": 0.0012859035098317306, "OMAB.MX": 0.0010805333708018255, "MEDICAB.MX": 0.0011011805052757457, "FEMSAUBD.MX": 0.001682144964447233, "BOLSAA.MX": 0.0006766754008888179, "BSMXB.MX": 0.0007011766678313147, "CREAL.MX": 0.0008159747376066466, "CEMEXCPO.MX": 0.0008225818143372956, "PINFRA.MX": 0.0015396338652579177, "AZTECACPO.MX": 0.0007130143863550116, "BIMBOA.MX": 0.0006436399997327797, "RA.MX": 0.0008331348256845485, "CYDSASAA.MX": 0.0004496487063209295, "GCARSOA1.MX": 0.0005290254817451237, "GFINBURO.MX": 0.0004546040269960109, "GFNORTEO.MX": 0.0009894106811898108, "ALFAA.MX": 0.00047130527936170563, "CHDRAUIB.MX": 0.00025758447039197135}}