{"allocation": {"GNP.MX": 1584, "ACCELSAB.MX": 814, "BAFARB.MX": 235, "BACHOCOB.MX": 44, "TS.MX": 18, "VALUEGFO.MX": 38, "MONEXB.MX": 101, "FRAGUAB.MX": 3, "ANB.MX": 1, "ICHB.MX": 6, "MEGACPO.MX": 5, "FRES.MX": 2, "VOLARA.MX": 17, "GRUMAB.MX": 1, "MEDICAB.MX": 9, "ALPEKA.MX": 9, "GCARSOA1.MX": 3, "PINFRA.MX": 1, "GISSAA.MX": 6, "HERDEZ.MX": 3, "FEMSAUBD.MX": 1, "GAPB.MX": 1, "BOLSAA.MX": 2, "BSMXB.MX": 4, "ALFAA.MX": 5, "GFINBURO.MX": 3, "LALAB.MX": 4, "GMEXICOB.MX": 1, "HOMEX.MX": 863, "AZTECACPO.MX": 70}, "qty": {"GNP.MX": 64944.0, "ACCELSAB.MX": 16361.400310516357, "BAFARB.MX": 9752.5, "BACHOCOB.MX": 3800.7198791503906, "TS.MX": 3535.9200439453125, "VALUEGFO.MX": 3230.0, "MONEXB.MX": 1212.0, "FRAGUAB.MX": 690.0, "ANB.MX": 1548.5999755859375, "ICHB.MX": 495.17999267578125, "MEGACPO.MX": 395.1499938964844, "FRES.MX": 354.0, "VOLARA.MX": 354.9599857330322, "GRUMAB.MX": 201.8500061035156, "MEDICAB.MX": 193.5, "ALPEKA.MX": 186.4799938201904, "GCARSOA1.MX": 193.20000457763672, "PINFRA.MX": 177.94000244140625, "GISSAA.MX": 143.93999862670898, "HERDEZ.MX": 117.62999725341797, "FEMSAUBD.MX": 170.6999969482422, "GAPB.MX": 201.67999267578125, "BOLSAA.MX": 84.36000061035156, "BSMXB.MX": 103.3199996948242, "ALFAA.MX": 83.4000015258789, "GFINBURO.MX": 71.69999885559083, "LALAB.MX": 75.3199996948242, "GMEXICOB.MX": 50.66999816894531, "HOMEX.MX": 70.76600195467472, "AZTECACPO.MX": 58.24000120162964}, "pct": {"GNP.MX": 0.5965875556928987, "ACCELSAB.MX": 0.15029883929175886, "BAFARB.MX": 0.08958826276322669, "BACHOCOB.MX": 0.034914113429658486, "TS.MX": 0.032481613330605764, "VALUEGFO.MX": 0.029671375414019194, "MONEXB.MX": 0.011133655418511227, "FRAGUAB.MX": 0.006338467193706887, "ANB.MX": 0.014225724842647464, "ICHB.MX": 0.0045488146935586315, "MEGACPO.MX": 0.0036299206853715113, "FRES.MX": 0.003251909255901794, "VOLARA.MX": 0.0032607278618079555, "GRUMAB.MX": 0.0018542313648357515, "MEDICAB.MX": 0.00177752666953954, "ALPEKA.MX": 0.0017130395987129564, "GCARSOA1.MX": 0.0017747708562889431, "PINFRA.MX": 0.0016345896636564881, "GISSAA.MX": 0.0013222593610979845, "HERDEZ.MX": 0.0010805708385313347, "FEMSAUBD.MX": 0.0015680816385830417, "GAPB.MX": 0.0018526695901485285, "BOLSAA.MX": 0.0007749465164200092, "BSMXB.MX": 0.0009491165630716649, "ALFAA.MX": 0.0007661277878650547, "GFINBURO.MX": 0.0006586494065724403, "LALAB.MX": 0.0006919034015879071, "GMEXICOB.MX": 0.00046546394362180857, "HOMEX.MX": 0.0006500695388688451, "AZTECACPO.MX": 0.0005350033869246074}}