{"allocation": {"GNP.MX": 987, "WMT.MX": 6, "Q.MX": 186, "KUOB.MX": 237, "VALUEGFO.MX": 52, "BACHOCOB.MX": 55, "GFMULTIO.MX": 261, "FRAGUAB.MX": 12, "ANB.MX": 2, "AC.MX": 19, "BOLSAA.MX": 28, "MONEXB.MX": 130, "GRUMAB.MX": 5, "BIMBOA.MX": 26, "AXTELCPO.MX": 130, "FRES.MX": 3, "GMEXICOB.MX": 14, "AMXL.MX": 55, "BSMXB.MX": 43, "ARA.MX": 207, "GFNORTEO.MX": 5, "PE&OLES.MX": 1, "ASURB.MX": 2, "URBI.MX": 24, "GISSAA.MX": 9}, "qty": {"GNP.MX": 94781.60879516602, "WMT.MX": 18594.0, "Q.MX": 15510.53988647461, "KUOB.MX": 11302.529674530027, "VALUEGFO.MX": 4498.520111083984, "BACHOCOB.MX": 3851.649932861328, "GFMULTIO.MX": 3366.899900436401, "FRAGUAB.MX": 2640.0, "ANB.MX": 2600.0, "AC.MX": 1819.6299362182617, "BOLSAA.MX": 1403.0800170898438, "MONEXB.MX": 1324.699945449829, "GRUMAB.MX": 1225.250015258789, "BIMBOA.MX": 1075.619972229004, "AXTELCPO.MX": 913.9000272750854, "FRES.MX": 987.1200256347656, "GMEXICOB.MX": 787.5, "AMXL.MX": 763.4000062942505, "BSMXB.MX": 605.0099868774415, "ARA.MX": 525.7799921035768, "GFNORTEO.MX": 383.10001373291016, "PE&OLES.MX": 357.2900085449219, "ASURB.MX": 513.5800170898438, "URBI.MX": 328.7999954223633, "GISSAA.MX": 164.25}, "pct": {"GNP.MX": 0.5564790829157705, "WMT.MX": 0.10916856338762163, "Q.MX": 0.09106504016203275, "KUOB.MX": 0.06635909041703807, "VALUEGFO.MX": 0.02641158319336144, "BACHOCOB.MX": 0.022613697420807814, "GFMULTIO.MX": 0.019767646832342056, "FRAGUAB.MX": 0.015499892833350603, "ANB.MX": 0.01526504597223923, "AC.MX": 0.010683359472628655, "BOLSAA.MX": 0.008237723447541027, "MONEXB.MX": 0.007777540602582477, "GRUMAB.MX": 0.007193653004004705, "BIMBOA.MX": 0.006315149355667088, "AXTELCPO.MX": 0.0053656638193787945, "FRES.MX": 0.005795550989012564, "GMEXICOB.MX": 0.004623547578130152, "AMXL.MX": 0.004482052381265173, "BSMXB.MX": 0.003552117408979999, "ARA.MX": 0.003086944519517184, "GFNORTEO.MX": 0.002249245892922444, "PE&OLES.MX": 0.0020977109253307613, "ASURB.MX": 0.003015316373576875, "URBI.MX": 0.0019304411714593937, "GISSAA.MX": 0.0009643399234385745}}