{"allocation": {"GFMULTIO.MX": 6314, "GNP.MX": 780, "MONEXB.MX": 23}, "qty": {"GFMULTIO.MX": 81450.59759140013, "GNP.MX": 42510.0, "MONEXB.MX": 292.09999561309814}, "pct": {"GFMULTIO.MX": 0.6555237767321783, "GNP.MX": 0.3421253689098425, "MONEXB.MX": 0.0023508543579791714}}