{"allocation": {"GNP.MX": 1431, "BAFARB.MX": 1056, "ANB.MX": 1, "GFMULTIO.MX": 82, "MAXCOMA.MX": 420, "VOLARA.MX": 58, "TMMA.MX": 103, "LABB.MX": 26, "HERDEZ.MX": 6, "KUOB.MX": 3, "BIMBOA.MX": 4, "SIMECB.MX": 3, "TS.MX": 1, "FRAGUAB.MX": 1, "CERAMICB.MX": 2, "TLEVISACPO.MX": 3, "FEMSAUBD.MX": 1, "AC.MX": 1, "DINEA.MX": 6, "CMOCTEZ.MX": 1, "IENOVA.MX": 1, "GENTERA.MX": 5, "AMXL.MX": 3, "GCC.MX": 1, "VITROA.MX": 1, "OMAB.MX": 1, "PINFRA.MX": 1, "GCARSOA1.MX": 1, "CYDSASAA.MX": 1, "GISSAA.MX": 2, "AXTELCPO.MX": 12, "HOMEX.MX": 804, "ALPEKA.MX": 2, "LALAB.MX": 2, "BSMXB.MX": 1, "CEMEXCPO.MX": 3, "AEROMEX.MX": 2}, "qty": {"GNP.MX": 62820.902183532715, "BAFARB.MX": 42240.0, "ANB.MX": 1104.5, "GFMULTIO.MX": 1057.7999687194822, "MAXCOMA.MX": 819.0000200271608, "VOLARA.MX": 688.4599933624268, "TMMA.MX": 593.2800235748291, "LABB.MX": 504.65999603271484, "HERDEZ.MX": 179.16000366210935, "KUOB.MX": 143.39999771118164, "BIMBOA.MX": 142.36000061035156, "SIMECB.MX": 150.3900032043457, "TS.MX": 134.99000549316406, "FRAGUAB.MX": 228.0, "CERAMICB.MX": 74.0, "TLEVISACPO.MX": 76.83000183105467, "FEMSAUBD.MX": 155.77000427246094, "AC.MX": 92.83000183105467, "DINEA.MX": 57.0, "CMOCTEZ.MX": 54.0, "IENOVA.MX": 74.73999786376953, "GENTERA.MX": 47.89999961853028, "AMXL.MX": 43.80000114440919, "GCC.MX": 69.95999908447266, "VITROA.MX": 22.450000762939453, "OMAB.MX": 87.80000305175781, "PINFRA.MX": 167.42999267578125, "GCARSOA1.MX": 48.25, "CYDSASAA.MX": 20.209999084472656, "GISSAA.MX": 35.0, "AXTELCPO.MX": 33.59999942779541, "HOMEX.MX": 31.356000646948807, "ALPEKA.MX": 22.920000076293945, "LALAB.MX": 22.700000762939457, "BSMXB.MX": 13.420000076293944, "CEMEXCPO.MX": 15.21000051498413, "AEROMEX.MX": 18.86000061035156}, "pct": {"GNP.MX": 0.5604358596779438, "BAFARB.MX": 0.3768301614586127, "ANB.MX": 0.00985343071332949, "GFMULTIO.MX": 0.009436811860877792, "MAXCOMA.MX": 0.007306437258083381, "VOLARA.MX": 0.00614186767179353, "TMMA.MX": 0.005292751114438267, "LABB.MX": 0.0045021569078293276, "HERDEZ.MX": 0.0015983165981751494, "KUOB.MX": 0.001279295556123799, "BIMBOA.MX": 0.0012700175666488396, "SIMECB.MX": 0.0013416545736092537, "TS.MX": 0.0012042685976630689, "FRAGUAB.MX": 0.0020340264396913753, "CERAMICB.MX": 0.0006601664760401832, "TLEVISACPO.MX": 0.0006854133994995701, "FEMSAUBD.MX": 0.00138965047017993, "AC.MX": 0.0008281520970217719, "DINEA.MX": 0.0005085066099228438, "CMOCTEZ.MX": 0.000481743104137431, "IENOVA.MX": 0.0006667681217429129, "GENTERA.MX": 0.0004273239723039359, "AMXL.MX": 0.0003907471946764947, "GCC.MX": 0.0006241249467482535, "VITROA.MX": 0.00020028024176715087, "OMAB.MX": 0.0007832786298783282, "PINFRA.MX": 0.0014936711925433, "GCARSOA1.MX": 0.0004304463847153897, "CYDSASAA.MX": 0.00018029680914015734, "GISSAA.MX": 0.0003122409008298164, "AXTELCPO.MX": 0.00029975125969189013, "HOMEX.MX": 0.0002797321682406743, "ALPEKA.MX": 0.0002044731848811852, "LALAB.MX": 0.0002025105339159353, "BSMXB.MX": 0.00011972208322737787, "CEMEXCPO.MX": 0.00013569097892630332, "AEROMEX.MX": 0.0001682532451493445}}