{"allocation": {"GNP.MX": 874, "WMT.MX": 9, "KUOB.MX": 483, "Q.MX": 163, "BAFARB.MX": 209, "MONEXB.MX": 251, "SIMECB.MX": 53, "FRAGUAB.MX": 10, "GMD.MX": 64, "VOLARA.MX": 57, "GRUMAB.MX": 4, "CULTIBAB.MX": 88, "DINEA.MX": 68, "AMXL.MX": 45, "CYDSASAA.MX": 29, "GCC.MX": 5, "SORIANAB.MX": 34, "ANB.MX": 1, "GISSAA.MX": 28, "GENTERA.MX": 61, "OMAB.MX": 4, "ALPEKA.MX": 25, "BIMBOA.MX": 10, "VESTA.MX": 11, "IENOVA.MX": 5, "GAPB.MX": 2, "ASURB.MX": 2, "ORBIA.MX": 7, "GFNORTEO.MX": 2, "MFRISCOA-1.MX": 52, "URBI.MX": 6}, "qty": {"GNP.MX": 78660.0, "WMT.MX": 27198.0, "KUOB.MX": 23174.339778900146, "Q.MX": 14024.520149230957, "BAFARB.MX": 8569.0, "MONEXB.MX": 2961.8000478744507, "SIMECB.MX": 2454.9599838256836, "FRAGUAB.MX": 2185.0, "GMD.MX": 1120.0, "VOLARA.MX": 1007.1900043487549, "GRUMAB.MX": 1035.2399902343748, "CULTIBAB.MX": 904.6399765014648, "DINEA.MX": 754.8000259399415, "AMXL.MX": 598.0499982833862, "CYDSASAA.MX": 549.5500221252441, "GCC.MX": 497.59998321533203, "SORIANAB.MX": 522.5799961090088, "ANB.MX": 1251.300048828125, "GISSAA.MX": 476.0, "GENTERA.MX": 437.979989528656, "OMAB.MX": 399.8399963378906, "ALPEKA.MX": 409.74998474121094, "BIMBOA.MX": 404.1999816894531, "VESTA.MX": 359.700008392334, "IENOVA.MX": 320.4499816894531, "GAPB.MX": 340.3599853515625, "ASURB.MX": 495.95999145507807, "ORBIA.MX": 246.11999893188477, "GFNORTEO.MX": 151.33999633789062, "MFRISCOA-1.MX": 95.90453767776488, "URBI.MX": 87.0}, "pct": {"GNP.MX": 0.4581428484185208, "WMT.MX": 0.15841049060878373, "KUOB.MX": 0.13497531193140028, "Q.MX": 0.0816836207586017, "BAFARB.MX": 0.04990879822143789, "MONEXB.MX": 0.017250540431977015, "SIMECB.MX": 0.014298529872150832, "FRAGUAB.MX": 0.0127261902338478, "GMD.MX": 0.006523264559226333, "VOLARA.MX": 0.0058662204105136145, "GRUMAB.MX": 0.006029593159455099, "CULTIBAB.MX": 0.005268933837117275, "DINEA.MX": 0.004396214516533158, "AMXL.MX": 0.0034832485343280198, "CYDSASAA.MX": 0.0032007680204032608, "GCC.MX": 0.0028981931564108867, "SORIANAB.MX": 0.0030436853285522605, "ANB.MX": 0.007288001126320256, "GISSAA.MX": 0.0027723874376711912, "GENTERA.MX": 0.00255094584227018, "OMAB.MX": 0.0023288054263144184, "ALPEKA.MX": 0.002386524601433814, "BIMBOA.MX": 0.0023541994780310197, "VESTA.MX": 0.002095016354195649, "IENOVA.MX": 0.0018664107219281579, "GAPB.MX": 0.0019823734194845013, "ASURB.MX": 0.0028886412812974154, "ORBIA.MX": 0.0014334873806689167, "GFNORTEO.MX": 0.0008814561022360757, "MFRISCOA-1.MX": 0.0005585809568770983, "URBI.MX": 0.0005067178720113312}}