{"allocation": {"GNP.MX": 1350, "ACCELSAB.MX": 1472, "WMT.MX": 3, "KUOB.MX": 163, "TLEVISACPO.MX": 55, "SIMECB.MX": 12, "FRAGUAB.MX": 1, "VOLARA.MX": 2, "GISSAA.MX": 1}, "qty": {"GNP.MX": 81675.0, "ACCELSAB.MX": 26496.0, "WMT.MX": 8565.0, "KUOB.MX": 8148.370273590088, "TLEVISACPO.MX": 1369.4999790191653, "SIMECB.MX": 559.9199981689453, "FRAGUAB.MX": 215.0, "VOLARA.MX": 24.36000061035156, "GISSAA.MX": 15.979999542236328}, "pct": {"GNP.MX": 0.6427603607478201, "ACCELSAB.MX": 0.20851641895775008, "WMT.MX": 0.06740425454306799, "KUOB.MX": 0.06412549025478516, "TLEVISACPO.MX": 0.010777597802981213, "SIMECB.MX": 0.004406420324615733, "FRAGUAB.MX": 0.001691992379072927, "VOLARA.MX": 0.00019170667621826366, "GISSAA.MX": 0.00012575831368861733}}