{"allocation": {"GNP.MX": 825, "WMT.MX": 8, "KUOB.MX": 310, "BACHOCOB.MX": 119, "ACCELSAB.MX": 390, "LABB.MX": 330, "BAFARB.MX": 152, "AXTELCPO.MX": 523, "MONEXB.MX": 340, "ANB.MX": 3, "FRAGUAB.MX": 9, "AC.MX": 20, "OMAB.MX": 17, "DINEA.MX": 124, "SIMECB.MX": 23, "AMXL.MX": 106, "GAPB.MX": 7, "TLEVISACPO.MX": 42, "PINFRA.MX": 7, "GRUMAB.MX": 5, "GICSAB.MX": 290, "GCC.MX": 8, "ASURB.MX": 4, "VOLARA.MX": 45, "MAXCOMA.MX": 556, "BIMBOA.MX": 15, "SORIANAB.MX": 36, "BBVA.MX": 9, "BSMXB.MX": 29, "GFINBURO.MX": 24, "FRES.MX": 1, "PE&OLES.MX": 1}, "qty": {"GNP.MX": 94875.0, "WMT.MX": 23438.0, "KUOB.MX": 14260.0, "BACHOCOB.MX": 7903.979782104492, "ACCELSAB.MX": 7020.0, "LABB.MX": 6207.299823760986, "BAFARB.MX": 5928.0, "AXTELCPO.MX": 4136.929920196533, "MONEXB.MX": 3434.0001296997075, "ANB.MX": 3534.18017578125, "FRAGUAB.MX": 1962.0, "AC.MX": 1846.9999694824219, "OMAB.MX": 1627.2400207519531, "DINEA.MX": 1581.0, "SIMECB.MX": 1472.0, "AMXL.MX": 1368.4599838256836, "GAPB.MX": 1235.7099914550781, "TLEVISACPO.MX": 1126.859996795654, "PINFRA.MX": 972.7200469970703, "GRUMAB.MX": 1128.050003051758, "GICSAB.MX": 884.4999861717224, "GCC.MX": 854.4799804687501, "ASURB.MX": 980.0800170898436, "VOLARA.MX": 747.4500274658203, "MAXCOMA.MX": 672.7600212097169, "BIMBOA.MX": 614.850025177002, "SORIANAB.MX": 582.8400192260742, "BBVA.MX": 544.0500068664551, "BSMXB.MX": 454.1399955749512, "GFINBURO.MX": 377.04000091552734, "FRES.MX": 319.29998779296875, "PE&OLES.MX": 337.760009765625}, "pct": {"GNP.MX": 0.4930423733146977, "WMT.MX": 0.12180160364426756, "KUOB.MX": 0.07410576277699699, "BACHOCOB.MX": 0.0410750666708847, "ACCELSAB.MX": 0.036481238057119135, "LABB.MX": 0.03225783227386584, "BAFARB.MX": 0.030806378803789492, "AXTELCPO.MX": 0.02149862182967359, "MONEXB.MX": 0.017845666128169943, "ANB.MX": 0.018366277539804406, "FRAGUAB.MX": 0.010196038328784579, "AC.MX": 0.009598411051022793, "OMAB.MX": 0.008456371876513316, "DINEA.MX": 0.008216073699188796, "SIMECB.MX": 0.007649627125367431, "AMXL.MX": 0.0071115547637587125, "GAPB.MX": 0.006421685237583099, "TLEVISACPO.MX": 0.005856018205149111, "PINFRA.MX": 0.005054990256044478, "GRUMAB.MX": 0.00586220237915458, "GICSAB.MX": 0.004596531988183645, "GCC.MX": 0.0044405252966556955, "ASURB.MX": 0.005093238236250709, "VOLARA.MX": 0.003884316579455958, "MAXCOMA.MX": 0.0034961707249379203, "BIMBOA.MX": 0.0031952265153714957, "SORIANAB.MX": 0.0030288782750145737, "BBVA.MX": 0.0028272959851100353, "BSMXB.MX": 0.00236005545439157, "GFINBURO.MX": 0.0019593854744238987, "FRES.MX": 0.0016593246248305593, "PE&OLES.MX": 0.0017552568835376993}}