{"allocation": {"GNP.MX": 2420, "BAFARB.MX": 183, "ACCELSAB.MX": 60, "SIMECB.MX": 4, "LABB.MX": 11, "AXTELCPO.MX": 55}, "qty": {"GNP.MX": 99220.0, "BAFARB.MX": 7503.0, "ACCELSAB.MX": 1053.599967956543, "SIMECB.MX": 224.0, "LABB.MX": 207.57000923156738, "AXTELCPO.MX": 156.74999475479126}, "pct": {"GNP.MX": 0.9156099596224438, "BAFARB.MX": 0.06923827380616002, "ACCELSAB.MX": 0.009722703327140682, "SIMECB.MX": 0.0020670896085005787, "LABB.MX": 0.0019154723621381345, "AXTELCPO.MX": 0.0014465012736167378}}