{"allocation": {"GNP.MX": 1534, "BAFARB.MX": 776, "KUOB.MX": 57, "BACHOCOB.MX": 28, "GFMULTIO.MX": 109, "SIMECB.MX": 20, "VESTA.MX": 31, "MAXCOMA.MX": 269, "HERDEZ.MX": 7, "FRAGUAB.MX": 1, "PINFRA.MX": 1, "ICHB.MX": 2, "DINEA.MX": 15, "GCARSOA1.MX": 2, "VOLARA.MX": 11, "ASURB.MX": 1, "IENOVA.MX": 2, "GRUMAB.MX": 1, "AC.MX": 1, "OMAB.MX": 1, "GAPB.MX": 1, "TLEVISACPO.MX": 3, "SORIANAB.MX": 4, "GMEXICOB.MX": 1, "GCC.MX": 1, "BSMXB.MX": 3, "ALFAA.MX": 3, "MFRISCOA-1.MX": 15}, "qty": {"GNP.MX": 70564.0, "BAFARB.MX": 31040.0, "KUOB.MX": 2718.3299217224117, "BACHOCOB.MX": 1891.679931640625, "GFMULTIO.MX": 1406.0999584197996, "SIMECB.MX": 1020.9999847412109, "VESTA.MX": 938.9900283813477, "MAXCOMA.MX": 403.5, "HERDEZ.MX": 245.77000427246094, "FRAGUAB.MX": 218.88999938964844, "PINFRA.MX": 167.2100067138672, "ICHB.MX": 156.6199951171875, "DINEA.MX": 142.5, "GCARSOA1.MX": 99.9800033569336, "VOLARA.MX": 120.33999538421631, "ASURB.MX": 228.5500030517578, "IENOVA.MX": 125.87999725341795, "GRUMAB.MX": 220.0800018310547, "AC.MX": 98.91000366210938, "OMAB.MX": 97.5999984741211, "GAPB.MX": 146.38999938964844, "TLEVISACPO.MX": 78.81000137329102, "SORIANAB.MX": 71.95999908447266, "GMEXICOB.MX": 47.47999954223633, "GCC.MX": 81.41000366210938, "BSMXB.MX": 43.26000022888183, "ALFAA.MX": 35.21999931335449, "MFRISCOA-1.MX": 22.477619647979736}, "pct": {"GNP.MX": 0.6276096809071798, "BAFARB.MX": 0.27607568300208124, "KUOB.MX": 0.024177345031073095, "BACHOCOB.MX": 0.016824962279285306, "GFMULTIO.MX": 0.012506121339882223, "SIMECB.MX": 0.009080968689837125, "VESTA.MX": 0.00835155648896663, "MAXCOMA.MX": 0.0035888059952106886, "HERDEZ.MX": 0.0021859253154298992, "FRAGUAB.MX": 0.0019468494228035546, "PINFRA.MX": 0.001487197706453398, "ICHB.MX": 0.0013930081225438198, "DINEA.MX": 0.0012674221916171577, "GCARSOA1.MX": 0.0008892412278774425, "VOLARA.MX": 0.001070326882028506, "ASURB.MX": 0.00203276733868047, "IENOVA.MX": 0.0011196007157872898, "GRUMAB.MX": 0.0019574335315917435, "AC.MX": 0.0008797244464160825, "OMAB.MX": 0.0008680730103010654, "GAPB.MX": 0.0013020205884720184, "TLEVISACPO.MX": 0.0007009511906097383, "SORIANAB.MX": 0.0006400259631467439, "GMEXICOB.MX": 0.00042229617598458114, "GCC.MX": 0.0007240761070946772, "BSMXB.MX": 0.00038476269683823265, "ALFAA.MX": 0.000313253394515695, "MFRISCOA-1.MX": 0.000199920238291785}}