{"allocation": {"CERAMICB.MX": 361, "ACCELSAB.MX": 1756, "PASAB.MX": 602, "GMD.MX": 243, "GCC.MX": 73, "AUTLANB.MX": 266, "LAMOSA.MX": 111, "GAPB.MX": 25, "MEGACPO.MX": 36, "ASURB.MX": 8, "VALUEGFO.MX": 20, "FINAMEXO.MX": 35, "VITROA.MX": 18, "PE&OLES.MX": 3, "GNP.MX": 27, "GFMULTIO.MX": 83, "AEROMEX.MX": 25, "MFRISCOA-1.MX": 57, "ORBIA.MX": 10, "CYDSASAA.MX": 17, "AMXL.MX": 27, "OMAB.MX": 3, "TMMA.MX": 66, "MEDICAB.MX": 7, "CMOCTEZ.MX": 3, "BBVA.MX": 2, "RA.MX": 2, "FEMSAUBD.MX": 2, "CEMEXCPO.MX": 14, "TEAKCPO.MX": 9, "KUOB.MX": 4, "LABB.MX": 6, "GISSAA.MX": 4, "BIMBOA.MX": 3, "AC.MX": 1, "AXTELCPO.MX": 30, "SORIANAB.MX": 2, "TLEVISACPO.MX": 1, "CHDRAUIB.MX": 2, "VESTA.MX": 3, "GFNORTEO.MX": 1, "RCENTROA.MX": 7, "PINFRA.MX": 1, "BSMXB.MX": 2, "ALFAA.MX": 3, "GENTERA.MX": 2, "HOMEX.MX": 35}, "qty": {"CERAMICB.MX": 18699.799724578857, "ACCELSAB.MX": 18104.360736846924, "PASAB.MX": 15351.0, "GMD.MX": 7207.379962921143, "GCC.MX": 6775.129821777345, "AUTLANB.MX": 4647.019817352295, "LAMOSA.MX": 4609.829864501954, "GAPB.MX": 4637.2501373291025, "MEGACPO.MX": 2834.2801208496094, "ASURB.MX": 2670.719970703125, "VALUEGFO.MX": 1920.0, "FINAMEXO.MX": 1534.749946594238, "VITROA.MX": 1244.7000274658203, "PE&OLES.MX": 1172.820007324219, "GNP.MX": 923.4000205993652, "GFMULTIO.MX": 830.0, "AEROMEX.MX": 794.5000171661377, "MFRISCOA-1.MX": 680.5799760818481, "ORBIA.MX": 484.70001220703125, "CYDSASAA.MX": 467.1599922180176, "AMXL.MX": 431.72999382019043, "OMAB.MX": 283.3200073242187, "TMMA.MX": 306.9000062942505, "MEDICAB.MX": 273.0, "CMOCTEZ.MX": 218.9699935913086, "BBVA.MX": 314.0199890136719, "RA.MX": 203.22000122070312, "FEMSAUBD.MX": 336.5199890136719, "CEMEXCPO.MX": 199.6400032043457, "TEAKCPO.MX": 157.40999794006348, "KUOB.MX": 160.0, "LABB.MX": 132.4799995422363, "GISSAA.MX": 131.44000244140625, "BIMBOA.MX": 130.35000228881836, "AC.MX": 127.61000061035156, "AXTELCPO.MX": 121.19999885559082, "SORIANAB.MX": 81.04000091552734, "TLEVISACPO.MX": 69.9800033569336, "CHDRAUIB.MX": 72.55999755859376, "VESTA.MX": 70.26000022888184, "GFNORTEO.MX": 109.3000030517578, "RCENTROA.MX": 83.2999973297119, "PINFRA.MX": 187.41000366210935, "BSMXB.MX": 60.459999084472656, "ALFAA.MX": 62.310001373291016, "GENTERA.MX": 34.20000076293945, "HOMEX.MX": 25.865000784397125}, "pct": {"CERAMICB.MX": 0.1870468629585656, "ACCELSAB.MX": 0.18109091709931174, "PASAB.MX": 0.15355011473747787, "GMD.MX": 0.07209263372178623, "GCC.MX": 0.06776900276823786, "AUTLANB.MX": 0.046482341615645774, "LAMOSA.MX": 0.04611034490355854, "GAPB.MX": 0.0463846192856015, "MEGACPO.MX": 0.028350207657781915, "ASURB.MX": 0.026714178746214474, "VALUEGFO.MX": 0.019205017281998405, "FINAMEXO.MX": 0.015351510024941912, "VITROA.MX": 0.012450252884575503, "PE&OLES.MX": 0.011731264848612042, "GNP.MX": 0.009236413205108589, "GFMULTIO.MX": 0.008302168929197227, "AEROMEX.MX": 0.007947076333449845, "MFRISCOA-1.MX": 0.006807578230434351, "ORBIA.MX": 0.004848266724490038, "CYDSASAA.MX": 0.004672820689586077, "AMXL.MX": 0.004318428121080116, "OMAB.MX": 0.002833940435936216, "TMMA.MX": 0.0030698020441283854, "MEDICAB.MX": 0.002730713394784148, "CMOCTEZ.MX": 0.0021902721412292506, "BBVA.MX": 0.0031410204770315193, "RA.MX": 0.00203273106015174, "FEMSAUBD.MX": 0.0033660792733049383, "CEMEXCPO.MX": 0.0019969217248529563, "TEAKCPO.MX": 0.0015745113181240898, "KUOB.MX": 0.0016004181068332004, "LABB.MX": 0.0013251461878790566, "GISSAA.MX": 0.0013147434991839164, "BIMBOA.MX": 0.0013038406493048377, "AC.MX": 0.001276433472436265, "AXTELCPO.MX": 0.0012123167044790668, "SORIANAB.MX": 0.0008106117802686818, "TLEVISACPO.MX": 0.0006999829030542792, "CHDRAUIB.MX": 0.0007257895870284142, "VESTA.MX": 0.0007027836034525455, "GFNORTEO.MX": 0.0010932856497559828, "RCENTROA.MX": 0.000833217650160176, "PINFRA.MX": 0.0018745897703907261, "BSMXB.MX": 0.0006047579829619298, "ALFAA.MX": 0.0006232628402163533, "GENTERA.MX": 0.0003420893779669848, "HOMEX.MX": 0.00025871759742877556}}