{"allocation": {"GFMULTIO.MX": 2713, "ACCELSAB.MX": 2254, "PASAB.MX": 414, "BAFARB.MX": 196, "WMT.MX": 3, "TEAKCPO.MX": 258, "GRUMAB.MX": 15, "ASURB.MX": 9, "VALUEGFO.MX": 27, "ALPEKA.MX": 71, "AXTELCPO.MX": 336, "CERAMICB.MX": 7, "SIMECB.MX": 7, "FRES.MX": 1, "TLEVISACPO.MX": 3, "BSMXB.MX": 6, "MEGACPO.MX": 2, "ACTINVRB.MX": 11, "CMOCTEZ.MX": 1, "CULTIBAB.MX": 5, "ICHB.MX": 1, "MONEXB.MX": 7, "AUTLANB.MX": 5, "ORBIA.MX": 1, "ARA.MX": 10, "BACHOCOB.MX": 1, "AC.MX": 1, "CYDSASAA.MX": 1, "HERDEZ.MX": 1, "MEDICAB.MX": 1, "KUOB.MX": 1, "ALEATIC.MX": 1, "AZTECACPO.MX": 7}, "qty": {"GFMULTIO.MX": 35269.0, "ACCELSAB.MX": 27115.619398117065, "PASAB.MX": 9936.0, "BAFARB.MX": 7546.0, "WMT.MX": 5508.0, "TEAKCPO.MX": 3614.5800590515137, "GRUMAB.MX": 3630.750045776367, "ASURB.MX": 3221.2801208496094, "VALUEGFO.MX": 2646.0, "ALPEKA.MX": 2001.4900379180908, "AXTELCPO.MX": 1283.51997756958, "CERAMICB.MX": 401.0999946594238, "SIMECB.MX": 380.52000427246094, "FRES.MX": 240.0, "TLEVISACPO.MX": 206.82000732421875, "BSMXB.MX": 181.43999862670898, "MEGACPO.MX": 179.74000549316406, "ACTINVRB.MX": 150.6999979019165, "CMOCTEZ.MX": 78.1500015258789, "CULTIBAB.MX": 93.1999969482422, "ICHB.MX": 74.7300033569336, "MONEXB.MX": 83.01999759674072, "AUTLANB.MX": 83.95000457763672, "ORBIA.MX": 64.69000244140625, "ARA.MX": 64.80000019073486, "BACHOCOB.MX": 92.41000366210938, "AC.MX": 117.55999755859376, "CYDSASAA.MX": 31.36000061035156, "HERDEZ.MX": 41.150001525878906, "MEDICAB.MX": 37.2400016784668, "KUOB.MX": 48.0, "ALEATIC.MX": 28.979999542236328, "AZTECACPO.MX": 16.09999966621399}, "pct": {"GFMULTIO.MX": 0.3376060982877249, "ACCELSAB.MX": 0.25955934298259803, "PASAB.MX": 0.09511055580217287, "BAFARB.MX": 0.0722327147829304, "WMT.MX": 0.052724329846856696, "TEAKCPO.MX": 0.034599911272930786, "GRUMAB.MX": 0.03475469553467742, "ASURB.MX": 0.030835119030645824, "VALUEGFO.MX": 0.025328354534274296, "ALPEKA.MX": 0.019158899953593163, "AXTELCPO.MX": 0.012286261921279712, "CERAMICB.MX": 0.0038394568663754395, "SIMECB.MX": 0.003642458645350136, "FRES.MX": 0.00229735642034234, "TLEVISACPO.MX": 0.0019797469653397653, "BSMXB.MX": 0.00173680144063323, "MEGACPO.MX": 0.0017205285650503661, "ACTINVRB.MX": 0.0014425483655231043, "CMOCTEZ.MX": 0.0007480766989801731, "CULTIBAB.MX": 0.0008921400473538779, "ICHB.MX": 0.0007153393875177333, "MONEXB.MX": 0.0007946938520653246, "AUTLANB.MX": 0.0008035961750175105, "ORBIA.MX": 0.0006192333018363595, "ARA.MX": 0.0006202862353182066, "BACHOCOB.MX": 0.0008845779800708588, "AC.MX": 0.0011253217298611048, "CYDSASAA.MX": 0.0003001879114338785, "HERDEZ.MX": 0.0003939009175107291, "MEDICAB.MX": 0.000356473153956605, "KUOB.MX": 0.00045947128406846795, "ALEATIC.MX": 0.0002774057833744779, "AZTECACPO.MX": 0.00015411432333619265}}