{"allocation": {"ACCELSAB.MX": 7048, "TEAKCPO.MX": 418, "WMT.MX": 2, "GAPB.MX": 18, "BAFARB.MX": 57, "AEROMEX.MX": 74, "CMOCTEZ.MX": 26, "BIMBOA.MX": 33, "GCC.MX": 14, "PASAB.MX": 34, "SIMECB.MX": 9, "LAMOSA.MX": 7, "OMAB.MX": 1}, "qty": {"ACCELSAB.MX": 72664.8829574585, "TEAKCPO.MX": 7942.0, "WMT.MX": 3400.659912109375, "GAPB.MX": 3278.159912109375, "BAFARB.MX": 2185.3717460632324, "AEROMEX.MX": 2160.8000564575195, "CMOCTEZ.MX": 1893.8399047851562, "BIMBOA.MX": 1455.6300201416016, "GCC.MX": 1395.3799743652346, "PASAB.MX": 822.8000259399414, "SIMECB.MX": 557.1000137329102, "LAMOSA.MX": 280.0, "OMAB.MX": 92.11000061035156}, "pct": {"ACCELSAB.MX": 0.7405056562698697, "TEAKCPO.MX": 0.08093449934459236, "WMT.MX": 0.03465508781513444, "GAPB.MX": 0.03340672768296212, "BAFARB.MX": 0.022270456830703268, "AEROMEX.MX": 0.022020054237365434, "CMOCTEZ.MX": 0.01929954476612907, "BIMBOA.MX": 0.014833881504799726, "GCC.MX": 0.014219891667177083, "PASAB.MX": 0.008384904074561416, "SIMECB.MX": 0.005677236300218914, "LAMOSA.MX": 0.0028533945878224456, "OMAB.MX": 0.0009386649186639262}}