{"allocation": {"ACCELSAB.MX": 1863, "GFMULTIO.MX": 1762, "CERAMICB.MX": 317, "GCC.MX": 115, "PASAB.MX": 405, "GNP.MX": 172, "CYDSASAA.MX": 148, "GMD.MX": 140, "CMOCTEZ.MX": 39, "ASURB.MX": 6, "VALUEGFO.MX": 19, "AMXL.MX": 94, "AEROMEX.MX": 56, "ALPEKA.MX": 37, "TEAKCPO.MX": 45, "RA.MX": 5, "PE&OLES.MX": 1}, "qty": {"ACCELSAB.MX": 19188.90035533905, "GFMULTIO.MX": 17620.0, "CERAMICB.MX": 16642.5, "GCC.MX": 10519.05014038086, "PASAB.MX": 10125.0, "GNP.MX": 5848.0, "CYDSASAA.MX": 4440.0, "GMD.MX": 3990.0, "CMOCTEZ.MX": 2885.6099166870117, "ASURB.MX": 2148.4200439453125, "VALUEGFO.MX": 1824.0, "AMXL.MX": 1593.3000717163086, "AEROMEX.MX": 1601.0400085449219, "ALPEKA.MX": 867.6500282287598, "TEAKCPO.MX": 760.4999828338623, "RA.MX": 536.7499923706055, "PE&OLES.MX": 409.6499938964844}, "pct": {"ACCELSAB.MX": 0.18998841542754777, "GFMULTIO.MX": 0.17445480553042575, "CERAMICB.MX": 0.1647766232145352, "GCC.MX": 0.10414862920572875, "PASAB.MX": 0.10024715698045181, "GNP.MX": 0.057900777681153794, "CYDSASAA.MX": 0.04396023476476109, "GMD.MX": 0.039504805565629894, "CMOCTEZ.MX": 0.02857029040024408, "ASURB.MX": 0.021271407546205916, "VALUEGFO.MX": 0.018059339687145095, "AMXL.MX": 0.015775190361117027, "AEROMEX.MX": 0.015851823117885102, "ALPEKA.MX": 0.008590562823105375, "TEAKCPO.MX": 0.007529675176570577, "RA.MX": 0.005314336863647644, "PE&OLES.MX": 0.004055925653845135}}