{"allocation": {"ACCELSAB.MX": 4831, "PASAB.MX": 599, "GFMULTIO.MX": 920, "DINEA.MX": 292, "GCC.MX": 20, "FRAGUAB.MX": 8, "OMAB.MX": 16, "GMD.MX": 71, "GRUMAB.MX": 6, "AXTELCPO.MX": 392, "GAPB.MX": 5, "LAMOSA.MX": 15, "MEGACPO.MX": 4, "PE&OLES.MX": 1}, "qty": {"ACCELSAB.MX": 67875.55092144012, "PASAB.MX": 13178.0, "GFMULTIO.MX": 11960.0, "DINEA.MX": 2920.0, "GCC.MX": 2189.4000244140625, "FRAGUAB.MX": 2104.0, "OMAB.MX": 1700.6400146484375, "GMD.MX": 1520.8200054168701, "GRUMAB.MX": 1272.0, "AXTELCPO.MX": 1297.51997756958, "GAPB.MX": 840.2500152587891, "LAMOSA.MX": 600.0, "MEGACPO.MX": 360.2799987792969, "PE&OLES.MX": 286.29998779296875}, "pct": {"ACCELSAB.MX": 0.6278682856139137, "PASAB.MX": 0.12190027418556978, "GFMULTIO.MX": 0.11063342534978104, "DINEA.MX": 0.027010836289411425, "GCC.MX": 0.02025257727105535, "FRAGUAB.MX": 0.019462602586617, "OMAB.MX": 0.01573140719962027, "GMD.MX": 0.014068020613690712, "GRUMAB.MX": 0.01176636430141484, "AXTELCPO.MX": 0.012002431402867367, "GAPB.MX": 0.0077725532891543166, "LAMOSA.MX": 0.0055501718402900194, "MEGACPO.MX": 0.003332693173074293, "PE&OLES.MX": 0.002648356883539852}}