{"allocation": {"ACCELSAB.MX": 3747, "PASAB.MX": 625, "BAFARB.MX": 344, "GFMULTIO.MX": 671, "VALUEGFO.MX": 32, "GCC.MX": 28, "ASURB.MX": 11, "LAMOSA.MX": 75, "TEAKCPO.MX": 180, "AEROMEX.MX": 76, "FRES.MX": 6, "SIMECB.MX": 17, "CMOCTEZ.MX": 11, "FEMSAUBD.MX": 3, "GAPB.MX": 2, "DINEA.MX": 25}, "qty": {"ACCELSAB.MX": 40467.60071468353, "PASAB.MX": 14362.499713897705, "BAFARB.MX": 13072.0, "GFMULTIO.MX": 8723.0, "VALUEGFO.MX": 3680.0, "GCC.MX": 3607.8001708984375, "ASURB.MX": 3469.0699462890625, "LAMOSA.MX": 3037.5, "TEAKCPO.MX": 2916.0001373291016, "AEROMEX.MX": 2051.2399826049805, "FRES.MX": 2040.0, "SIMECB.MX": 1052.9799766540525, "CMOCTEZ.MX": 862.8400268554688, "FEMSAUBD.MX": 524.8499908447266, "GAPB.MX": 367.7799987792969, "DINEA.MX": 287.5}, "pct": {"ACCELSAB.MX": 0.40257192208656745, "PASAB.MX": 0.14287822884675289, "BAFARB.MX": 0.130040330352626, "GFMULTIO.MX": 0.08677645361581673, "VALUEGFO.MX": 0.03660866093158381, "GCC.MX": 0.03589041662101387, "ASURB.MX": 0.03451032755751195, "LAMOSA.MX": 0.03021706727708854, "TEAKCPO.MX": 0.029008385952155682, "AEROMEX.MX": 0.020405747014264567, "FRES.MX": 0.020293931603377984, "SIMECB.MX": 0.010475050797031317, "CMOCTEZ.MX": 0.008583537494932209, "FEMSAUBD.MX": 0.0052212106942335496, "GAPB.MX": 0.003658677519763475, "DINEA.MX": 0.0028600516352799855}}