{"allocation": {"ACCELSAB.MX": 4641, "GFMULTIO.MX": 1830, "CERAMICB.MX": 121, "FRAGUAB.MX": 9, "MEGACPO.MX": 22, "GRUMAB.MX": 9, "BAFARB.MX": 45, "WMT.MX": 1, "RA.MX": 14, "AXTELCPO.MX": 169, "VALUEGFO.MX": 4, "TS.MX": 1, "BSMXB.MX": 3}, "qty": {"ACCELSAB.MX": 65902.1991147995, "GFMULTIO.MX": 23790.0, "CERAMICB.MX": 6171.0, "FRAGUAB.MX": 2385.0, "MEGACPO.MX": 2049.7399597167973, "GRUMAB.MX": 2006.0999450683596, "BAFARB.MX": 1777.5, "WMT.MX": 1989.0, "RA.MX": 1228.6400299072266, "AXTELCPO.MX": 537.4200112819672, "VALUEGFO.MX": 480.0, "TS.MX": 313.0, "BSMXB.MX": 74.96999931335449}, "pct": {"ACCELSAB.MX": 0.606250497882675, "GFMULTIO.MX": 0.21885004655921972, "CERAMICB.MX": 0.05676854297254918, "FRAGUAB.MX": 0.021940200127941952, "MEGACPO.MX": 0.018856060765797152, "GRUMAB.MX": 0.018454605564550593, "BAFARB.MX": 0.016351658585919002, "WMT.MX": 0.01829729897462329, "RA.MX": 0.011302561065561902, "AXTELCPO.MX": 0.0049438585326151705, "VALUEGFO.MX": 0.00441563776159838, "TS.MX": 0.0028793637903756102, "BSMXB.MX": 0.0006896674165730265}}