{"allocation": {"ACCELSAB.MX": 4545, "PASAB.MX": 590, "GFMULTIO.MX": 904, "GCC.MX": 37, "BAFARB.MX": 103, "VALUEGFO.MX": 24, "TEAKCPO.MX": 166, "DINEA.MX": 205, "GRUMAB.MX": 9, "ASURB.MX": 6, "FRES.MX": 6, "AXTELCPO.MX": 223, "AEROMEX.MX": 27, "LAMOSA.MX": 19, "ARA.MX": 83, "TS.MX": 1, "MONEXB.MX": 15}, "qty": {"ACCELSAB.MX": 51494.849653244026, "PASAB.MX": 13570.0, "GFMULTIO.MX": 11752.0, "GCC.MX": 4478.109954833984, "BAFARB.MX": 3915.02982711792, "VALUEGFO.MX": 2760.0, "TEAKCPO.MX": 2589.600063323975, "DINEA.MX": 2460.0, "GRUMAB.MX": 2171.160049438477, "ASURB.MX": 1989.5399780273438, "FRES.MX": 1545.0, "AXTELCPO.MX": 863.0099744796753, "AEROMEX.MX": 770.8499794006348, "LAMOSA.MX": 760.0, "ARA.MX": 578.509982585907, "TS.MX": 401.5299987792969, "MONEXB.MX": 223.49999427795407}, "pct": {"ACCELSAB.MX": 0.5032593447969763, "PASAB.MX": 0.13261965720614055, "GFMULTIO.MX": 0.11485233688183963, "GCC.MX": 0.04376458416665354, "BAFARB.MX": 0.03826160011969007, "VALUEGFO.MX": 0.026973489601248925, "TEAKCPO.MX": 0.025308170427341594, "DINEA.MX": 0.02404158855763491, "GRUMAB.MX": 0.021218754716005747, "ASURB.MX": 0.019443781126300567, "FRES.MX": 0.015099290374612169, "AXTELCPO.MX": 0.00843419948275421, "AEROMEX.MX": 0.007533519530248539, "LAMOSA.MX": 0.0074274826438221675, "ARA.MX": 0.005653780072282485, "TS.MX": 0.003924154074877847, "MONEXB.MX": 0.002184266221570865}}