{"allocation": {"GFMULTIO.MX": 3653, "ACCELSAB.MX": 1440, "CERAMICB.MX": 325, "PASAB.MX": 227, "WMT.MX": 2, "GCC.MX": 32, "IENOVA.MX": 28, "LAMOSA.MX": 46, "TS.MX": 6, "AXTELCPO.MX": 356, "BACHOCOB.MX": 8, "VITROA.MX": 4}, "qty": {"GFMULTIO.MX": 47489.0, "ACCELSAB.MX": 19454.400329589844, "CERAMICB.MX": 18622.499752044678, "PASAB.MX": 5445.729948043823, "WMT.MX": 3702.0, "GCC.MX": 3929.9199218750005, "IENOVA.MX": 2603.7199401855464, "LAMOSA.MX": 1840.0, "TS.MX": 1878.0, "AXTELCPO.MX": 1327.8800067901611, "BACHOCOB.MX": 672.1599731445312, "VITROA.MX": 218.63999938964844}, "pct": {"GFMULTIO.MX": 0.4430607386378914, "ACCELSAB.MX": 0.18150479015741147, "CERAMICB.MX": 0.17374336152424485, "PASAB.MX": 0.05080732660622001, "WMT.MX": 0.03453875327839024, "GCC.MX": 0.03666519032562703, "IENOVA.MX": 0.02429206931931215, "LAMOSA.MX": 0.01716674933339763, "TS.MX": 0.017521280026152584, "AXTELCPO.MX": 0.012388795229020132, "BACHOCOB.MX": 0.006271087918975789, "VITROA.MX": 0.002039857643356688}}