{"allocation": {"ACCELSAB.MX": 4875, "CERAMICB.MX": 288, "GFMULTIO.MX": 1052, "PASAB.MX": 502, "ASURB.MX": 6, "CMOCTEZ.MX": 20, "VALUEGFO.MX": 9, "FRES.MX": 2, "VITROA.MX": 11, "IENOVA.MX": 6}, "qty": {"ACCELSAB.MX": 50699.998140335076, "CERAMICB.MX": 14688.0, "GFMULTIO.MX": 13676.0, "PASAB.MX": 11997.799808502199, "ASURB.MX": 1899.9600219726562, "CMOCTEZ.MX": 1509.6000671386719, "VALUEGFO.MX": 1098.0, "FRES.MX": 692.0, "VITROA.MX": 597.7400016784668, "IENOVA.MX": 500.03997802734375}, "pct": {"ACCELSAB.MX": 0.5207523317548425, "CERAMICB.MX": 0.15086411300536146, "GFMULTIO.MX": 0.14046960848729054, "PASAB.MX": 0.12323239556955201, "ASURB.MX": 0.01951496347089814, "CMOCTEZ.MX": 0.015505478970704646, "VALUEGFO.MX": 0.011277831977116482, "FRES.MX": 0.007107704670459568, "VITROA.MX": 0.006139536707587497, "IENOVA.MX": 0.005136035386187068}}