{"allocation": {"ACCELSAB.MX": 7904, "BAFARB.MX": 119, "HERDEZ.MX": 74, "OMAB.MX": 27, "WMT.MX": 1, "GAPB.MX": 8, "GCC.MX": 14, "BIMBOA.MX": 1}, "qty": {"ACCELSAB.MX": 81885.43728637695, "BAFARB.MX": 4562.442768096924, "HERDEZ.MX": 3312.9800338745117, "OMAB.MX": 2674.0800247192383, "WMT.MX": 1654.1500244140625, "GAPB.MX": 1556.3199462890625, "GCC.MX": 1523.8999786376953, "BIMBOA.MX": 43.52999877929688}, "pct": {"ACCELSAB.MX": 0.8423314989546298, "BAFARB.MX": 0.0469325118495173, "HERDEZ.MX": 0.03407965482532199, "OMAB.MX": 0.02750747764427125, "WMT.MX": 0.017015756595249214, "GAPB.MX": 0.016009407248152436, "GCC.MX": 0.015675912540756155, "BIMBOA.MX": 0.00044778034210190973}}