{"allocation": {"ACCELSAB.MX": 7954, "BAFARB.MX": 115, "HERDEZ.MX": 85, "OMAB.MX": 30, "WMT.MX": 1, "GCC.MX": 17, "GAPB.MX": 4}, "qty": {"ACCELSAB.MX": 82323.90303421022, "BAFARB.MX": 4351.82243347168, "HERDEZ.MX": 3909.1501426696777, "OMAB.MX": 2659.500045776367, "WMT.MX": 1602.0, "GCC.MX": 1662.4300155639648, "GAPB.MX": 718.52001953125}, "pct": {"ACCELSAB.MX": 0.8467156989965601, "BAFARB.MX": 0.04475925263328028, "HERDEZ.MX": 0.0402062909257059, "OMAB.MX": 0.02735342175534551, "WMT.MX": 0.016476849369360107, "GCC.MX": 0.017098382617696896, "GAPB.MX": 0.007390103702051241}}