{"allocation": {"WMT.MX": 8, "CERAMICB.MX": 262, "GAPB.MX": 73, "GMD.MX": 264, "AUTLANB.MX": 405, "GISSAA.MX": 183, "OMAB.MX": 57, "VITROA.MX": 68, "GRUMAB.MX": 16, "GCC.MX": 27, "KUOB.MX": 46, "ACCELSAB.MX": 187, "CYDSASAA.MX": 58, "GFMULTIO.MX": 180, "FRES.MX": 5, "BSMXB.MX": 49, "VALUEGFO.MX": 13, "GFNORTEO.MX": 10, "MEGACPO.MX": 14, "GMEXICOB.MX": 14, "BACHOCOB.MX": 8, "GBMO.MX": 52, "SORIANAB.MX": 16, "PINFRA.MX": 3, "TLEVISACPO.MX": 8, "MONEXB.MX": 25, "TS.MX": 1, "PE&OLES.MX": 1, "CREAL.MX": 11, "CEMEXCPO.MX": 18, "CMOCTEZ.MX": 4, "TMMA.MX": 45, "MEDICAB.MX": 6, "AZTECACPO.MX": 70, "ALEATIC.MX": 6, "HOMEX.MX": 134}, "qty": {"WMT.MX": 16061.440429687498, "CERAMICB.MX": 14632.699600219725, "GAPB.MX": 14205.069732666017, "GMD.MX": 7524.0, "AUTLANB.MX": 7136.100339889526, "GISSAA.MX": 6229.320167541504, "OMAB.MX": 5414.429878234862, "VITROA.MX": 4746.400207519531, "GRUMAB.MX": 3556.800048828125, "GCC.MX": 2828.520057678223, "KUOB.MX": 1936.59992980957, "ACCELSAB.MX": 1927.9700784683228, "CYDSASAA.MX": 1842.0800132751467, "GFMULTIO.MX": 1800.0, "FRES.MX": 1747.5, "BSMXB.MX": 1435.6999626159668, "VALUEGFO.MX": 1235.0, "GFNORTEO.MX": 1195.8000183105466, "MEGACPO.MX": 1192.2400512695312, "GMEXICOB.MX": 923.7200469970703, "BACHOCOB.MX": 765.2000122070312, "GBMO.MX": 691.6000099182129, "SORIANAB.MX": 649.1199951171875, "PINFRA.MX": 572.3399963378906, "TLEVISACPO.MX": 616.1599731445312, "MONEXB.MX": 384.9999904632568, "TS.MX": 334.20001220703125, "PE&OLES.MX": 431.3500061035156, "CREAL.MX": 275.0, "CEMEXCPO.MX": 278.6399917602539, "CMOCTEZ.MX": 298.32000732421875, "TMMA.MX": 246.14999055862427, "MEDICAB.MX": 238.62000274658203, "AZTECACPO.MX": 235.19999265670776, "ALEATIC.MX": 189.89999771118167, "HOMEX.MX": 73.70000159740448}, "pct": {"WMT.MX": 0.15465717904343926, "CERAMICB.MX": 0.14089969401356336, "GAPB.MX": 0.13678200424096165, "GMD.MX": 0.07244933106821463, "AUTLANB.MX": 0.0687142073445847, "GISSAA.MX": 0.05998273247582678, "OMAB.MX": 0.052136074268191196, "VITROA.MX": 0.04570355130473487, "GRUMAB.MX": 0.03424877515696316, "GCC.MX": 0.027236095971798928, "KUOB.MX": 0.018647709923106694, "ACCELSAB.MX": 0.01856461224143584, "CYDSASAA.MX": 0.017737568412534863, "GFMULTIO.MX": 0.017332375853639864, "FRES.MX": 0.016826848224575367, "BSMXB.MX": 0.013824495202842577, "VALUEGFO.MX": 0.01189193565513624, "GFNORTEO.MX": 0.011514475201748793, "MEGACPO.MX": 0.011480195931314654, "GMEXICOB.MX": 0.008894590576719501, "BACHOCOB.MX": 0.0073681856748789324, "GBMO.MX": 0.006659484062379735, "SORIANAB.MX": 0.006250439849713315, "PINFRA.MX": 0.0055111177403328795, "TLEVISACPO.MX": 0.005933064578060922, "MONEXB.MX": 0.0037072025213094055, "TS.MX": 0.003218044567701831, "PE&OLES.MX": 0.0041535113501422125, "CREAL.MX": 0.0026480018665283127, "CEMEXCPO.MX": 0.002683051702802131, "CMOCTEZ.MX": 0.0028725524953355313, "TMMA.MX": 0.002370202307073322, "MEDICAB.MX": 0.0022976953187779647, "AZTECACPO.MX": 0.002264763707499664, "ALEATIC.MX": 0.0018285656305197504, "HOMEX.MX": 0.0007096645156111516}}