{"allocation": {"ACCELSAB.MX": 4410, "GFMULTIO.MX": 759, "CERAMICB.MX": 168, "WMT.MX": 3, "VALUEGFO.MX": 47, "BAFARB.MX": 74, "KUOB.MX": 56, "GCARSOA1.MX": 26, "FRAGUAB.MX": 7, "GRUMAB.MX": 8, "TS.MX": 4, "OMAB.MX": 7, "GNP.MX": 15, "CYDSASAA.MX": 5, "ASURB.MX": 1, "PINFRA.MX": 1, "GCC.MX": 1, "HERDEZ.MX": 2, "MEDICAB.MX": 2, "AMXL.MX": 3, "MEGACPO.MX": 1, "MONEXB.MX": 2, "IENOVA.MX": 1, "VOLARA.MX": 2, "BIMBOA.MX": 1, "ALFAA.MX": 1, "DINEA.MX": 3, "SIMECB.MX": 1, "ORBIA.MX": 1, "LALAB.MX": 1, "GFINBURO.MX": 1}, "qty": {"ACCELSAB.MX": 93932.99663543701, "GFMULTIO.MX": 9867.0, "CERAMICB.MX": 8064.0, "WMT.MX": 5970.0, "VALUEGFO.MX": 5311.0, "BAFARB.MX": 3034.0, "KUOB.MX": 2709.280059814453, "GCARSOA1.MX": 1875.3799285888672, "FRAGUAB.MX": 1821.0499572753906, "GRUMAB.MX": 1495.2800292968748, "TS.MX": 1006.3200073242188, "OMAB.MX": 828.0300064086914, "GNP.MX": 586.4999771118163, "CYDSASAA.MX": 137.5, "ASURB.MX": 309.42999267578125, "PINFRA.MX": 190.80999755859372, "GCC.MX": 105.52999877929688, "HERDEZ.MX": 80.30000305175781, "MEDICAB.MX": 51.799999237060554, "AMXL.MX": 41.36999988555908, "MEGACPO.MX": 80.91000366210938, "MONEXB.MX": 27.020000457763672, "IENOVA.MX": 79.80000305175781, "VOLARA.MX": 33.18000030517578, "BIMBOA.MX": 39.54999923706055, "ALFAA.MX": 17.889999389648438, "DINEA.MX": 31.5, "SIMECB.MX": 52.52000045776367, "ORBIA.MX": 41.0099983215332, "LALAB.MX": 22.84000015258789, "GFINBURO.MX": 26.0}, "pct": {"ACCELSAB.MX": 0.6813167129685416, "GFMULTIO.MX": 0.0715675241678009, "CERAMICB.MX": 0.058489968064168084, "WMT.MX": 0.04330172486893396, "VALUEGFO.MX": 0.0385218527267853, "BAFARB.MX": 0.022006270226523558, "KUOB.MX": 0.019651004982072763, "GCARSOA1.MX": 0.013602543667081432, "FRAGUAB.MX": 0.013208476419183067, "GRUMAB.MX": 0.010845595382014201, "TS.MX": 0.007299060651131814, "OMAB.MX": 0.006005884006822576, "GNP.MX": 0.004254013508296807, "CYDSASAA.MX": 0.000997317783832231, "ASURB.MX": 0.0022443638876118812, "PINFRA.MX": 0.0013839869374412373, "GCC.MX": 0.0007654323237119012, "HERDEZ.MX": 0.0005824336078930945, "MEDICAB.MX": 0.00037571680321175633, "AMXL.MX": 0.00030006572074913043, "MEGACPO.MX": 0.0005868580766702009, "MONEXB.MX": 0.0001959820143686017, "IENOVA.MX": 0.0005788069977700682, "VOLARA.MX": 0.00024066184997753208, "BIMBOA.MX": 0.00028686485519761206, "ALFAA.MX": 0.00012976010577486652, "DINEA.MX": 0.00022847643775065658, "SIMECB.MX": 0.00038093913064294276, "ORBIA.MX": 0.00029745455011632733, "LALAB.MX": 0.00016566355152659471, "GFINBURO.MX": 0.00018858372639736734}}