{"allocation": {"ACCELSAB.MX": 5139, "GFMULTIO.MX": 865, "PASAB.MX": 265, "WMT.MX": 2, "GRUMAB.MX": 14, "DINEA.MX": 218, "FRES.MX": 6, "BSMXB.MX": 29, "POCHTECB.MX": 111, "BAFARB.MX": 13, "TS.MX": 2, "GAPB.MX": 2, "MEGACPO.MX": 4, "KUOB.MX": 4, "OMAB.MX": 2, "LALAB.MX": 5, "VOLARA.MX": 8, "FEMSAUBD.MX": 1, "ASURB.MX": 1, "CHDRAUIB.MX": 3, "GCC.MX": 1, "SIMECB.MX": 2, "GFNORTEO.MX": 1, "ARA.MX": 8, "GISSAA.MX": 1, "GFINBURO.MX": 1, "MEDICAB.MX": 1, "AMXL.MX": 2, "ALFAA.MX": 1, "ALEATIC.MX": 1}, "qty": {"ACCELSAB.MX": 104835.59803962709, "GFMULTIO.MX": 11245.0, "PASAB.MX": 5220.500202178955, "WMT.MX": 3774.0, "GRUMAB.MX": 2774.7999572753906, "DINEA.MX": 2398.0, "FRES.MX": 1247.1000366210935, "BSMXB.MX": 769.3700199127197, "POCHTECB.MX": 727.0500211715698, "BAFARB.MX": 533.0, "TS.MX": 503.1600036621094, "GAPB.MX": 344.6400146484375, "MEGACPO.MX": 360.2799987792969, "KUOB.MX": 179.1999969482422, "OMAB.MX": 219.36000061035156, "LALAB.MX": 126.09999656677245, "VOLARA.MX": 132.0800018310547, "FEMSAUBD.MX": 178.9199981689453, "ASURB.MX": 313.6400146484375, "CHDRAUIB.MX": 112.91999816894531, "GCC.MX": 107.12999725341795, "SIMECB.MX": 112.04000091552734, "GFNORTEO.MX": 105.54000091552734, "ARA.MX": 39.52000045776367, "GISSAA.MX": 21.299999237060547, "GFINBURO.MX": 26.88999938964844, "MEDICAB.MX": 28.0, "AMXL.MX": 27.760000228881836, "ALFAA.MX": 20.6299991607666, "ALEATIC.MX": 20.6299991607666}, "pct": {"ACCELSAB.MX": 0.7680029630387994, "GFMULTIO.MX": 0.08237844282728164, "PASAB.MX": 0.03824425766429625, "WMT.MX": 0.02764750940241538, "GRUMAB.MX": 0.020327585561365435, "DINEA.MX": 0.017567230404608395, "FRES.MX": 0.009135985688456345, "BSMXB.MX": 0.005636238701503292, "POCHTECB.MX": 0.005326211525269548, "BAFARB.MX": 0.00390464295481913, "TS.MX": 0.0036860415824503247, "GAPB.MX": 0.0025247583586224826, "MEGACPO.MX": 0.0026393335065587734, "KUOB.MX": 0.0013127804982881117, "OMAB.MX": 0.001606984016796115, "LALAB.MX": 0.0009237813568427101, "VOLARA.MX": 0.0009675895846568958, "FEMSAUBD.MX": 0.001310729287667212, "ASURB.MX": 0.0022976590498056102, "CHDRAUIB.MX": 0.000827227533411935, "GCC.MX": 0.0007848112364453117, "SIMECB.MX": 0.0008207808634760652, "GFNORTEO.MX": 0.0007731632664660758, "ARA.MX": 0.00028951499317421333, "GISSAA.MX": 0.00015603919692052778, "GFINBURO.MX": 0.00019699033146694463, "MEDICAB.MX": 0.00020512195635072352, "AMXL.MX": 0.00020336376983017053, "ALFAA.MX": 0.0001511309209775082, "ALEATIC.MX": 0.0001511309209775082}}