{"allocation": {"ACCELSAB.MX": 4761, "BAFARB.MX": 318, "MEGACPO.MX": 74, "OMAB.MX": 36, "FRES.MX": 16, "VALUEGFO.MX": 33, "WMT.MX": 1, "KUOB.MX": 57, "AXTELCPO.MX": 485, "ASURB.MX": 4, "CULTIBAB.MX": 61, "RCENTROA.MX": 24}, "qty": {"ACCELSAB.MX": 94743.89818382265, "BAFARB.MX": 12879.0, "MEGACPO.MX": 6515.700225830078, "OMAB.MX": 3954.5999450683594, "FRES.MX": 3520.0, "VALUEGFO.MX": 3382.5, "WMT.MX": 1916.4599609375, "KUOB.MX": 2436.75, "AXTELCPO.MX": 1348.2999861240387, "ASURB.MX": 1307.8800048828125, "CULTIBAB.MX": 915.0, "RCENTROA.MX": 232.79999542236328}, "pct": {"ACCELSAB.MX": 0.7115421932784097, "BAFARB.MX": 0.09672339942623732, "MEGACPO.MX": 0.0489339758897886, "OMAB.MX": 0.02969969330365891, "FRES.MX": 0.026435776533919975, "VALUEGFO.MX": 0.025403129013063727, "WMT.MX": 0.014392928199871806, "KUOB.MX": 0.018300391610519745, "AXTELCPO.MX": 0.010125953731210936, "ASURB.MX": 0.009822393051779602, "CULTIBAB.MX": 0.006871799866061585, "RCENTROA.MX": 0.0017483660954781789}}