{"allocation": {"GFMULTIO.MX": 6318, "ACCELSAB.MX": 855, "BAFARB.MX": 295, "WMT.MX": 4, "GNP.MX": 116, "POCHTECB.MX": 353, "VALUEGFO.MX": 22, "FRAGUAB.MX": 9, "KUOB.MX": 24, "MONEXB.MX": 100, "RCENTROA.MX": 172, "ICHB.MX": 10}, "qty": {"GFMULTIO.MX": 82134.0, "ACCELSAB.MX": 17100.0, "BAFARB.MX": 12242.5, "WMT.MX": 9371.400390625, "GNP.MX": 4640.0, "POCHTECB.MX": 2471.0, "VALUEGFO.MX": 2046.0, "FRAGUAB.MX": 2070.0, "KUOB.MX": 1163.7600402832031, "MONEXB.MX": 1200.0, "RCENTROA.MX": 1083.6000328063965, "ICHB.MX": 799.5999908447266}, "pct": {"GFMULTIO.MX": 0.6025005800693135, "ACCELSAB.MX": 0.1254384288989366, "BAFARB.MX": 0.08980584595293752, "WMT.MX": 0.06874466325046087, "GNP.MX": 0.03403709415737228, "POCHTECB.MX": 0.01812621975492821, "VALUEGFO.MX": 0.015008597984048206, "FRAGUAB.MX": 0.01518465191934496, "KUOB.MX": 0.008536855618040245, "MONEXB.MX": 0.008802696764837657, "RCENTROA.MX": 0.007948835419302372, "ICHB.MX": 0.00586553021047758}}