{"allocation": {"ACCELSAB.MX": 5079, "BAFARB.MX": 296, "GNP.MX": 117, "ANB.MX": 1, "LABB.MX": 118, "BIMBOA.MX": 52, "VALUEGFO.MX": 17, "FEMSAUBD.MX": 8, "MONEXB.MX": 66, "FRAGUAB.MX": 3, "ALPEKA.MX": 24, "HERDEZ.MX": 3}, "qty": {"ACCELSAB.MX": 108182.69612503052, "BAFARB.MX": 12284.0, "GNP.MX": 4680.0, "ANB.MX": 1919.0799560546875, "LABB.MX": 2062.6399459838867, "BIMBOA.MX": 1898.0, "VALUEGFO.MX": 1419.5, "FEMSAUBD.MX": 1390.8800048828125, "MONEXB.MX": 792.0, "FRAGUAB.MX": 720.0, "ALPEKA.MX": 495.8399963378906, "HERDEZ.MX": 120.33000183105469}, "pct": {"ACCELSAB.MX": 0.7956659666363199, "BAFARB.MX": 0.09034680299393211, "GNP.MX": 0.03442063155418449, "ANB.MX": 0.014114517968029693, "LABB.MX": 0.015170378121721017, "BIMBOA.MX": 0.013959478352530377, "VALUEGFO.MX": 0.010440189421189077, "FEMSAUBD.MX": 0.01022969405644308, "MONEXB.MX": 0.005825029955323529, "FRAGUAB.MX": 0.0052954817775668446, "ALPEKA.MX": 0.0036468217572168207, "HERDEZ.MX": 0.0008850074055429655}}