{"allocation": {"GFMULTIO.MX": 9243, "ACCELSAB.MX": 665, "BAFARB.MX": 25, "KUOB.MX": 9, "FRAGUAB.MX": 1, "BIMBOA.MX": 7, "MONEXB.MX": 13, "GNP.MX": 4, "VITROA.MX": 1}, "qty": {"GFMULTIO.MX": 120159.0, "ACCELSAB.MX": 14164.499492645264, "BAFARB.MX": 1037.5, "KUOB.MX": 431.7300109863281, "FRAGUAB.MX": 254.9900054931641, "BIMBOA.MX": 280.2099914550782, "MONEXB.MX": 159.90000247955322, "GNP.MX": 160.0, "VITROA.MX": 49.2400016784668}, "pct": {"GFMULTIO.MX": 0.8790166492620776, "ACCELSAB.MX": 0.10361962801371048, "BAFARB.MX": 0.007589774994876834, "KUOB.MX": 0.003158297486189816, "FRAGUAB.MX": 0.0018653655591667696, "BIMBOA.MX": 0.0020498609989979795, "MONEXB.MX": 0.001169739798072344, "GNP.MX": 0.0011704713245111263, "VITROA.MX": 0.00036021256239703194}}