{"allocation": {"ACCELSAB.MX": 3208, "GFMULTIO.MX": 1140, "WMT.MX": 6, "BAFARB.MX": 234, "FRAGUAB.MX": 31, "DINEA.MX": 665, "GENTERA.MX": 371, "VALUEGFO.MX": 34, "TS.MX": 11, "GAPB.MX": 17, "GRUMAB.MX": 7, "CULTIBAB.MX": 101, "VITROA.MX": 22, "MONEXB.MX": 15, "GCC.MX": 1}, "qty": {"ACCELSAB.MX": 57423.19877624512, "GFMULTIO.MX": 14820.0, "WMT.MX": 11100.0, "BAFARB.MX": 9477.0, "FRAGUAB.MX": 8060.0, "DINEA.MX": 7182.000126838684, "GENTERA.MX": 5175.449929237366, "VALUEGFO.MX": 3706.0, "TS.MX": 3443.0, "GAPB.MX": 2917.7100830078125, "GRUMAB.MX": 1630.7900085449219, "CULTIBAB.MX": 1520.0500192642212, "VITROA.MX": 1158.5199966430664, "MONEXB.MX": 210.0, "GCC.MX": 105.0199966430664}, "pct": {"ACCELSAB.MX": 0.4488686377560735, "GFMULTIO.MX": 0.11584574446063273, "WMT.MX": 0.08676705556768038, "BAFARB.MX": 0.07408030501035198, "FRAGUAB.MX": 0.06300382593473008, "DINEA.MX": 0.056140630999324294, "GENTERA.MX": 0.04045572536917892, "VALUEGFO.MX": 0.028969252967011125, "TS.MX": 0.026913420929686807, "GAPB.MX": 0.022807307468713532, "GRUMAB.MX": 0.012747643900057224, "CULTIBAB.MX": 0.011882005809653361, "VITROA.MX": 0.009055979182432236, "MONEXB.MX": 0.0016415388891182774, "GCC.MX": 0.0008209257553555451}}