{"allocation": {"ACCELSAB.MX": 4266, "BAFARB.MX": 412, "VALUEGFO.MX": 39, "MEGACPO.MX": 49, "GRUMAB.MX": 19, "HERDEZ.MX": 84, "WMT.MX": 1, "FRES.MX": 14, "DINEA.MX": 259, "ALPEKA.MX": 111, "VOLARA.MX": 63, "OMAB.MX": 9, "AEROMEX.MX": 40, "CERAMICB.MX": 13}, "qty": {"ACCELSAB.MX": 90865.7967453003, "BAFARB.MX": 16892.0, "VALUEGFO.MX": 4407.0, "MEGACPO.MX": 4091.990104675293, "GRUMAB.MX": 3600.3101043701176, "HERDEZ.MX": 3412.9200897216797, "WMT.MX": 1959.56005859375, "FRES.MX": 2909.9000854492183, "DINEA.MX": 2849.0, "ALPEKA.MX": 2588.5199661254883, "VOLARA.MX": 1086.75, "OMAB.MX": 1051.20002746582, "AEROMEX.MX": 777.2000122070312, "CERAMICB.MX": 624.0}, "pct": {"ACCELSAB.MX": 0.6626921672237371, "BAFARB.MX": 0.12319482676326554, "VALUEGFO.MX": 0.032140634711443954, "MEGACPO.MX": 0.029843240117361447, "GRUMAB.MX": 0.02625737506523272, "HERDEZ.MX": 0.024890723372610172, "WMT.MX": 0.014291242123530163, "FRES.MX": 0.02122215468418944, "DINEA.MX": 0.0207780050585214, "ALPEKA.MX": 0.018878301491835395, "VOLARA.MX": 0.007925762371831567, "OMAB.MX": 0.007666493326852456, "AEROMEX.MX": 0.005668187358764686, "CERAMICB.MX": 0.004550886330823923}}