{"allocation": {"ACCELSAB.MX": 5414, "CERAMICB.MX": 194, "GFMULTIO.MX": 576, "FRAGUAB.MX": 12, "FEMSAUBD.MX": 18, "MEGACPO.MX": 29, "SIMECB.MX": 24, "AXTELCPO.MX": 253, "GCC.MX": 8, "BIMBOA.MX": 16, "ALPEKA.MX": 24, "VALUEGFO.MX": 3, "TLEVISACPO.MX": 4, "BOLSAA.MX": 1}, "qty": {"ACCELSAB.MX": 77420.20103263855, "CERAMICB.MX": 9894.0, "GFMULTIO.MX": 7488.0, "FRAGUAB.MX": 3240.0, "FEMSAUBD.MX": 3041.639923095703, "MEGACPO.MX": 2556.0599822998047, "SIMECB.MX": 1468.3200073242188, "AXTELCPO.MX": 751.410007238388, "GCC.MX": 803.5200195312499, "BIMBOA.MX": 626.4000244140625, "ALPEKA.MX": 577.1999816894531, "VALUEGFO.MX": 327.0, "TLEVISACPO.MX": 197.36000061035156, "BOLSAA.MX": 33.4900016784668}, "pct": {"ACCELSAB.MX": 0.7140464464014767, "CERAMICB.MX": 0.09125235334532218, "GFMULTIO.MX": 0.06906181744994669, "FRAGUAB.MX": 0.029882517165842316, "FEMSAUBD.MX": 0.028053042350067486, "MEGACPO.MX": 0.023574538980863122, "SIMECB.MX": 0.01354231414315299, "AXTELCPO.MX": 0.006930253839471243, "GCC.MX": 0.007410864437265595, "BIMBOA.MX": 0.005777286877233725, "ALPEKA.MX": 0.005323514926221899, "VALUEGFO.MX": 0.0030159207139600114, "TLEVISACPO.MX": 0.0018202511129905804, "BOLSAA.MX": 0.0003088782561854543}}