{"allocation": {"ACCELSAB.MX": 2628, "GFMULTIO.MX": 2472, "BAFARB.MX": 421, "WMT.MX": 5, "GNP.MX": 184, "VALUEGFO.MX": 41, "POCHTECB.MX": 463, "KUOB.MX": 46, "OMAB.MX": 16, "ICHB.MX": 11, "AZTECACPO.MX": 545}, "qty": {"ACCELSAB.MX": 54294.47959899902, "GFMULTIO.MX": 32136.0, "BAFARB.MX": 17471.5, "WMT.MX": 11515.0, "GNP.MX": 7360.0, "VALUEGFO.MX": 4079.5, "POCHTECB.MX": 3236.36989402771, "KUOB.MX": 2148.659957885742, "OMAB.MX": 1884.0, "ICHB.MX": 752.1799697875977, "AZTECACPO.MX": 604.9500077962875}, "pct": {"ACCELSAB.MX": 0.4007486112466388, "GFMULTIO.MX": 0.23719644181393743, "BAFARB.MX": 0.12895748173861737, "WMT.MX": 0.08499243924220468, "GNP.MX": 0.054324303328061346, "VALUEGFO.MX": 0.03011086894386226, "POCHTECB.MX": 0.023887709212631395, "KUOB.MX": 0.01585930099198975, "OMAB.MX": 0.013905840688867877, "ICHB.MX": 0.0055518550048958525, "AZTECACPO.MX": 0.004465147788293288}}