{"allocation": {"GFMULTIO.MX": 9497, "GNP.MX": 104, "KUOB.MX": 60, "BAFARB.MX": 52, "GRUMAB.MX": 2, "VESTA.MX": 14, "IENOVA.MX": 6, "FRAGUAB.MX": 1}, "qty": {"GFMULTIO.MX": 122511.29637718199, "GNP.MX": 4784.0, "KUOB.MX": 2861.3999176025386, "BAFARB.MX": 2080.0, "GRUMAB.MX": 440.1600036621094, "VESTA.MX": 424.0600128173828, "IENOVA.MX": 377.63999176025385, "FRAGUAB.MX": 218.88999938964844}, "pct": {"GFMULTIO.MX": 0.9163323591093154, "GNP.MX": 0.035782284047362715, "KUOB.MX": 0.021402053642298142, "BAFARB.MX": 0.015557514803201182, "GRUMAB.MX": 0.0032922095061299773, "VESTA.MX": 0.0031717884263712096, "IENOVA.MX": 0.002824586424082174, "FRAGUAB.MX": 0.001637204041239016}}