{"allocation": {"GFMULTIO.MX": 5710, "ACCELSAB.MX": 1563, "WMT.MX": 4, "GNP.MX": 199, "BAFARB.MX": 117, "FRAGUAB.MX": 11, "AXTELCPO.MX": 540, "SIMECB.MX": 23, "LABB.MX": 62, "DINEA.MX": 62, "OMAB.MX": 3, "CYDSASAA.MX": 16, "BACHOCOB.MX": 5, "PE&OLES.MX": 2, "CREAL.MX": 6}, "qty": {"GFMULTIO.MX": 74230.0, "ACCELSAB.MX": 31103.699403762825, "WMT.MX": 8320.0, "GNP.MX": 8159.0, "BAFARB.MX": 4797.0, "FRAGUAB.MX": 2640.0, "AXTELCPO.MX": 2311.200113296509, "SIMECB.MX": 1420.9399719238284, "LABB.MX": 1235.0400047302246, "DINEA.MX": 670.2200260162354, "OMAB.MX": 387.8100128173828, "CYDSASAA.MX": 380.9599914550781, "BACHOCOB.MX": 352.24998474121094, "PE&OLES.MX": 354.8800048828125, "CREAL.MX": 125.93999862670898}, "pct": {"GFMULTIO.MX": 0.5438535918387458, "ACCELSAB.MX": 0.2278843949913656, "WMT.MX": 0.060957320276146636, "GNP.MX": 0.059777737515995244, "BAFARB.MX": 0.0351457049717158, "FRAGUAB.MX": 0.01934222662608499, "AXTELCPO.MX": 0.016933241049096357, "SIMECB.MX": 0.01041066021174755, "LABB.MX": 0.009048645327186773, "DINEA.MX": 0.004910434709297955, "OMAB.MX": 0.002841329225673766, "CYDSASAA.MX": 0.002791141852346789, "BACHOCOB.MX": 0.0025807950885982887, "PE&OLES.MX": 0.0026000641967839043, "CREAL.MX": 0.0009227121192146355}}