{"allocation": {"GFMULTIO.MX": 9323, "BAFARB.MX": 108, "WMT.MX": 1, "GNP.MX": 33, "ACCELSAB.MX": 78, "VESTA.MX": 41, "AXTELCPO.MX": 363, "LABB.MX": 48}, "qty": {"GFMULTIO.MX": 120266.69644355772, "BAFARB.MX": 4428.0, "WMT.MX": 2700.0, "GNP.MX": 1353.0, "ACCELSAB.MX": 1369.6799583435059, "VESTA.MX": 1124.630012512207, "AXTELCPO.MX": 1034.5499653816223, "LABB.MX": 905.7600402832031}, "pct": {"GFMULTIO.MX": 0.903023011435072, "BAFARB.MX": 0.033247657189212576, "WMT.MX": 0.02027296170073938, "GNP.MX": 0.01015900636337051, "ACCELSAB.MX": 0.010284247902877111, "VESTA.MX": 0.0084442893226526, "AXTELCPO.MX": 0.007767922898401066, "LABB.MX": 0.006800903187674642}}