{"allocation": {"GFMULTIO.MX": 9643, "WMT.MX": 1, "GNP.MX": 40, "KUOB.MX": 39, "ACCELSAB.MX": 81, "IENOVA.MX": 9, "CMOCTEZ.MX": 12, "SIMECB.MX": 11, "FRAGUAB.MX": 2, "VOLARA.MX": 6}, "qty": {"GFMULTIO.MX": 124394.69632148741, "WMT.MX": 2855.0, "GNP.MX": 2420.0, "KUOB.MX": 1949.610065460205, "ACCELSAB.MX": 1458.0, "IENOVA.MX": 595.620002746582, "CMOCTEZ.MX": 564.0, "SIMECB.MX": 513.2599983215332, "FRAGUAB.MX": 430.0, "VOLARA.MX": 73.08000183105467}, "pct": {"GFMULTIO.MX": 0.9197167627947614, "WMT.MX": 0.021108547513898113, "GNP.MX": 0.017892359013531853, "KUOB.MX": 0.014414513730417076, "ACCELSAB.MX": 0.010779776628813818, "IENOVA.MX": 0.004403738398670526, "CMOCTEZ.MX": 0.004169954745302465, "SIMECB.MX": 0.0037948066765510855, "FRAGUAB.MX": 0.003179220816454007, "VOLARA.MX": 0.0005403196815995021}}