{"allocation": {"GFMULTIO.MX": 8973, "FRAGUAB.MX": 22, "WMT.MX": 1, "GNP.MX": 35, "Q.MX": 27, "MONEXB.MX": 188, "KUOB.MX": 38, "AXTELCPO.MX": 170, "AC.MX": 9, "GISSAA.MX": 24, "BACHOCOB.MX": 3}, "qty": {"GFMULTIO.MX": 115751.69657707213, "FRAGUAB.MX": 4840.0, "WMT.MX": 3099.0, "GNP.MX": 3361.0499572753906, "Q.MX": 2251.529983520508, "MONEXB.MX": 1915.7199211120605, "KUOB.MX": 1812.2199478149412, "AXTELCPO.MX": 1195.1000356674194, "AC.MX": 861.9299697875977, "GISSAA.MX": 438.0, "BACHOCOB.MX": 210.08999633789062}, "pct": {"GFMULTIO.MX": 0.8527686812298845, "FRAGUAB.MX": 0.03565736433421909, "WMT.MX": 0.02283102728755061, "GNP.MX": 0.024761608031421505, "Q.MX": 0.01658752581235724, "MONEXB.MX": 0.014113537849052518, "KUOB.MX": 0.013351030358053068, "AXTELCPO.MX": 0.008804569708188305, "AC.MX": 0.0063500311907642186, "GISSAA.MX": 0.003226844127766107, "BACHOCOB.MX": 0.0015477800707427518}}