{"allocation": {"GFMULTIO.MX": 7676, "ACCELSAB.MX": 844, "WMT.MX": 2, "BAFARB.MX": 77, "GNP.MX": 67, "VESTA.MX": 64, "MONEXB.MX": 155, "FRAGUAB.MX": 6, "BACHOCOB.MX": 16, "AXTELCPO.MX": 340, "GISSAA.MX": 41, "FRES.MX": 3, "ORBIA.MX": 1}, "qty": {"GFMULTIO.MX": 99788.0, "ACCELSAB.MX": 16955.96012878418, "WMT.MX": 4343.7998046875, "BAFARB.MX": 3157.0, "GNP.MX": 2747.0, "VESTA.MX": 2209.919921875, "MONEXB.MX": 1860.0, "FRAGUAB.MX": 1423.5, "BACHOCOB.MX": 1211.43994140625, "AXTELCPO.MX": 1084.600019454956, "GISSAA.MX": 898.3099937438965, "FRES.MX": 475.4849853515625, "ORBIA.MX": 44.40999984741211}, "pct": {"GFMULTIO.MX": 0.732660950294651, "ACCELSAB.MX": 0.12449362509633653, "WMT.MX": 0.03189293795638817, "BAFARB.MX": 0.023179246202751965, "GNP.MX": 0.02016895448810885, "VESTA.MX": 0.016225618611817236, "MONEXB.MX": 0.01365644533960046, "FRAGUAB.MX": 0.01045158598974261, "BACHOCOB.MX": 0.008894603947324322, "AXTELCPO.MX": 0.007963323054309787, "GISSAA.MX": 0.0065955491008496524, "FRES.MX": 0.0034910939313195373, "ORBIA.MX": 0.0003260659867999184}}