{"allocation": {"ACCELSAB.MX": 1682, "BAFARB.MX": 726, "GNP.MX": 214, "WMT.MX": 2, "KUOB.MX": 144, "FRAGUAB.MX": 30, "FRES.MX": 18, "BACHOCOB.MX": 66, "AMXL.MX": 298, "GRUMAB.MX": 9}, "qty": {"ACCELSAB.MX": 30276.0, "BAFARB.MX": 28314.0, "GNP.MX": 24610.0, "WMT.MX": 5859.5, "KUOB.MX": 6624.0, "FRAGUAB.MX": 6540.0, "FRES.MX": 5747.3997802734375, "BACHOCOB.MX": 4383.719879150391, "AMXL.MX": 3847.1799545288086, "GRUMAB.MX": 2030.4900054931643}, "pct": {"ACCELSAB.MX": 0.25607217873771493, "BAFARB.MX": 0.2394777272023933, "GNP.MX": 0.20814956793285652, "WMT.MX": 0.04955921955719515, "KUOB.MX": 0.05602530426603988, "FRAGUAB.MX": 0.05531483845107199, "FRES.MX": 0.04861108415283667, "BACHOCOB.MX": 0.03707717995870897, "AMXL.MX": 0.032539164782410326, "GRUMAB.MX": 0.017173734958772273}}