{"allocation": {"GFMULTIO.MX": 9811, "GNP.MX": 77, "KUOB.MX": 30, "AMXL.MX": 97, "MONEXB.MX": 57, "AXTELCPO.MX": 100}, "qty": {"GFMULTIO.MX": 126561.8962574005, "GNP.MX": 4196.5, "KUOB.MX": 1560.0, "AMXL.MX": 1430.75, "MONEXB.MX": 723.8999891281128, "AXTELCPO.MX": 394.0000057220459}, "pct": {"GFMULTIO.MX": 0.938419723530413, "GNP.MX": 0.031115829378742462, "KUOB.MX": 0.011566947177609494, "AMXL.MX": 0.010608595945105631, "MONEXB.MX": 0.005367508292382672, "AXTELCPO.MX": 0.0029213956757466303}}