{"allocation": {"GFMULTIO.MX": 9899, "GNP.MX": 59, "BAFARB.MX": 30, "LABB.MX": 27, "VESTA.MX": 11, "KUOB.MX": 7, "AXTELCPO.MX": 115, "AMXL.MX": 22, "FRAGUAB.MX": 1, "TMMA.MX": 5}, "qty": {"GFMULTIO.MX": 127697.09622383116, "GNP.MX": 2590.1000900268555, "BAFARB.MX": 1200.0, "LABB.MX": 524.069995880127, "VESTA.MX": 363.3299865722656, "KUOB.MX": 334.5999946594238, "AXTELCPO.MX": 321.9999945163727, "AMXL.MX": 321.20000839233404, "FRAGUAB.MX": 228.0, "TMMA.MX": 28.80000114440918}, "pct": {"GFMULTIO.MX": 0.9557507998316428, "GNP.MX": 0.019385642319916706, "BAFARB.MX": 0.008981417696355838, "LABB.MX": 0.0039224096126057525, "VESTA.MX": 0.0027193486425140627, "KUOB.MX": 0.002504318594362265, "AXTELCPO.MX": 0.00241001370747986, "AMXL.MX": 0.002404026199537127, "FRAGUAB.MX": 0.001706469362307609, "TMMA.MX": 0.00021555403327788746}}