{"allocation": {"GFMULTIO.MX": 9155, "BAFARB.MX": 162, "GNP.MX": 34, "KUOB.MX": 52, "MONEXB.MX": 104, "FRAGUAB.MX": 6, "GENTERA.MX": 104, "Q.MX": 9, "OMAB.MX": 1}, "qty": {"GFMULTIO.MX": 118099.49650764464, "BAFARB.MX": 6642.0, "GNP.MX": 3060.0, "KUOB.MX": 2494.959976196289, "MONEXB.MX": 1227.2000198364258, "FRAGUAB.MX": 1311.0, "GENTERA.MX": 746.7199821472168, "Q.MX": 774.3600082397461, "OMAB.MX": 99.95999908447266}, "pct": {"GFMULTIO.MX": 0.8783524951928118, "BAFARB.MX": 0.049399171424012095, "GNP.MX": 0.022758425859300966, "KUOB.MX": 0.018556000536008675, "MONEXB.MX": 0.009127170152281037, "FRAGUAB.MX": 0.009750423627955414, "GENTERA.MX": 0.005553650768416985, "Q.MX": 0.0057592205346182835, "OMAB.MX": 0.0007434419045946939}}