{"allocation": {"PASAB.MX": 666, "GMD.MX": 434, "ORBIA.MX": 238, "MEDICAB.MX": 291, "FINAMEXO.MX": 256, "LAMOSA.MX": 238, "MFRISCOA-1.MX": 615, "AEROMEX.MX": 188, "AUTLANB.MX": 316, "ALFAA.MX": 83, "BIMBOA.MX": 38, "CHDRAUIB.MX": 42, "TMMA.MX": 57, "GISSAA.MX": 5, "HOMEX.MX": 232, "TLEVISACPO.MX": 2, "PE&OLES.MX": 1, "BBVA.MX": 1, "GAPB.MX": 1, "GENTERA.MX": 5, "GCC.MX": 1, "TEAKCPO.MX": 5, "OMAB.MX": 1, "CYDSASAA.MX": 2, "RA.MX": 1, "VESTA.MX": 2, "AXTELCPO.MX": 15, "GNP.MX": 1, "KUOB.MX": 1, "CMOCTEZ.MX": 1, "SORIANAB.MX": 1, "LABB.MX": 1, "CEMEXCPO.MX": 2, "RCENTROA.MX": 2, "ACCELSAB.MX": 2, "AMXL.MX": 1}, "qty": {"PASAB.MX": 16983.0, "GMD.MX": 12872.439933776855, "ORBIA.MX": 11535.860290527344, "MEDICAB.MX": 11349.0, "FINAMEXO.MX": 11225.599609374998, "LAMOSA.MX": 9884.139709472658, "MFRISCOA-1.MX": 7343.09974193573, "AEROMEX.MX": 5974.6401290893555, "AUTLANB.MX": 5520.5197830200195, "ALFAA.MX": 1723.9100379943848, "BIMBOA.MX": 1651.1000289916992, "CHDRAUIB.MX": 1523.759948730469, "TMMA.MX": 265.0500054359436, "GISSAA.MX": 164.3000030517578, "HOMEX.MX": 171.44800519943237, "TLEVISACPO.MX": 139.9600067138672, "PE&OLES.MX": 390.9400024414063, "BBVA.MX": 157.00999450683594, "GAPB.MX": 185.4900054931641, "GENTERA.MX": 85.50000190734863, "GCC.MX": 92.80999755859376, "TEAKCPO.MX": 87.44999885559082, "OMAB.MX": 94.44000244140624, "CYDSASAA.MX": 54.959999084472656, "RA.MX": 101.61000061035156, "VESTA.MX": 46.84000015258789, "AXTELCPO.MX": 60.59999942779541, "GNP.MX": 34.20000076293945, "KUOB.MX": 40.0, "CMOCTEZ.MX": 72.98999786376953, "SORIANAB.MX": 40.52000045776367, "LABB.MX": 22.07999992370605, "CEMEXCPO.MX": 28.520000457763672, "RCENTROA.MX": 23.799999237060543, "ACCELSAB.MX": 20.6200008392334, "AMXL.MX": 15.989999771118164}, "pct": {"PASAB.MX": 0.16985684207740745, "GMD.MX": 0.12874474456706403, "ORBIA.MX": 0.11537683563534938, "MEDICAB.MX": 0.11350793739248055, "FINAMEXO.MX": 0.11227373844867314, "LAMOSA.MX": 0.09885701923705642, "MFRISCOA-1.MX": 0.07344260338130064, "AEROMEX.MX": 0.05975584436648836, "AUTLANB.MX": 0.05521392315666461, "ALFAA.MX": 0.017241825065022063, "BIMBOA.MX": 0.016513609896864272, "CHDRAUIB.MX": 0.015240007829911662, "TMMA.MX": 0.0026509189728522085, "GISSAA.MX": 0.0016432597109862798, "HOMEX.MX": 0.0017147510300680984, "TLEVISACPO.MX": 0.001399821277604088, "PE&OLES.MX": 0.003910017915352484, "BBVA.MX": 0.0015703481034871486, "GAPB.MX": 0.001855193226755568, "GENTERA.MX": 0.000855135154071398, "GCC.MX": 0.0009282466642239082, "TEAKCPO.MX": 0.0008746382055751959, "OMAB.MX": 0.0009445492893175477, "CYDSASAA.MX": 0.0005496868565663151, "RA.MX": 0.0010162606033773632, "VESTA.MX": 0.0004684740333759561, "AXTELCPO.MX": 0.0006060957741681697, "GNP.MX": 0.0003420540616285592, "KUOB.MX": 0.0004000632210502442, "CMOCTEZ.MX": 0.0007300153412457521, "SORIANAB.MX": 0.0004052640475022576, "LABB.MX": 0.00022083489725667474, "CEMEXCPO.MX": 0.00028524508118718436, "RCENTROA.MX": 0.0002380376088942949, "ACCELSAB.MX": 0.00020623259884506133, "AMXL.MX": 0.00015992527032565503}}