{"allocation": {"ACCELSAB.MX": 7222, "MEDICAB.MX": 192, "TEAKCPO.MX": 397, "SIMECB.MX": 79, "WMT.MX": 2, "GMD.MX": 68, "OMAB.MX": 17, "HOMEX.MX": 595, "AEROMEX.MX": 7, "MONEXB.MX": 12, "PINFRA.MX": 1}, "qty": {"ACCELSAB.MX": 74458.8230304718, "MEDICAB.MX": 7678.080322265625, "TEAKCPO.MX": 7543.0, "SIMECB.MX": 4890.100120544434, "WMT.MX": 3400.659912109375, "GMD.MX": 1754.3999481201172, "OMAB.MX": 1565.8700103759766, "HOMEX.MX": 279.0550069510937, "AEROMEX.MX": 204.40000534057617, "MONEXB.MX": 174.0, "PINFRA.MX": 192.3800048828125}, "pct": {"ACCELSAB.MX": 0.7289824056077598, "MEDICAB.MX": 0.07517155437018104, "TEAKCPO.MX": 0.07384906263222853, "SIMECB.MX": 0.047876085122624173, "WMT.MX": 0.03329385481111945, "GMD.MX": 0.017176294796593, "OMAB.MX": 0.015330509408747691, "HOMEX.MX": 0.002732062930686502, "AEROMEX.MX": 0.002001159856346819, "MONEXB.MX": 0.0017035313400514073, "PINFRA.MX": 0.0018834791236615738}}