{"allocation": {"MEDICAB.MX": 618, "GFMULTIO.MX": 1617, "IENOVA.MX": 181, "PASAB.MX": 683, "ACCELSAB.MX": 691, "AZTECACPO.MX": 3672, "TS.MX": 7, "CREAL.MX": 59, "AXTELCPO.MX": 79, "MONEXB.MX": 4}, "qty": {"MEDICAB.MX": 21877.200942993164, "GFMULTIO.MX": 21021.0, "IENOVA.MX": 16831.18961334228, "PASAB.MX": 16385.169843673706, "ACCELSAB.MX": 9335.410158157349, "AZTECACPO.MX": 8372.159894943237, "TS.MX": 2191.0, "CREAL.MX": 1515.120018005371, "AXTELCPO.MX": 294.6700015068054, "MONEXB.MX": 47.439998626708984}, "pct": {"MEDICAB.MX": 0.22353244473254014, "GFMULTIO.MX": 0.21478412768465627, "IENOVA.MX": 0.17197432943231858, "PASAB.MX": 0.1674170787231051, "ACCELSAB.MX": 0.09538546821741616, "AZTECACPO.MX": 0.08554336424869638, "TS.MX": 0.02238675723120127, "CREAL.MX": 0.015480887274860583, "AXTELCPO.MX": 0.003010819619831385, "MONEXB.MX": 0.00048472283537410115}}