{"allocation": {"GNP.MX": 1443, "LAMOSA.MX": 397, "ACCELSAB.MX": 607, "MEDICAB.MX": 215, "GMD.MX": 294, "CREAL.MX": 171, "FRAGUAB.MX": 3, "TS.MX": 1}, "qty": {"GNP.MX": 51948.0, "LAMOSA.MX": 15880.0, "ACCELSAB.MX": 8528.350115776062, "MEDICAB.MX": 6880.0, "GMD.MX": 6297.48002243042, "CREAL.MX": 3974.039960861206, "FRAGUAB.MX": 789.0, "TS.MX": 313.0}, "pct": {"GNP.MX": 0.5490759045076832, "LAMOSA.MX": 0.16784718109613478, "ACCELSAB.MX": 0.09014228755251301, "MEDICAB.MX": 0.07271968551268307, "GMD.MX": 0.06656261144673611, "CREAL.MX": 0.04200449653614277, "FRAGUAB.MX": 0.008339510446149265, "TS.MX": 0.00330832290195782}}