{"allocation": {"BAFARB.MX": 1315, "BSMXB.MX": 393, "ACCELSAB.MX": 948, "FRES.MX": 40, "ALEATIC.MX": 147, "GFMULTIO.MX": 293, "ALPEKA.MX": 81, "VALUEGFO.MX": 21, "MONEXB.MX": 97, "PASAB.MX": 20}, "qty": {"BAFARB.MX": 50627.5, "BSMXB.MX": 11884.319910049438, "ACCELSAB.MX": 11404.43974685669, "FRES.MX": 9600.0, "ALEATIC.MX": 4260.05993270874, "GFMULTIO.MX": 3809.0, "ALPEKA.MX": 2283.390043258667, "VALUEGFO.MX": 2058.0, "MONEXB.MX": 1150.4199666976929, "PASAB.MX": 480.0}, "pct": {"BAFARB.MX": 0.5189523329335687, "BSMXB.MX": 0.12181908138164073, "ACCELSAB.MX": 0.11690011579539968, "FRES.MX": 0.09840387923879827, "ALEATIC.MX": 0.04366733574669937, "GFMULTIO.MX": 0.03904378916881069, "ALPEKA.MX": 0.02340567063248961, "VALUEGFO.MX": 0.02109533161181738, "MONEXB.MX": 0.011792269528835636, "PASAB.MX": 0.004920193961939914}}