{"allocation": {"ACCELSAB.MX": 6820, "GBMO.MX": 1661, "MEDICAB.MX": 118, "BIMBOA.MX": 43, "GFINBURO.MX": 28, "CREAL.MX": 17, "MONEXB.MX": 25, "HOMEX.MX": 864, "ALEATIC.MX": 2}, "qty": {"ACCELSAB.MX": 70587.00260162355, "GBMO.MX": 22091.300316810608, "MEDICAB.MX": 4696.3999099731445, "BIMBOA.MX": 1710.5399475097659, "GFINBURO.MX": 842.5200042724609, "CREAL.MX": 444.0400142669678, "MONEXB.MX": 350.0, "HOMEX.MX": 313.632004737854, "ALEATIC.MX": 68.27999877929688}, "pct": {"ACCELSAB.MX": 0.6981642835050239, "GBMO.MX": 0.21850137120039204, "MEDICAB.MX": 0.04645130912704378, "BIMBOA.MX": 0.016918665658603962, "GFINBURO.MX": 0.008333225005193845, "CREAL.MX": 0.0043919258076150075, "MONEXB.MX": 0.003461791692811418, "HOMEX.MX": 0.003102081910289412, "ALEATIC.MX": 0.0006753460930266962}}