{"allocation": {"BAFARB.MX": 1522, "IENOVA.MX": 116, "MEDICAB.MX": 197, "GFMULTIO.MX": 324, "TS.MX": 13, "MONEXB.MX": 208, "ALEATIC.MX": 101, "VALUEGFO.MX": 16, "GFINBURO.MX": 41, "RCENTROA.MX": 61, "HOMEX.MX": 1946}, "qty": {"BAFARB.MX": 60119.0, "IENOVA.MX": 8985.359893798828, "MEDICAB.MX": 6794.530330657959, "GFMULTIO.MX": 4212.0, "TS.MX": 4069.0, "MONEXB.MX": 2766.4000396728516, "ALEATIC.MX": 2676.5, "VALUEGFO.MX": 1920.0, "GFINBURO.MX": 1124.2200031280518, "RCENTROA.MX": 884.5, "HOMEX.MX": 412.5519951283931}, "pct": {"BAFARB.MX": 0.6398084390191983, "IENOVA.MX": 0.09562549423106069, "MEDICAB.MX": 0.07230988281120554, "GFMULTIO.MX": 0.04482564821685097, "TS.MX": 0.043303789789735654, "MONEXB.MX": 0.02944104344858922, "ALEATIC.MX": 0.02848429426695195, "VALUEGFO.MX": 0.02043334391651326, "GFINBURO.MX": 0.011964361438405778, "RCENTROA.MX": 0.00941317327820624, "HOMEX.MX": 0.004390529583282375}}