{"allocation": {"PASAB.MX": 584, "SIMECB.MX": 217, "GBMO.MX": 903, "ACCELSAB.MX": 1007, "BBVA.MX": 60, "GMD.MX": 290, "ALPEKA.MX": 277, "KUOB.MX": 153, "LABB.MX": 193, "CMOCTEZ.MX": 42, "TMMA.MX": 394, "TLEVISACPO.MX": 27, "BIMBOA.MX": 35, "VITROA.MX": 12, "AC.MX": 6, "HOMEX.MX": 1176, "CYDSASAA.MX": 23, "AXTELCPO.MX": 86, "GCARSOA1.MX": 4, "GENTERA.MX": 17, "AEROMEX.MX": 9, "PINFRA.MX": 1, "PE&OLES.MX": 1, "GISSAA.MX": 5, "CEMEXCPO.MX": 9, "GCC.MX": 1, "GFNORTEO.MX": 1, "MEDICAB.MX": 3, "RA.MX": 1, "GFMULTIO.MX": 11, "GNP.MX": 3, "OMAB.MX": 1, "ASURB.MX": 1, "MFRISCOA-1.MX": 7, "VALUEGFO.MX": 1, "VESTA.MX": 3, "CREAL.MX": 3, "BSMXB.MX": 2, "TEAKCPO.MX": 3, "AMXL.MX": 3}, "qty": {"PASAB.MX": 14600.0, "SIMECB.MX": 13304.27029800415, "GBMO.MX": 12009.900172233582, "ACCELSAB.MX": 10372.100192070007, "BBVA.MX": 10080.0, "GMD.MX": 8265.0, "ALPEKA.MX": 6495.6502113342285, "KUOB.MX": 6471.899883270264, "LABB.MX": 3960.3600883483887, "CMOCTEZ.MX": 3107.5799102783203, "TMMA.MX": 2159.1200075149536, "TLEVISACPO.MX": 1986.6600494384766, "BIMBOA.MX": 1522.849941253662, "VITROA.MX": 845.3999633789062, "AC.MX": 815.5799560546875, "HOMEX.MX": 736.1759848594666, "CYDSASAA.MX": 690.0, "AXTELCPO.MX": 325.07999753952026, "GCARSOA1.MX": 259.7200012207031, "GENTERA.MX": 278.62998962402344, "AEROMEX.MX": 257.310001373291, "PINFRA.MX": 194.63999938964844, "PE&OLES.MX": 409.6499938964844, "GISSAA.MX": 168.34999084472656, "CEMEXCPO.MX": 132.29999828338623, "GCC.MX": 91.47000122070312, "GFNORTEO.MX": 107.83000183105467, "MEDICAB.MX": 122.91000366210938, "RA.MX": 107.3499984741211, "GFMULTIO.MX": 110.0, "GNP.MX": 102.0, "OMAB.MX": 101.66999816894533, "ASURB.MX": 358.07000732421875, "MFRISCOA-1.MX": 80.01000213623045, "VALUEGFO.MX": 96.0, "VESTA.MX": 73.08000183105467, "CREAL.MX": 73.67999839782715, "BSMXB.MX": 57.459999084472656, "TEAKCPO.MX": 50.69999885559082, "AMXL.MX": 50.85000228881836}, "pct": {"PASAB.MX": 0.14450966225270861, "SIMECB.MX": 0.131684630635844, "GBMO.MX": 0.11887305599850834, "ACCELSAB.MX": 0.1026622394251569, "BBVA.MX": 0.09977105448680156, "GMD.MX": 0.08180632592593401, "ALPEKA.MX": 0.06429343959942771, "KUOB.MX": 0.0640583607030637, "LABB.MX": 0.039199335531940604, "CMOCTEZ.MX": 0.03075858378476867, "TMMA.MX": 0.021370801578702164, "TLEVISACPO.MX": 0.019663806353102987, "BIMBOA.MX": 0.01507305004603588, "VITROA.MX": 0.008367702957283422, "AC.MX": 0.008072546848598754, "HOMEX.MX": 0.0072866125294929205, "CYDSASAA.MX": 0.006829566229751297, "AXTELCPO.MX": 0.0032176164828457135, "GCARSOA1.MX": 0.002570688332649101, "GENTERA.MX": 0.002757857924249543, "AEROMEX.MX": 0.002546834341965635, "PINFRA.MX": 0.0019265315460729798, "PE&OLES.MX": 0.004054683716425007, "GISSAA.MX": 0.0016663150902204123, "CEMEXCPO.MX": 0.001309495073148361, "GCC.MX": 0.0009053629440177159, "GFNORTEO.MX": 0.0010672929551585385, "MEDICAB.MX": 0.0012165536381294935, "RA.MX": 0.0010625419193372619, "GFMULTIO.MX": 0.0010887714279313662, "GNP.MX": 0.0010095880513545396, "OMAB.MX": 0.001006321718947109, "ASURB.MX": 0.0035441490288525856, "MFRISCOA-1.MX": 0.00079193276613323, "VALUEGFO.MX": 0.0009502005189219195, "VESTA.MX": 0.0007233401631529477, "CREAL.MX": 0.0007292788824143912, "BSMXB.MX": 0.000568734593201239, "TEAKCPO.MX": 0.0005018246377283659, "AMXL.MX": 0.0005033093600210001}}