{"allocation": {"FRES.MX": 74, "GMD.MX": 757, "GBMO.MX": 1493, "MEDICAB.MX": 460, "TS.MX": 19, "CERAMICB.MX": 86, "GRUMAB.MX": 14, "WMT.MX": 1, "MONEXB.MX": 92, "ALEATIC.MX": 20, "HOMEX.MX": 231}, "qty": {"FRES.MX": 25863.0, "GMD.MX": 21574.5, "GBMO.MX": 19856.90028476715, "MEDICAB.MX": 18294.20021057129, "TS.MX": 6349.800231933594, "CERAMICB.MX": 4803.099868774413, "GRUMAB.MX": 3112.2000427246094, "WMT.MX": 2007.6800537109373, "MONEXB.MX": 1416.799964904785, "ALEATIC.MX": 632.9999923706056, "HOMEX.MX": 127.05000275373459}, "pct": {"FRES.MX": 0.24859130953872827, "GMD.MX": 0.2073708853436683, "GBMO.MX": 0.19086157232997766, "MEDICAB.MX": 0.1758411316285657, "TS.MX": 0.06103333545859694, "CERAMICB.MX": 0.04616668160012084, "GRUMAB.MX": 0.02991400395033046, "WMT.MX": 0.019297522085094002, "MONEXB.MX": 0.013618070549824257, "ALEATIC.MX": 0.0060843017840704425, "HOMEX.MX": 0.0012211857310230798}}