{"allocation": {"ACCELSAB.MX": 3196, "VALUEGFO.MX": 114, "FRES.MX": 39, "DINEA.MX": 781, "AZTECACPO.MX": 3813, "LAMOSA.MX": 213, "CREAL.MX": 188, "TEAKCPO.MX": 204, "TS.MX": 4, "OMAB.MX": 10, "HOMEX.MX": 3771, "MONEXB.MX": 13, "CMOCTEZ.MX": 2, "PASAB.MX": 6, "AXTELCPO.MX": 25, "GFNORTEO.MX": 1, "GCARSOA1.MX": 1, "URBI.MX": 1, "GCC.MX": 1, "BACHOCOB.MX": 1, "CYDSASAA.MX": 2, "GFINBURO.MX": 2, "HERDEZ.MX": 1, "RA.MX": 1, "BSMXB.MX": 1, "AUTLANB.MX": 2, "AEROMEX.MX": 1, "ARA.MX": 2, "GFMULTIO.MX": 1}, "qty": {"ACCELSAB.MX": 36210.67975616456, "VALUEGFO.MX": 13110.0, "FRES.MX": 10042.5, "DINEA.MX": 9372.0, "AZTECACPO.MX": 8960.549636363983, "LAMOSA.MX": 8520.0, "CREAL.MX": 4942.520172119141, "TEAKCPO.MX": 3182.4000778198247, "TS.MX": 1606.1199951171875, "OMAB.MX": 1133.7000274658205, "HOMEX.MX": 286.595990784466, "MONEXB.MX": 193.69999504089353, "CMOCTEZ.MX": 156.39999389648438, "PASAB.MX": 138.0, "AXTELCPO.MX": 96.74999713897705, "GFNORTEO.MX": 129.9600067138672, "GCARSOA1.MX": 77.51000213623047, "URBI.MX": 70.83866119384766, "GCC.MX": 121.02999877929688, "BACHOCOB.MX": 92.45999908447266, "CYDSASAA.MX": 64.0, "GFINBURO.MX": 61.400001525878906, "HERDEZ.MX": 40.4900016784668, "RA.MX": 113.31999969482422, "BSMXB.MX": 30.68000030517578, "AUTLANB.MX": 34.18000030517578, "AEROMEX.MX": 28.549999237060547, "ARA.MX": 13.9399995803833, "GFMULTIO.MX": 13.0}, "pct": {"ACCELSAB.MX": 0.36634439731136, "VALUEGFO.MX": 0.13263421402450468, "FRES.MX": 0.10160023602906852, "DINEA.MX": 0.09481676993422257, "AZTECACPO.MX": 0.09065411580829125, "LAMOSA.MX": 0.08619706357656598, "CREAL.MX": 0.0500036062798842, "TEAKCPO.MX": 0.03219642509787605, "TS.MX": 0.016249158137407283, "OMAB.MX": 0.011469672927726047, "HOMEX.MX": 0.002899499159441025, "MONEXB.MX": 0.001959667932784086, "CMOCTEZ.MX": 0.001582302842402558, "PASAB.MX": 0.0013961496213105756, "AXTELCPO.MX": 0.0009788222599085659, "GFNORTEO.MX": 0.001314808798254243, "GCARSOA1.MX": 0.0007841707255817397, "URBI.MX": 0.0007166765942024535, "GCC.MX": 0.0012244636736444547, "BACHOCOB.MX": 0.0009354202370156715, "CYDSASAA.MX": 0.0006474896794483829, "GFINBURO.MX": 0.0006211854266581493, "HERDEZ.MX": 0.0004096384094946086, "RA.MX": 0.0011464614105858215, "BSMXB.MX": 0.0003103903681730399, "AUTLANB.MX": 0.0003457999600178734, "AEROMEX.MX": 0.0002888410914727486, "ARA.MX": 0.00014103134155957775, "GFMULTIO.MX": 0.00013152134113795277}}