{"allocation": {"GBMO.MX": 7608, "ACCELSAB.MX": 6}, "qty": {"GBMO.MX": 101186.40145111084, "ACCELSAB.MX": 62.15999794006348}, "pct": {"GBMO.MX": 0.9993860653716908, "ACCELSAB.MX": 0.0006139346283091922}}