{"allocation": {"FRES.MX": 83, "LAMOSA.MX": 287, "VALUEGFO.MX": 89, "CMOCTEZ.MX": 112, "ACCELSAB.MX": 792, "OMAB.MX": 80, "AZTECACPO.MX": 2653, "GBMO.MX": 359, "TS.MX": 9, "CREAL.MX": 125, "MONEXB.MX": 134, "GMEXICOB.MX": 28, "ORBIA.MX": 22, "SIMECB.MX": 15, "PASAB.MX": 36, "TEAKCPO.MX": 23, "HOMEX.MX": 3363, "HERDEZ.MX": 8, "CYDSASAA.MX": 9, "BACHOCOB.MX": 2, "AUTLANB.MX": 11, "ARA.MX": 25, "GFNORTEO.MX": 1, "GFMULTIO.MX": 12, "KUOB.MX": 3, "GFINBURO.MX": 5, "GCARSOA1.MX": 2, "AXTELCPO.MX": 37, "RA.MX": 1, "ASURB.MX": 1, "AEROMEX.MX": 4, "PE&OLES.MX": 1, "FEMSAUBD.MX": 1, "AC.MX": 1, "URBI.MX": 1, "MEDICAB.MX": 1, "BAFARB.MX": 1, "DINEA.MX": 4}, "qty": {"FRES.MX": 28220.0, "LAMOSA.MX": 11623.5, "VALUEGFO.MX": 10235.0, "CMOCTEZ.MX": 8785.2802734375, "ACCELSAB.MX": 8553.600151062012, "OMAB.MX": 8285.599975585938, "AZTECACPO.MX": 6393.7302277088165, "GBMO.MX": 4774.700068473816, "TS.MX": 3613.769989013672, "CREAL.MX": 2893.7499523162846, "MONEXB.MX": 1876.0, "GMEXICOB.MX": 1578.9199829101562, "ORBIA.MX": 1263.4600067138672, "SIMECB.MX": 929.0999794006347, "PASAB.MX": 827.2799835205078, "TEAKCPO.MX": 372.6000175476074, "HOMEX.MX": 373.29300481080986, "HERDEZ.MX": 334.8800048828125, "CYDSASAA.MX": 278.5500068664551, "BACHOCOB.MX": 191.36000061035156, "AUTLANB.MX": 186.1200008392334, "ARA.MX": 169.0000057220459, "GFNORTEO.MX": 117.06999969482422, "GFMULTIO.MX": 156.0, "KUOB.MX": 131.2799949645996, "GFINBURO.MX": 138.99999618530273, "GCARSOA1.MX": 134.10000610351562, "AXTELCPO.MX": 146.8900010585785, "RA.MX": 106.63999938964844, "ASURB.MX": 315.3699951171875, "AEROMEX.MX": 107.95999908447266, "PE&OLES.MX": 356.0400085449219, "FEMSAUBD.MX": 174.9499969482422, "AC.MX": 122.26000213623048, "URBI.MX": 94.06759643554688, "MEDICAB.MX": 39.84999847412109, "BAFARB.MX": 38.0, "DINEA.MX": 46.0}, "pct": {"FRES.MX": 0.27138537105315336, "LAMOSA.MX": 0.11178057620256301, "VALUEGFO.MX": 0.09842768507190025, "CMOCTEZ.MX": 0.08448605764751187, "ACCELSAB.MX": 0.08225804219830875, "OMAB.MX": 0.07968074499547796, "AZTECACPO.MX": 0.061487060604554215, "GBMO.MX": 0.04591721296067624, "TS.MX": 0.03475281039579112, "CREAL.MX": 0.027828540203557753, "MONEXB.MX": 0.01804106860721884, "GMEXICOB.MX": 0.015184117130592182, "ORBIA.MX": 0.012150409735395553, "SIMECB.MX": 0.008934944814143104, "PASAB.MX": 0.00795576489342876, "TEAKCPO.MX": 0.00358321027698685, "HOMEX.MX": 0.003589874579097385, "HERDEZ.MX": 0.0032204654281858215, "CYDSASAA.MX": 0.002678752550329955, "BACHOCOB.MX": 0.0018402659380004223, "AUTLANB.MX": 0.001789874042812494, "ARA.MX": 0.0016252349135670613, "GFNORTEO.MX": 0.001125835765640412, "GFMULTIO.MX": 0.0015002167924979422, "KUOB.MX": 0.0012624900831085745, "GFINBURO.MX": 0.0013367315925278274, "GCARSOA1.MX": 0.0012896094937857095, "AXTELCPO.MX": 0.001412607988705897, "RA.MX": 0.0010255328066430826, "ASURB.MX": 0.0030328420674666586, "AEROMEX.MX": 0.0010382269457986431, "PE&OLES.MX": 0.0034239564078218116, "FEMSAUBD.MX": 0.0016824546363411325, "AC.MX": 0.0011757468477923542, "URBI.MX": 0.0009046268448879935, "MEDICAB.MX": 0.000383228441614704, "BAFARB.MX": 0.00036543742381360127, "DINEA.MX": 0.00044237161830067525}}