{"allocation": {"ACCELSAB.MX": 5506, "FRES.MX": 53, "GAPB.MX": 39, "MEDICAB.MX": 120, "GNP.MX": 94, "SIMECB.MX": 43, "TS.MX": 7, "VALUEGFO.MX": 17, "AZTECACPO.MX": 382, "ALEATIC.MX": 34, "VITROA.MX": 13, "AC.MX": 2, "IENOVA.MX": 2, "PE&OLES.MX": 1, "ALPEKA.MX": 1, "HERDEZ.MX": 1, "ALFAA.MX": 1, "MFRISCOA-1.MX": 2, "DINEA.MX": 1}, "qty": {"ACCELSAB.MX": 57262.39789962768, "FRES.MX": 18338.0, "GAPB.MX": 6627.660095214844, "MEDICAB.MX": 4620.0, "GNP.MX": 3384.0, "SIMECB.MX": 2666.860019683838, "TS.MX": 2810.709991455078, "VALUEGFO.MX": 2074.0, "AZTECACPO.MX": 1004.6600437164307, "ALEATIC.MX": 914.5999870300294, "VITROA.MX": 706.4200019836426, "AC.MX": 239.36000061035156, "IENOVA.MX": 166.67999267578125, "PE&OLES.MX": 336.8800048828125, "ALPEKA.MX": 29.75, "HERDEZ.MX": 39.43000030517578, "ALFAA.MX": 20.479999542236328, "MFRISCOA-1.MX": 15.020000457763672, "DINEA.MX": 11.0}, "pct": {"ACCELSAB.MX": 0.565454535494116, "FRES.MX": 0.18108402114188307, "GAPB.MX": 0.06544679576851889, "MEDICAB.MX": 0.04562156056688296, "GNP.MX": 0.033416311895742845, "SIMECB.MX": 0.026334700413724006, "TS.MX": 0.027755189634439598, "VALUEGFO.MX": 0.020480328271799842, "AZTECACPO.MX": 0.009920813643622604, "ALEATIC.MX": 0.009031488896701485, "VITROA.MX": 0.006975753875790981, "AC.MX": 0.002363631334444653, "IENOVA.MX": 0.0016459310348800353, "PE&OLES.MX": 0.0033266215468686273, "ALPEKA.MX": 0.0002937752006200797, "HERDEZ.MX": 0.00038936323529757373, "ALFAA.MX": 0.00020223583106620562, "MFRISCOA-1.MX": 0.0001483194503459903, "DINEA.MX": 0.00010862276325448325}}