{"allocation": {"GFMULTIO.MX": 7676, "BAFARB.MX": 1}, "qty": {"GFMULTIO.MX": 99788.0, "BAFARB.MX": 41.5}, "pct": {"GFMULTIO.MX": 0.9995842912165241, "BAFARB.MX": 0.0004157087834758263}}