{"allocation": {"BAFARB.MX": 1207, "VALUEGFO.MX": 96, "TS.MX": 34, "ALEATIC.MX": 302, "GFINBURO.MX": 243, "MEDICAB.MX": 130, "WMT.MX": 2, "AMXL.MX": 231, "ACCELSAB.MX": 190, "CEMEXCPO.MX": 127, "MONEXB.MX": 12}, "qty": {"BAFARB.MX": 48883.5, "VALUEGFO.MX": 10464.0, "TS.MX": 10642.0, "ALEATIC.MX": 6942.979930877686, "GFINBURO.MX": 6731.100185394287, "MEDICAB.MX": 4032.6000595092773, "WMT.MX": 3700.0, "AMXL.MX": 3536.6100969314575, "ACCELSAB.MX": 3400.999927520752, "CEMEXCPO.MX": 1311.9099903106692, "MONEXB.MX": 168.0}, "pct": {"BAFARB.MX": 0.489747398470165, "VALUEGFO.MX": 0.10483530797900736, "TS.MX": 0.10661863030510287, "ALEATIC.MX": 0.06955938831666948, "GFINBURO.MX": 0.06743663617864715, "MEDICAB.MX": 0.04040126808054458, "WMT.MX": 0.03706905958737837, "AMXL.MX": 0.035432110924453024, "ACCELSAB.MX": 0.034073478099982776, "CEMEXCPO.MX": 0.013143586379487345, "MONEXB.MX": 0.001683135678562045}}