{"allocation": {"BAFARB.MX": 1037, "GFMULTIO.MX": 1019, "WMT.MX": 5, "TS.MX": 21, "FRES.MX": 22, "VALUEGFO.MX": 38, "ICHB.MX": 47, "MEGACPO.MX": 33, "GISSAA.MX": 127, "ALPEKA.MX": 108, "CERAMICB.MX": 27, "GFNORTEO.MX": 9, "ALFAA.MX": 41, "VOLARA.MX": 43, "MEDICAB.MX": 27, "HERDEZ.MX": 16, "ARA.MX": 121, "ASURB.MX": 2, "GAPB.MX": 2, "ORBIA.MX": 9, "LABB.MX": 25, "GRUMAB.MX": 2, "ACCELSAB.MX": 17, "RA.MX": 3, "GCARSOA1.MX": 4, "CHDRAUIB.MX": 4, "TMMA.MX": 19, "DINEA.MX": 9, "IENOVA.MX": 1, "AEROMEX.MX": 2}, "qty": {"BAFARB.MX": 42517.0, "GFMULTIO.MX": 13247.0, "WMT.MX": 9797.80029296875, "TS.MX": 5283.180038452148, "FRES.MX": 4572.700134277343, "VALUEGFO.MX": 4294.0, "ICHB.MX": 4156.210014343262, "MEGACPO.MX": 2755.8300704956055, "GISSAA.MX": 2697.479970932007, "ALPEKA.MX": 2518.5599670410156, "CERAMICB.MX": 1296.0, "GFNORTEO.MX": 1078.470016479492, "ALFAA.MX": 785.5599937438965, "VOLARA.MX": 741.75, "MEDICAB.MX": 702.0, "HERDEZ.MX": 650.0800170898438, "ARA.MX": 614.6799907684326, "ASURB.MX": 624.5, "GAPB.MX": 385.51998901367193, "ORBIA.MX": 396.0899848937988, "LABB.MX": 380.9999942779541, "GRUMAB.MX": 378.9800109863282, "ACCELSAB.MX": 362.0999870300293, "RA.MX": 309.9299926757813, "GCARSOA1.MX": 294.0400085449219, "CHDRAUIB.MX": 149.83999633789062, "TMMA.MX": 143.4500036239624, "DINEA.MX": 99.0, "IENOVA.MX": 82.87000274658203, "AEROMEX.MX": 38.86000061035156}, "pct": {"BAFARB.MX": 0.41948811537254643, "GFMULTIO.MX": 0.13069969810523138, "WMT.MX": 0.09666864500538712, "TS.MX": 0.052125767046220316, "FRES.MX": 0.045115915080833374, "VALUEGFO.MX": 0.042366158652061864, "ICHB.MX": 0.041006672766407765, "MEGACPO.MX": 0.027190017229794985, "GISSAA.MX": 0.026614314021719758, "ALPEKA.MX": 0.024849024484953745, "CERAMICB.MX": 0.012786805219625566, "GFNORTEO.MX": 0.010640575645007437, "ALFAA.MX": 0.007750619311985712, "VOLARA.MX": 0.007318374052204679, "MEDICAB.MX": 0.006926186160630515, "HERDEZ.MX": 0.006413924811495904, "ARA.MX": 0.006064655335152152, "ASURB.MX": 0.0061615431015865476, "GAPB.MX": 0.0038036797899614282, "ORBIA.MX": 0.003907967196204814, "LABB.MX": 0.0037590838854248874, "GRUMAB.MX": 0.0037391539989303515, "ACCELSAB.MX": 0.003572609571128031, "RA.MX": 0.0030578815185688226, "GCARSOA1.MX": 0.002901105182130365, "CHDRAUIB.MX": 0.0014783756537669872, "TMMA.MX": 0.0014153296721405777, "DINEA.MX": 0.0009767698431658418, "IENOVA.MX": 0.0008176254503629476, "AEROMEX.MX": 0.0003834068353696729}}