{"allocation": {"BAFARB.MX": 1821, "MEDICAB.MX": 353, "ANB.MX": 1, "ACTINVRB.MX": 267, "BBVA.MX": 27, "VALUEGFO.MX": 29, "LABB.MX": 122, "SIMECB.MX": 27, "CREAL.MX": 45, "ASURB.MX": 2}, "qty": {"BAFARB.MX": 75571.5, "MEDICAB.MX": 7550.669784545899, "ANB.MX": 1919.0799560546875, "ACTINVRB.MX": 3310.7998981475826, "BBVA.MX": 2619.0, "VALUEGFO.MX": 2421.5, "LABB.MX": 2132.559944152832, "SIMECB.MX": 1496.069995880127, "CREAL.MX": 997.6500034332275, "ASURB.MX": 581.9000244140625}, "pct": {"BAFARB.MX": 0.766439561872367, "MEDICAB.MX": 0.07657823440728685, "ANB.MX": 0.019463141537703975, "ACTINVRB.MX": 0.03357784380862243, "BBVA.MX": 0.026561669578395678, "VALUEGFO.MX": 0.024558641803774393, "LABB.MX": 0.021628236957888302, "SIMECB.MX": 0.015173011415318715, "CREAL.MX": 0.01011807932267228, "ASURB.MX": 0.005901579295970487}}