{"allocation": {"GNP.MX": 913, "BAFARB.MX": 421, "WMT.MX": 6, "RCENTROA.MX": 1069, "BACHOCOB.MX": 66, "MEDICAB.MX": 237, "MEGACPO.MX": 56, "VALUEGFO.MX": 41, "POCHTECB.MX": 346, "ALFAA.MX": 135, "ICHB.MX": 27}, "qty": {"GNP.MX": 36520.0, "BAFARB.MX": 17471.5, "WMT.MX": 13818.0, "RCENTROA.MX": 6050.539836883545, "BACHOCOB.MX": 6048.900100708008, "MEDICAB.MX": 4740.0, "MEGACPO.MX": 4581.919982910156, "VALUEGFO.MX": 4079.5, "POCHTECB.MX": 2418.5399208068848, "ALFAA.MX": 2311.200113296509, "ICHB.MX": 1846.2599258422852}, "pct": {"GNP.MX": 0.3656154858752515, "BAFARB.MX": 0.17491377221986465, "WMT.MX": 0.1383372065669284, "RCENTROA.MX": 0.0605742350019097, "BACHOCOB.MX": 0.060557818984973054, "MEDICAB.MX": 0.04745392669903319, "MEGACPO.MX": 0.04587132806115062, "VALUEGFO.MX": 0.040841412229684786, "POCHTECB.MX": 0.024212914793387226, "ALFAA.MX": 0.02313829551965606, "ICHB.MX": 0.018483604048160813}}