{"allocation": {"BAFARB.MX": 1109, "MEGACPO.MX": 133, "BACHOCOB.MX": 100, "POCHTECB.MX": 1103, "GFMULTIO.MX": 559, "WMT.MX": 2, "TS.MX": 21, "MEDICAB.MX": 134, "ICHB.MX": 30, "ALFAA.MX": 111, "RCENTROA.MX": 179, "MONEXB.MX": 65, "VALUEGFO.MX": 5, "VOLARA.MX": 9, "CMOCTEZ.MX": 3, "GCARSOA1.MX": 2, "CREAL.MX": 5, "ACCELSAB.MX": 5, "AZTECACPO.MX": 96, "CYDSASAA.MX": 3, "BOLSAA.MX": 2, "BSMXB.MX": 3, "PINFRA.MX": 1, "BIMBOA.MX": 1, "FRAGUAB.MX": 1, "CEMEXCPO.MX": 5, "CHDRAUIB.MX": 1, "FEMSAUBD.MX": 1}, "qty": {"BAFARB.MX": 46023.5, "MEGACPO.MX": 10569.510162353516, "BACHOCOB.MX": 8686.000061035156, "POCHTECB.MX": 7721.0, "GFMULTIO.MX": 7267.0, "WMT.MX": 4685.7001953125, "TS.MX": 4578.0, "MEDICAB.MX": 2840.8001022338867, "ICHB.MX": 2398.7999725341797, "ALFAA.MX": 1923.629991531372, "RCENTROA.MX": 1127.7000341415405, "MONEXB.MX": 780.0, "VALUEGFO.MX": 465.0, "VOLARA.MX": 177.0300006866455, "CMOCTEZ.MX": 174.0, "GCARSOA1.MX": 115.86000061035156, "CREAL.MX": 112.44999885559082, "ACCELSAB.MX": 100.0, "AZTECACPO.MX": 92.63999748229982, "CYDSASAA.MX": 76.80000114440918, "BOLSAA.MX": 74.22000122070312, "BSMXB.MX": 74.69999885559083, "PINFRA.MX": 176.94000244140625, "BIMBOA.MX": 35.9900016784668, "FRAGUAB.MX": 230.0, "CEMEXCPO.MX": 38.450000286102295, "CHDRAUIB.MX": 30.86000061035156, "FEMSAUBD.MX": 180.83999633789065}, "pct": {"BAFARB.MX": 0.4567752902245101, "MEGACPO.MX": 0.10490056323269495, "BACHOCOB.MX": 0.08620705071907712, "POCHTECB.MX": 0.07662959174820347, "GFMULTIO.MX": 0.07212372014430704, "WMT.MX": 0.04650476531812902, "TS.MX": 0.04543585947717595, "MEDICAB.MX": 0.02819445046916687, "ICHB.MX": 0.023807675505879537, "ALFAA.MX": 0.01909169549613381, "RCENTROA.MX": 0.01119222810914407, "MONEXB.MX": 0.007741365310659074, "VALUEGFO.MX": 0.0046150447044313704, "VOLARA.MX": 0.001756992187514807, "CMOCTEZ.MX": 0.001726919953916255, "GCARSOA1.MX": 0.001149890499510147, "CREAL.MX": 0.0011160468209286197, "ACCELSAB.MX": 0.0009924827321357787, "AZTECACPO.MX": 0.0009194359780628458, "CYDSASAA.MX": 0.0007622267496383415, "BOLSAA.MX": 0.0007366206959064426, "BSMXB.MX": 0.0007413845895473633, "PINFRA.MX": 0.0017560989704715822, "BIMBOA.MX": 0.00035719455195415986, "FRAGUAB.MX": 0.002282710283912291, "CEMEXCPO.MX": 0.0003816096133457228, "CHDRAUIB.MX": 0.00030628017719473515, "FEMSAUBD.MX": 0.0017948057364485393}}