{"allocation": {"BAFARB.MX": 721, "MEGACPO.MX": 277, "FRES.MX": 59, "ACCELSAB.MX": 453, "ALEATIC.MX": 286, "TS.MX": 20, "FRAGUAB.MX": 16, "ORBIA.MX": 79, "MONEXB.MX": 181, "KUOB.MX": 34, "RCENTROA.MX": 67}, "qty": {"BAFARB.MX": 29200.5, "MEGACPO.MX": 24389.850845336914, "FRES.MX": 12980.0, "ACCELSAB.MX": 9014.699827194216, "ALEATIC.MX": 5548.399890899659, "TS.MX": 5031.600036621094, "FRAGUAB.MX": 4160.0, "ORBIA.MX": 3690.08992767334, "MONEXB.MX": 2678.8000345230103, "KUOB.MX": 1453.5, "RCENTROA.MX": 649.8999872207642}, "pct": {"BAFARB.MX": 0.2955595751626428, "MEGACPO.MX": 0.2468674835748704, "FRES.MX": 0.1313800546432802, "ACCELSAB.MX": 0.09124435715635938, "ALEATIC.MX": 0.05615940530425017, "TS.MX": 0.05092849674533205, "FRAGUAB.MX": 0.042106396557476555, "ORBIA.MX": 0.03735009370850087, "MONEXB.MX": 0.02711409051726148, "KUOB.MX": 0.014711934470262542, "RCENTROA.MX": 0.0065781121597635675}}