{"allocation": {"CERAMICB.MX": 1123, "VESTA.MX": 450, "BACHOCOB.MX": 110, "TS.MX": 37, "LABB.MX": 405, "AZTECACPO.MX": 4176, "GFINBURO.MX": 91, "MEDICAB.MX": 71, "GRUMAB.MX": 2}, "qty": {"CERAMICB.MX": 53847.850856781006, "VESTA.MX": 14836.500549316406, "BACHOCOB.MX": 9315.900268554688, "TS.MX": 7971.649887084961, "LABB.MX": 7383.149814605713, "AZTECACPO.MX": 3261.456075668335, "GFINBURO.MX": 2112.1099166870117, "MEDICAB.MX": 1490.2899837493896, "GRUMAB.MX": 394.0}, "pct": {"CERAMICB.MX": 0.5351982392095253, "VESTA.MX": 0.1474612049261639, "BACHOCOB.MX": 0.09259150255862345, "TS.MX": 0.07923088693938872, "LABB.MX": 0.07338173609020662, "AZTECACPO.MX": 0.03241588143600143, "GFINBURO.MX": 0.02099243498936255, "MEDICAB.MX": 0.014812115293805163, "GRUMAB.MX": 0.0039159985569228815}}