{"allocation": {"ACCELSAB.MX": 1916, "TS.MX": 56, "SIMECB.MX": 265, "GFMULTIO.MX": 777, "LAMOSA.MX": 179, "URBI.MX": 125, "CYDSASAA.MX": 168, "MFRISCOA-1.MX": 754, "PASAB.MX": 70, "HOMEX.MX": 1355}, "qty": {"ACCELSAB.MX": 27398.800365447998, "TS.MX": 17528.0, "SIMECB.MX": 16212.700080871582, "GFMULTIO.MX": 10101.0, "LAMOSA.MX": 6444.0, "URBI.MX": 5999.208927154541, "CYDSASAA.MX": 5376.0, "MFRISCOA-1.MX": 3920.799856185913, "PASAB.MX": 1385.9999465942383, "HOMEX.MX": 201.8950053304433}, "pct": {"ACCELSAB.MX": 0.28972467710080446, "TS.MX": 0.18534731712659294, "SIMECB.MX": 0.1714388671478574, "GFMULTIO.MX": 0.10681157292878339, "LAMOSA.MX": 0.0681411519605069, "URBI.MX": 0.06343777267971247, "CYDSASAA.MX": 0.05684773943818825, "MFRISCOA-1.MX": 0.041459934637972984, "PASAB.MX": 0.014656057259176356, "HOMEX.MX": 0.0021349097204048863}}