{"allocation": {"GFMULTIO.MX": 9742, "AXTELCPO.MX": 122, "LABB.MX": 15, "BACHOCOB.MX": 4, "OMAB.MX": 3}, "qty": {"GFMULTIO.MX": 125671.79628372191, "AXTELCPO.MX": 347.69998836517334, "LABB.MX": 283.050012588501, "BACHOCOB.MX": 269.9200134277344, "OMAB.MX": 240.50999450683594}, "pct": {"GFMULTIO.MX": 0.9910010785784645, "AXTELCPO.MX": 0.002741832882802823, "LABB.MX": 0.0022320272015017386, "BACHOCOB.MX": 0.0021284889079877514, "OMAB.MX": 0.0018965724292431998}}