{"allocation": {"GNP.MX": 1736, "BAFARB.MX": 632, "TMMA.MX": 1331, "TLEVISACPO.MX": 182, "BIMBOA.MX": 121, "MAXCOMA.MX": 1901, "CULTIBAB.MX": 297, "ANB.MX": 2}, "qty": {"GNP.MX": 76210.40264892578, "BAFARB.MX": 25280.0, "TMMA.MX": 7666.560304641724, "TLEVISACPO.MX": 4661.0201110839835, "BIMBOA.MX": 4306.390018463135, "MAXCOMA.MX": 3706.9500906467442, "CULTIBAB.MX": 3267.0, "ANB.MX": 2209.0}, "pct": {"GNP.MX": 0.5986332973548304, "BAFARB.MX": 0.19857459390215446, "TMMA.MX": 0.060220889996859484, "TLEVISACPO.MX": 0.036612348723428674, "BIMBOA.MX": 0.03382672662581521, "MAXCOMA.MX": 0.029118121395005216, "CULTIBAB.MX": 0.025662310058478584, "ANB.MX": 0.017351711943427973}}