{"allocation": {"GFMULTIO.MX": 8271, "CERAMICB.MX": 152, "ACCELSAB.MX": 330, "BACHOCOB.MX": 20, "HERDEZ.MX": 38, "ASURB.MX": 4, "AXTELCPO.MX": 350, "FRES.MX": 4, "CREAL.MX": 21}, "qty": {"GFMULTIO.MX": 107523.0, "CERAMICB.MX": 7288.400115966797, "ACCELSAB.MX": 6629.700050354004, "BACHOCOB.MX": 1514.2999267578125, "HERDEZ.MX": 1425.5699768066406, "ASURB.MX": 1452.5999755859375, "AXTELCPO.MX": 1116.5000200271606, "FRES.MX": 633.97998046875, "CREAL.MX": 496.22998237609863}, "pct": {"GFMULTIO.MX": 0.8394969153425178, "CERAMICB.MX": 0.05690493582894985, "ACCELSAB.MX": 0.05176206711046307, "BACHOCOB.MX": 0.011823052904184074, "HERDEZ.MX": 0.011130284665923378, "ASURB.MX": 0.01134132417000094, "AXTELCPO.MX": 0.008717189092497983, "FRES.MX": 0.004949864103423689, "CREAL.MX": 0.0038743667820392543}}