{"allocation": {"BAFARB.MX": 810, "AMXL.MX": 2394, "MONEXB.MX": 2846, "SIMECB.MX": 291, "WMT.MX": 6, "KUOB.MX": 95, "AXTELCPO.MX": 447, "MAXCOMA.MX": 2672, "GNP.MX": 23, "SORIANAB.MX": 77}, "qty": {"BAFARB.MX": 31590.0, "AMXL.MX": 30906.53963470459, "MONEXB.MX": 28744.601085662845, "SIMECB.MX": 18624.0, "WMT.MX": 17578.5, "KUOB.MX": 4370.0, "AXTELCPO.MX": 3535.769931793213, "MAXCOMA.MX": 3233.1201019287114, "GNP.MX": 2645.0, "SORIANAB.MX": 1246.6300411224365}, "pct": {"BAFARB.MX": 0.2217244153163081, "AMXL.MX": 0.21692733238224685, "MONEXB.MX": 0.2017530822798072, "SIMECB.MX": 0.1307184397230428, "WMT.MX": 0.12338026700341, "KUOB.MX": 0.03067222839291758, "AXTELCPO.MX": 0.024816920570428384, "MAXCOMA.MX": 0.022692676930913137, "GNP.MX": 0.018564769816765903, "SORIANAB.MX": 0.008749867584160093}}