{"allocation": {"WMT.MX": 12, "CMOCTEZ.MX": 761, "GNP.MX": 252, "RA.MX": 177, "ACCELSAB.MX": 462, "KUOB.MX": 162, "URBI.MX": 395, "SIMECB.MX": 138, "GISSAA.MX": 279, "OMAB.MX": 35, "HOMEX.MX": 43374, "BSMXB.MX": 24}, "qty": {"WMT.MX": 34260.0, "CMOCTEZ.MX": 35767.0, "GNP.MX": 15246.0, "RA.MX": 10195.199729919432, "ACCELSAB.MX": 8316.0, "KUOB.MX": 8098.380271911621, "URBI.MX": 6715.0, "SIMECB.MX": 6439.079978942871, "GISSAA.MX": 4458.419872283936, "OMAB.MX": 3209.849967956543, "HOMEX.MX": 2168.7000323161456, "BSMXB.MX": 342.4800109863281}, "pct": {"WMT.MX": 0.2533721760992705, "CMOCTEZ.MX": 0.2645172977975075, "GNP.MX": 0.11275283703471914, "RA.MX": 0.0753992977622995, "ACCELSAB.MX": 0.061501547473483166, "KUOB.MX": 0.059892125871968745, "URBI.MX": 0.04966124233819618, "SIMECB.MX": 0.04762065692767075, "GISSAA.MX": 0.03297254947474642, "OMAB.MX": 0.023738665246156535, "HOMEX.MX": 0.016038769599956218, "BSMXB.MX": 0.002532834374025336}}