{"allocation": {"MONEXB.MX": 3606, "SIMECB.MX": 533, "WMT.MX": 7, "FINAMEXO.MX": 595, "KUOB.MX": 278, "ORBIA.MX": 251, "GISSAA.MX": 464, "VOLARA.MX": 212, "URBI.MX": 128}, "qty": {"MONEXB.MX": 42550.80068778992, "SIMECB.MX": 24688.55983734131, "WMT.MX": 21154.0, "FINAMEXO.MX": 21420.0, "KUOB.MX": 13338.4398727417, "ORBIA.MX": 8825.15996170044, "GISSAA.MX": 7888.0, "VOLARA.MX": 3746.0400161743164, "URBI.MX": 1856.0}, "pct": {"MONEXB.MX": 0.29251170765795215, "SIMECB.MX": 0.16971931622683956, "WMT.MX": 0.14542129792570332, "FINAMEXO.MX": 0.14724989134766783, "KUOB.MX": 0.09169392259610716, "ORBIA.MX": 0.0606677799013155, "GISSAA.MX": 0.05422535681374434, "VOLARA.MX": 0.025751820045083283, "URBI.MX": 0.012758907485586904}}