{"allocation": {"GFMULTIO.MX": 9847, "GNP.MX": 1}, "qty": {"GFMULTIO.MX": 128011.0, "GNP.MX": 41.0}, "pct": {"GFMULTIO.MX": 0.9996798175741105, "GNP.MX": 0.0003201824258894824}}