{"allocation": {"AMXL.MX": 3003, "WMT.MX": 9, "MONEXB.MX": 2079, "GISSAA.MX": 637, "KUOB.MX": 186, "URBI.MX": 618, "AXTELCPO.MX": 869, "BSMXB.MX": 319, "ARA.MX": 1767, "BACHOCOB.MX": 59, "GNP.MX": 17}, "qty": {"AMXL.MX": 41681.64034366608, "WMT.MX": 27891.0, "MONEXB.MX": 21185.009127616882, "GISSAA.MX": 11625.25, "KUOB.MX": 8870.33974456787, "URBI.MX": 8466.599882125854, "AXTELCPO.MX": 6109.070182323456, "BSMXB.MX": 4488.329902648927, "ARA.MX": 4488.1799325943, "BACHOCOB.MX": 4131.769927978516, "GNP.MX": 1632.5099792480469}, "pct": {"AMXL.MX": 0.29651938243756465, "WMT.MX": 0.19841402659247442, "MONEXB.MX": 0.1507082200139396, "GISSAA.MX": 0.08270096671486012, "KUOB.MX": 0.06310278677576896, "URBI.MX": 0.060230618269691304, "AXTELCPO.MX": 0.04345936730883865, "BSMXB.MX": 0.03192956898856199, "ARA.MX": 0.031928502115290795, "BACHOCOB.MX": 0.02939303389494516, "GNP.MX": 0.011613526888064317}}