{"allocation": {"BAFARB.MX": 2199, "GNP.MX": 485, "VESTA.MX": 152, "FRAGUAB.MX": 15, "GRUMAB.MX": 14, "POCHTECB.MX": 445, "BACHOCOB.MX": 39, "CULTIBAB.MX": 137}, "qty": {"BAFARB.MX": 87960.0, "GNP.MX": 22310.0, "VESTA.MX": 4604.080139160156, "FRAGUAB.MX": 3283.3499908447266, "GRUMAB.MX": 3081.1200256347656, "POCHTECB.MX": 2910.299983024597, "BACHOCOB.MX": 2634.8399047851562, "CULTIBAB.MX": 1459.0499477386472}, "pct": {"BAFARB.MX": 0.6858867800707003, "GNP.MX": 0.1739669629760951, "VESTA.MX": 0.035901292653888375, "FRAGUAB.MX": 0.025602618838854625, "GRUMAB.MX": 0.024025687737539596, "POCHTECB.MX": 0.02269368217822368, "BACHOCOB.MX": 0.020545723718677595, "CULTIBAB.MX": 0.01137725182602074}}