{"allocation": {"MONEXB.MX": 8375, "VITROA.MX": 331, "FRAGUAB.MX": 24, "CREAL.MX": 343, "GNP.MX": 60, "KUOB.MX": 54, "IENOVA.MX": 39, "AXTELCPO.MX": 494, "URBI.MX": 59, "MEDICAB.MX": 64}, "qty": {"MONEXB.MX": 106362.49840259552, "VITROA.MX": 8248.520025253296, "FRAGUAB.MX": 5208.0, "CREAL.MX": 4098.849934577942, "GNP.MX": 3270.0, "KUOB.MX": 2808.0, "IENOVA.MX": 2586.870071411133, "AXTELCPO.MX": 1946.3600282669067, "URBI.MX": 1014.8000450134277, "MEDICAB.MX": 891.5200195312499}, "pct": {"MONEXB.MX": 0.7795812813944649, "VITROA.MX": 0.06045732196469306, "FRAGUAB.MX": 0.038171906212042285, "CREAL.MX": 0.030042418448530117, "GNP.MX": 0.023967383508713185, "KUOB.MX": 0.02058116602216105, "IENOVA.MX": 0.018960399721321984, "AXTELCPO.MX": 0.014265797322172107, "URBI.MX": 0.007437951640212913, "MEDICAB.MX": 0.0065343737656883595}}