{"allocation": {"ACCELSAB.MX": 5741, "PASAB.MX": 568, "BAFARB.MX": 225, "GFMULTIO.MX": 313, "MEDICAB.MX": 83, "TEAKCPO.MX": 203, "ARA.MX": 453, "VALUEGFO.MX": 11, "ICHB.MX": 14, "FRES.MX": 3, "AXTELCPO.MX": 187, "MONEXB.MX": 34, "FEMSAUBD.MX": 1, "AEROMEX.MX": 2}, "qty": {"ACCELSAB.MX": 62002.80109500885, "PASAB.MX": 13052.639739990234, "BAFARB.MX": 8550.0, "GFMULTIO.MX": 4069.0, "MEDICAB.MX": 3307.5498733520503, "TEAKCPO.MX": 3288.600154876709, "ARA.MX": 3062.2801036834717, "VALUEGFO.MX": 1265.0, "ICHB.MX": 1156.3999786376953, "FRES.MX": 1020.0, "AXTELCPO.MX": 742.3900053501129, "MONEXB.MX": 476.0, "FEMSAUBD.MX": 174.9499969482422, "AEROMEX.MX": 53.97999954223633}, "pct": {"ACCELSAB.MX": 0.6065528869230752, "PASAB.MX": 0.12768965557098438, "BAFARB.MX": 0.0836418208791177, "GFMULTIO.MX": 0.03980568060317309, "MEDICAB.MX": 0.032356665971422297, "TEAKCPO.MX": 0.0321712871458756, "ARA.MX": 0.029957272972395192, "VALUEGFO.MX": 0.012375076422465952, "ICHB.MX": 0.011312678348284168, "FRES.MX": 0.009978322490842111, "AXTELCPO.MX": 0.007262555771922968, "MONEXB.MX": 0.004656550495726318, "FEMSAUBD.MX": 0.0017114779307072585, "AEROMEX.MX": 0.0005280684740077878}}