{"allocation": {"ACCELSAB.MX": 6697, "BAFARB.MX": 244, "PASAB.MX": 233, "HERDEZ.MX": 67, "MEDICAB.MX": 74, "WMT.MX": 1, "BIMBOA.MX": 48, "FRAGUAB.MX": 8, "MFRISCOA-1.MX": 163, "CREAL.MX": 33, "TS.MX": 2, "TLEVISACPO.MX": 4, "OMAB.MX": 1}, "qty": {"ACCELSAB.MX": 69380.91770076752, "BAFARB.MX": 9354.924667358398, "PASAB.MX": 5615.300088882446, "HERDEZ.MX": 2999.590030670166, "MEDICAB.MX": 2952.600112915039, "WMT.MX": 1654.1500244140625, "BIMBOA.MX": 2089.4399414062505, "FRAGUAB.MX": 1928.0, "MFRISCOA-1.MX": 1641.4099502563479, "CREAL.MX": 905.5200176239014, "TS.MX": 735.8400268554688, "TLEVISACPO.MX": 268.4800109863281, "OMAB.MX": 99.04000091552734}, "pct": {"ACCELSAB.MX": 0.6964192688662328, "BAFARB.MX": 0.0939011764767757, "PASAB.MX": 0.05636424699987422, "HERDEZ.MX": 0.030108744093978002, "MEDICAB.MX": 0.029637077168091434, "WMT.MX": 0.01660372893258457, "BIMBOA.MX": 0.02097300359458849, "FRAGUAB.MX": 0.01935253085243125, "MFRISCOA-1.MX": 0.016475848912771585, "CREAL.MX": 0.009089265600913195, "TS.MX": 0.007386082376646421, "TLEVISACPO.MX": 0.002694900257196056, "OMAB.MX": 0.0009941258679162666}}