{"allocation": {"ACCELSAB.MX": 5721, "GFMULTIO.MX": 1123, "WMT.MX": 4, "TLEVISACPO.MX": 68, "CERAMICB.MX": 62, "SORIANAB.MX": 79, "GRUMAB.MX": 14, "MEDICAB.MX": 46, "GBMO.MX": 136, "TS.MX": 4, "PINFRA.MX": 6, "HOMEX.MX": 1958, "GMD.MX": 25, "BSMXB.MX": 5}, "qty": {"ACCELSAB.MX": 58983.512400627136, "GFMULTIO.MX": 11230.0, "WMT.MX": 8030.720214843749, "TLEVISACPO.MX": 5237.359771728516, "CERAMICB.MX": 3462.6999053955074, "SORIANAB.MX": 3205.0299758911133, "GRUMAB.MX": 3112.2000427246094, "MEDICAB.MX": 1829.420021057129, "GBMO.MX": 1808.8000259399414, "TS.MX": 1336.800048828125, "PINFRA.MX": 1144.6799926757812, "HOMEX.MX": 1076.900023341179, "GMD.MX": 712.5, "BSMXB.MX": 146.49999618530273}, "pct": {"ACCELSAB.MX": 0.5821672683967517, "GFMULTIO.MX": 0.11084010019087996, "WMT.MX": 0.07926320865700856, "TLEVISACPO.MX": 0.05169274103598155, "CERAMICB.MX": 0.03417684812511029, "SORIANAB.MX": 0.03163364591652222, "GRUMAB.MX": 0.03071741447459097, "MEDICAB.MX": 0.018056375638929107, "GBMO.MX": 0.017852856286771985, "TS.MX": 0.01319421650465562, "PINFRA.MX": 0.011297991547166458, "HOMEX.MX": 0.010629003248681856, "GMD.MX": 0.007032375012110594, "BSMXB.MX": 0.001445954964839046}}