{"allocation": {"ACCELSAB.MX": 6306, "BAFARB.MX": 344, "TEAKCPO.MX": 183, "WMT.MX": 2, "PASAB.MX": 132, "AEROMEX.MX": 101, "MEDICAB.MX": 56, "BIMBOA.MX": 43, "HOMEX.MX": 2569, "MFRISCOA-1.MX": 104, "ARA.MX": 140, "PE&OLES.MX": 2, "FEMSAUBD.MX": 4, "GMD.MX": 16}, "qty": {"ACCELSAB.MX": 65014.862646102905, "BAFARB.MX": 13188.910186767578, "TEAKCPO.MX": 3477.0, "WMT.MX": 3400.659912109375, "PASAB.MX": 3194.400100708008, "AEROMEX.MX": 2949.2000770568848, "MEDICAB.MX": 2239.4400939941406, "BIMBOA.MX": 1896.7300262451172, "HOMEX.MX": 1204.8610300123692, "MFRISCOA-1.MX": 1194.959976196289, "ARA.MX": 1026.1999893188477, "PE&OLES.MX": 823.8800048828126, "FEMSAUBD.MX": 698.0800170898438, "GMD.MX": 412.79998779296875}, "pct": {"ACCELSAB.MX": 0.6454883038735673, "BAFARB.MX": 0.13094370917520837, "TEAKCPO.MX": 0.03452076557917521, "WMT.MX": 0.033762836824971616, "PASAB.MX": 0.03171502359581099, "AEROMEX.MX": 0.029280599512846183, "MEDICAB.MX": 0.02223387590261082, "BIMBOA.MX": 0.01883134098446665, "HOMEX.MX": 0.011962244800845723, "MFRISCOA-1.MX": 0.011863943978938418, "ARA.MX": 0.01018844097458385, "PE&OLES.MX": 0.008179743604811418, "FEMSAUBD.MX": 0.006930761180749243, "GMD.MX": 0.004098410011414283}}