{"allocation": {"ACTINVRB.MX": 1949, "ACCELSAB.MX": 1297, "BAFARB.MX": 438, "GFMULTIO.MX": 902, "WMT.MX": 5, "MEDICAB.MX": 243, "GRUMAB.MX": 14, "GENTERA.MX": 163, "VALUEGFO.MX": 21, "MONEXB.MX": 168, "TS.MX": 7, "AXTELCPO.MX": 415, "IENOVA.MX": 17, "CEMEXCPO.MX": 92, "BACHOCOB.MX": 13, "CERAMICB.MX": 15, "FRAGUAB.MX": 2}, "qty": {"ACTINVRB.MX": 24343.0095539093, "ACCELSAB.MX": 18417.399752616882, "BAFARB.MX": 17301.0, "GFMULTIO.MX": 11726.0, "WMT.MX": 9945.0, "MEDICAB.MX": 8381.070407867432, "GRUMAB.MX": 3120.5999145507817, "GENTERA.MX": 2459.670024871826, "VALUEGFO.MX": 2520.0, "MONEXB.MX": 2234.400032043457, "TS.MX": 2191.0, "AXTELCPO.MX": 1319.700027704239, "IENOVA.MX": 1316.8199844360352, "CEMEXCPO.MX": 963.2400245666504, "BACHOCOB.MX": 921.7000198364258, "CERAMICB.MX": 765.0, "FRAGUAB.MX": 530.0}, "pct": {"ACTINVRB.MX": 0.22445136412701283, "ACCELSAB.MX": 0.1698150957461835, "BAFARB.MX": 0.1595214857128391, "GFMULTIO.MX": 0.10811796667642053, "WMT.MX": 0.09169650167124357, "MEDICAB.MX": 0.07727650444060594, "GRUMAB.MX": 0.028773061365499075, "GENTERA.MX": 0.022679048420951947, "VALUEGFO.MX": 0.023235312640677103, "MONEXB.MX": 0.02060197750351931, "TS.MX": 0.020201813490366483, "AXTELCPO.MX": 0.0121681121966739, "IENOVA.MX": 0.012141557154707475, "CEMEXCPO.MX": 0.008881421872547467, "BACHOCOB.MX": 0.00849840798484827, "CERAMICB.MX": 0.007053577051634121, "FRAGUAB.MX": 0.004886791944269391}}