{"allocation": {"ACCELSAB.MX": 5600, "PASAB.MX": 551, "MEDICAB.MX": 138, "GFMULTIO.MX": 439, "GNP.MX": 84, "GRUMAB.MX": 12, "MFRISCOA-1.MX": 232, "ALPEKA.MX": 89, "TLEVISACPO.MX": 27, "AEROMEX.MX": 56, "GMD.MX": 29, "TEAKCPO.MX": 48, "AXTELCPO.MX": 198, "TMMA.MX": 77, "VESTA.MX": 17, "ASURB.MX": 1, "LABB.MX": 19, "HOMEX.MX": 563}, "qty": {"ACCELSAB.MX": 57680.001068115234, "PASAB.MX": 13775.0, "MEDICAB.MX": 5653.860168457031, "GFMULTIO.MX": 4390.0, "GNP.MX": 2856.0, "GRUMAB.MX": 2991.6000366210938, "MFRISCOA-1.MX": 2651.760070800781, "ALPEKA.MX": 2087.0500679016113, "TLEVISACPO.MX": 1986.6600494384766, "AEROMEX.MX": 1601.0400085449219, "GMD.MX": 826.5, "TEAKCPO.MX": 811.1999816894531, "AXTELCPO.MX": 748.4399943351746, "TMMA.MX": 421.96000146865845, "VESTA.MX": 414.1200103759765, "ASURB.MX": 358.07000732421875, "LABB.MX": 389.88000869750977, "HOMEX.MX": 352.43799275159836}, "pct": {"ACCELSAB.MX": 0.5768255094459085, "PASAB.MX": 0.13775608955405708, "MEDICAB.MX": 0.05654110110287354, "GFMULTIO.MX": 0.04390194069998625, "GNP.MX": 0.028561262560173287, "GRUMAB.MX": 0.02991732287148427, "MFRISCOA-1.MX": 0.02651877297924538, "ALPEKA.MX": 0.0208714233072708, "TLEVISACPO.MX": 0.019867478742933882, "AEROMEX.MX": 0.01601110786183249, "GMD.MX": 0.008265365373243424, "TEAKCPO.MX": 0.008112358426414647, "AXTELCPO.MX": 0.007484730808382888, "TMMA.MX": 0.004219786551763817, "VESTA.MX": 0.004141383174989479, "ASURB.MX": 0.0035808583662850784, "LABB.MX": 0.00389897244235722, "HOMEX.MX": 0.0035245357307979166}}