{"allocation": {"ACCELSAB.MX": 2010, "GBMO.MX": 1431, "GFMULTIO.MX": 1445, "PASAB.MX": 646, "WMT.MX": 4, "MEDICAB.MX": 135, "TS.MX": 11, "ARA.MX": 374, "BACHOCOB.MX": 29, "GCARSOA1.MX": 36, "MONEXB.MX": 166, "VITROA.MX": 36, "AXTELCPO.MX": 429, "AMXL.MX": 20}, "qty": {"ACCELSAB.MX": 27155.10046005249, "GBMO.MX": 18889.19972705841, "GFMULTIO.MX": 18785.0, "PASAB.MX": 15497.539852142334, "WMT.MX": 7404.0, "MEDICAB.MX": 4779.000205993652, "TS.MX": 3443.0, "ARA.MX": 2528.2400856018066, "BACHOCOB.MX": 2436.579902648926, "GCARSOA1.MX": 2234.519989013672, "MONEXB.MX": 1968.7599430084229, "VITROA.MX": 1967.759994506836, "AXTELCPO.MX": 1600.1700081825256, "AMXL.MX": 300.79999923706055}, "pct": {"ACCELSAB.MX": 0.2491529740234353, "GBMO.MX": 0.1733118349476424, "GFMULTIO.MX": 0.17235578354480466, "PASAB.MX": 0.14219274017741965, "WMT.MX": 0.06793304345838348, "MEDICAB.MX": 0.04384819404124668, "TS.MX": 0.03159014973355137, "ARA.MX": 0.02319706153544229, "BACHOCOB.MX": 0.022356062725077428, "GCARSOA1.MX": 0.020502126353632136, "MONEXB.MX": 0.0180637297092809, "VITROA.MX": 0.018054555000337834, "AXTELCPO.MX": 0.014681850176481005, "AMXL.MX": 0.0027598945732648502}}