{"allocation": {"ACCELSAB.MX": 4826, "PASAB.MX": 726, "GFMULTIO.MX": 456, "MEDICAB.MX": 151, "BAFARB.MX": 139, "TEAKCPO.MX": 304, "ARA.MX": 418, "GRUMAB.MX": 12, "VALUEGFO.MX": 15, "FRES.MX": 6, "ICHB.MX": 16, "AXTELCPO.MX": 272, "MONEXB.MX": 19}, "qty": {"ACCELSAB.MX": 54678.57963180543, "PASAB.MX": 16698.0, "GFMULTIO.MX": 5928.0, "MEDICAB.MX": 5736.490253448486, "BAFARB.MX": 5283.389766693115, "TEAKCPO.MX": 4742.400115966798, "ARA.MX": 2913.45991230011, "GRUMAB.MX": 2894.880065917969, "VALUEGFO.MX": 1725.0, "FRES.MX": 1545.0, "ICHB.MX": 1413.280029296875, "AXTELCPO.MX": 1052.6399688720703, "MONEXB.MX": 283.09999275207514}, "pct": {"ACCELSAB.MX": 0.521273524593374, "PASAB.MX": 0.15918894331697464, "GFMULTIO.MX": 0.056514076894420034, "MEDICAB.MX": 0.05468833523742895, "BAFARB.MX": 0.05036874081276765, "TEAKCPO.MX": 0.0452112626210955, "ARA.MX": 0.027775218878633375, "GRUMAB.MX": 0.02759808951508297, "VALUEGFO.MX": 0.016445138772414738, "FRES.MX": 0.014729124291814938, "ICHB.MX": 0.013473383307866361, "AXTELCPO.MX": 0.010035252385792188, "MONEXB.MX": 0.002698909372334772}}