{"allocation": {"ACCELSAB.MX": 6667, "PASAB.MX": 367, "GNP.MX": 109, "GFMULTIO.MX": 290, "MEDICAB.MX": 93, "DINEA.MX": 215, "ALPEKA.MX": 63, "BIMBOA.MX": 36, "HERDEZ.MX": 30, "VALUEGFO.MX": 9, "MFRISCOA-1.MX": 137, "ARA.MX": 116}, "qty": {"ACCELSAB.MX": 69336.79745674132, "PASAB.MX": 8771.299860000612, "GNP.MX": 3924.0, "GFMULTIO.MX": 3770.0, "MEDICAB.MX": 3580.5, "DINEA.MX": 2365.0, "ALPEKA.MX": 1874.25, "BIMBOA.MX": 1370.1600494384766, "HERDEZ.MX": 1182.9000091552734, "VALUEGFO.MX": 1098.0, "MFRISCOA-1.MX": 1028.8700313568115, "ARA.MX": 747.0400066375732}, "pct": {"ACCELSAB.MX": 0.7000265047829831, "PASAB.MX": 0.08855532139670114, "GNP.MX": 0.03961682837287369, "GFMULTIO.MX": 0.03806203949177722, "MEDICAB.MX": 0.036148841485492925, "DINEA.MX": 0.02387711495969579, "ALPEKA.MX": 0.01892248740516272, "BIMBOA.MX": 0.013833179286945019, "HERDEZ.MX": 0.011942595984957997, "VALUEGFO.MX": 0.011085442801583922, "MFRISCOA-1.MX": 0.010387504447058098, "ARA.MX": 0.00754213958476839}}