{"allocation": {"ACCELSAB.MX": 2605, "ACTINVRB.MX": 1158, "PASAB.MX": 565, "TEAKCPO.MX": 521, "GFMULTIO.MX": 551, "GRUMAB.MX": 27, "MEDICAB.MX": 126, "ALPEKA.MX": 162, "VALUEGFO.MX": 45, "WMT.MX": 2, "BAFARB.MX": 83, "ICHB.MX": 20, "FRES.MX": 4, "MONEXB.MX": 49, "AXTELCPO.MX": 140, "SIMECB.MX": 3, "BBVA.MX": 2}, "qty": {"ACCELSAB.MX": 31338.149304389954, "ACTINVRB.MX": 15864.599779129028, "PASAB.MX": 13560.0, "TEAKCPO.MX": 7299.2101192474365, "GFMULTIO.MX": 7163.0, "GRUMAB.MX": 6535.350082397461, "MEDICAB.MX": 4692.240211486816, "ALPEKA.MX": 4566.780086517334, "VALUEGFO.MX": 4410.0, "WMT.MX": 3672.0, "BAFARB.MX": 3195.5, "ICHB.MX": 1494.6000671386719, "FRES.MX": 960.0, "MONEXB.MX": 581.1399831771851, "AXTELCPO.MX": 534.7999906539917, "SIMECB.MX": 163.0800018310547, "BBVA.MX": 239.17999267578125}, "pct": {"ACCELSAB.MX": 0.29489280631586734, "ACTINVRB.MX": 0.14928629972702595, "PASAB.MX": 0.12759995540269517, "TEAKCPO.MX": 0.06868575853177539, "GFMULTIO.MX": 0.06740401773963905, "GRUMAB.MX": 0.06149781556452185, "MEDICAB.MX": 0.044154103372009645, "ALPEKA.MX": 0.04297352030778232, "VALUEGFO.MX": 0.041498215584504845, "WMT.MX": 0.03455361624179179, "BAFARB.MX": 0.030069738752899148, "ICHB.MX": 0.014064225804702046, "FRES.MX": 0.009033625161252756, "MONEXB.MX": 0.005468542473166065, "AXTELCPO.MX": 0.005032481928968373, "SIMECB.MX": 0.0015345870914980845, "BBVA.MX": 0.0022506899999001954}}