{"allocation": {"ACCELSAB.MX": 2257, "ACTINVRB.MX": 1627, "PASAB.MX": 630, "GFMULTIO.MX": 756, "GNP.MX": 210, "MEDICAB.MX": 188, "FRAGUAB.MX": 20, "GRUMAB.MX": 16, "BACHOCOB.MX": 45, "TS.MX": 7, "ICHB.MX": 17, "LAMOSA.MX": 29, "GMD.MX": 45, "GCARSOA1.MX": 13, "PE&OLES.MX": 3, "AXTELCPO.MX": 41}, "qty": {"ACCELSAB.MX": 31710.850430488586, "ACTINVRB.MX": 21151.0, "PASAB.MX": 13860.0, "GFMULTIO.MX": 9828.0, "GNP.MX": 7560.0, "MEDICAB.MX": 6016.0, "FRAGUAB.MX": 5260.0, "GRUMAB.MX": 3392.0, "BACHOCOB.MX": 3352.950096130371, "TS.MX": 2191.0, "ICHB.MX": 1238.6200103759766, "LAMOSA.MX": 1160.0, "GMD.MX": 963.9000034332275, "GCARSOA1.MX": 777.1399841308595, "PE&OLES.MX": 858.8999633789062, "AXTELCPO.MX": 135.70999765396118}, "pct": {"ACCELSAB.MX": 0.2897130354653359, "ACTINVRB.MX": 0.19323734084519492, "PASAB.MX": 0.12662614269369776, "GFMULTIO.MX": 0.08978944663734933, "GNP.MX": 0.06906880510565333, "MEDICAB.MX": 0.054962689353916724, "FRAGUAB.MX": 0.048055808843351394, "GRUMAB.MX": 0.030989601444229645, "BACHOCOB.MX": 0.030632838190292354, "TS.MX": 0.020017162961175457, "ICHB.MX": 0.011316138108018603, "LAMOSA.MX": 0.010597858984465327, "GMD.MX": 0.008806272682337059, "GCARSOA1.MX": 0.007100017209490061, "PE&OLES.MX": 0.007846983356596622, "AXTELCPO.MX": 0.001239858118895518}}