{"allocation": {"ACCELSAB.MX": 6652, "BAFARB.MX": 282, "PASAB.MX": 220, "MEDICAB.MX": 78, "WMT.MX": 2, "HERDEZ.MX": 58, "BIMBOA.MX": 59, "MFRISCOA-1.MX": 139, "CREAL.MX": 39, "TS.MX": 1, "LABB.MX": 20, "TLEVISACPO.MX": 3}, "qty": {"ACCELSAB.MX": 68848.20253753664, "BAFARB.MX": 10671.42544555664, "PASAB.MX": 5324.00016784668, "MEDICAB.MX": 3104.3999404907227, "WMT.MX": 3204.0, "HERDEZ.MX": 2667.420097351074, "BIMBOA.MX": 2347.019927978516, "MFRISCOA-1.MX": 1487.299973487854, "CREAL.MX": 1018.6800327301025, "TS.MX": 346.79998779296875, "LABB.MX": 394.00001525878906, "TLEVISACPO.MX": 173.49000549316406}, "pct": {"ACCELSAB.MX": 0.6913390661175141, "BAFARB.MX": 0.10715709386387375, "PASAB.MX": 0.05346093533875293, "MEDICAB.MX": 0.031172824803145722, "WMT.MX": 0.03217295856972955, "HERDEZ.MX": 0.02678489272164172, "BIMBOA.MX": 0.023567595163914615, "MFRISCOA-1.MX": 0.014934719234639383, "CREAL.MX": 0.010229073186278505, "TS.MX": 0.0034823912731728767, "LABB.MX": 0.003956350239511183, "TLEVISACPO.MX": 0.001742099487825755}}