{"allocation": {"GFMULTIO.MX": 1320, "BAFARB.MX": 411, "MEDICAB.MX": 475, "POCHTECB.MX": 1956, "ACCELSAB.MX": 624, "WMT.MX": 6, "PASAB.MX": 536, "MEGACPO.MX": 74, "FRES.MX": 14, "GISSAA.MX": 101, "CYDSASAA.MX": 68, "GRUMAB.MX": 10, "LALAB.MX": 76, "TS.MX": 7, "KUOB.MX": 33, "SIMECB.MX": 20, "VOLARA.MX": 28, "GFINBURO.MX": 4}, "qty": {"GFMULTIO.MX": 17160.0, "BAFARB.MX": 16851.0, "MEDICAB.MX": 13300.0, "POCHTECB.MX": 12811.800373077393, "ACCELSAB.MX": 12729.599761962892, "WMT.MX": 11322.0, "PASAB.MX": 10559.200408935547, "MEGACPO.MX": 6665.179977416992, "FRES.MX": 2909.9000854492183, "GISSAA.MX": 2151.2999229431152, "CYDSASAA.MX": 2040.0, "GRUMAB.MX": 1981.9999694824219, "LALAB.MX": 1916.7199478149412, "TS.MX": 1761.0600128173828, "KUOB.MX": 1478.399974822998, "SIMECB.MX": 1120.4000091552734, "VOLARA.MX": 462.2800064086914, "GFINBURO.MX": 107.55999755859376}, "pct": {"GFMULTIO.MX": 0.14625614884801846, "BAFARB.MX": 0.14362251539848245, "MEDICAB.MX": 0.1133570384428115, "POCHTECB.MX": 0.10919607123402712, "ACCELSAB.MX": 0.10849546838935577, "WMT.MX": 0.09649837513154225, "PASAB.MX": 0.0899969689233878, "MEGACPO.MX": 0.0568078994682944, "FRES.MX": 0.02480132750759455, "GISSAA.MX": 0.018335713388502265, "CYDSASAA.MX": 0.0173870946182959, "GRUMAB.MX": 0.016892755393554143, "LALAB.MX": 0.016336368181094883, "TS.MX": 0.015009665231055503, "KUOB.MX": 0.012600529532320463, "SIMECB.MX": 0.009549265181138397, "VOLARA.MX": 0.003940052064497232, "GFINBURO.MX": 0.0009167430660269342}}