{"allocation": {"ACCELSAB.MX": 2356, "ACTINVRB.MX": 1423, "PASAB.MX": 625, "GFMULTIO.MX": 910, "MEDICAB.MX": 347, "FRAGUAB.MX": 17, "BIMBOA.MX": 104, "TS.MX": 10, "ALPEKA.MX": 111, "ICHB.MX": 25, "AXTELCPO.MX": 416, "CERAMICB.MX": 13, "LAMOSA.MX": 17, "MFRISCOA-1.MX": 90, "TLEVISACPO.MX": 5}, "qty": {"ACCELSAB.MX": 33690.80044937134, "ACTINVRB.MX": 17787.5, "PASAB.MX": 12374.999523162842, "GFMULTIO.MX": 11830.0, "MEDICAB.MX": 11798.0, "FRAGUAB.MX": 4590.0, "BIMBOA.MX": 4071.6001586914062, "TS.MX": 3130.0, "ALPEKA.MX": 2669.5499153137207, "ICHB.MX": 2124.7499465942383, "AXTELCPO.MX": 1235.5200119018552, "CERAMICB.MX": 663.0, "LAMOSA.MX": 612.0, "MFRISCOA-1.MX": 467.9999828338623, "TLEVISACPO.MX": 246.70000076293945}, "pct": {"ACCELSAB.MX": 0.31400913925644447, "ACTINVRB.MX": 0.16578524374680534, "PASAB.MX": 0.11533899155666348, "GFMULTIO.MX": 0.11025942001544384, "MEDICAB.MX": 0.10996116968235049, "FRAGUAB.MX": 0.04278028215307584, "BIMBOA.MX": 0.0379486282360189, "TS.MX": 0.029172610705692242, "ALPEKA.MX": 0.024881067232862895, "ICHB.MX": 0.01980335560349332, "AXTELCPO.MX": 0.011515445471662961, "CERAMICB.MX": 0.006179374088777622, "LAMOSA.MX": 0.0057040376204101125, "MFRISCOA-1.MX": 0.00436191096149614, "TLEVISACPO.MX": 0.002299323668802304}}