{"allocation": {"BAFARB.MX": 591, "GFMULTIO.MX": 1293, "ACCELSAB.MX": 814, "MEDICAB.MX": 452, "WMT.MX": 7, "CULTIBAB.MX": 521, "GENTERA.MX": 362, "ORBIA.MX": 94, "VALUEGFO.MX": 39, "MONEXB.MX": 215, "SORIANAB.MX": 80, "MEGACPO.MX": 22, "TS.MX": 5, "RCENTROA.MX": 136, "AMXL.MX": 56, "FRAGUAB.MX": 2}, "qty": {"BAFARB.MX": 23935.5, "GFMULTIO.MX": 16809.0, "ACCELSAB.MX": 14570.599689483643, "MEDICAB.MX": 14021.04020690918, "WMT.MX": 12950.0, "CULTIBAB.MX": 7841.050099372864, "GENTERA.MX": 5049.8999309539795, "ORBIA.MX": 4801.520172119141, "VALUEGFO.MX": 4251.0, "MONEXB.MX": 3010.0, "SORIANAB.MX": 2157.599945068359, "MEGACPO.MX": 1891.560073852539, "TS.MX": 1565.0, "RCENTROA.MX": 1360.0, "AMXL.MX": 857.3600234985352, "FRAGUAB.MX": 520.0}, "pct": {"BAFARB.MX": 0.2070703865491202, "GFMULTIO.MX": 0.1454177321344514, "ACCELSAB.MX": 0.12605292180877226, "MEDICAB.MX": 0.12129858225085917, "WMT.MX": 0.11203281760611253, "CULTIBAB.MX": 0.06783435796319927, "GENTERA.MX": 0.0436876075593581, "ORBIA.MX": 0.04153882885521959, "VALUEGFO.MX": 0.03677617819641578, "MONEXB.MX": 0.026040060308447775, "SORIANAB.MX": 0.01866579159172215, "MEGACPO.MX": 0.01636423202663523, "TS.MX": 0.013539101123827498, "RCENTROA.MX": 0.011765608644348497, "AMXL.MX": 0.007417178311612644, "FRAGUAB.MX": 0.004498615069897955}}