{"allocation": {"BAFARB.MX": 605, "WMT.MX": 6, "GFMULTIO.MX": 900, "MEDICAB.MX": 365, "ACCELSAB.MX": 375, "GNP.MX": 188, "CERAMICB.MX": 148, "VALUEGFO.MX": 62, "ALPEKA.MX": 210, "KUOB.MX": 92, "GFINBURO.MX": 121, "GCARSOA1.MX": 42, "HERDEZ.MX": 72, "FRAGUAB.MX": 11, "TS.MX": 11, "LALAB.MX": 103, "AMXL.MX": 154, "MONEXB.MX": 101, "ORBIA.MX": 19}, "qty": {"BAFARB.MX": 24805.0, "WMT.MX": 11940.0, "GFMULTIO.MX": 11700.0, "MEDICAB.MX": 9453.499860763552, "ACCELSAB.MX": 7987.499713897705, "GNP.MX": 7350.799713134765, "CERAMICB.MX": 7104.0, "VALUEGFO.MX": 7006.0, "ALPEKA.MX": 4645.200176239014, "KUOB.MX": 4450.960098266602, "GFINBURO.MX": 3146.0, "GCARSOA1.MX": 3029.4598846435547, "HERDEZ.MX": 2890.8001098632812, "FRAGUAB.MX": 2861.649932861328, "TS.MX": 2767.3800201416016, "LALAB.MX": 2352.5200157165527, "AMXL.MX": 2123.659994125366, "MONEXB.MX": 1364.5100231170654, "ORBIA.MX": 779.1899681091309}, "pct": {"BAFARB.MX": 0.2106436311703499, "WMT.MX": 0.10139427358089005, "GFMULTIO.MX": 0.09935619773001789, "MEDICAB.MX": 0.08027895738518974, "ACCELSAB.MX": 0.0678297094822634, "GNP.MX": 0.06242286408307491, "CERAMICB.MX": 0.06032704518581599, "VALUEGFO.MX": 0.05949483088004319, "ALPEKA.MX": 0.039446959590249346, "KUOB.MX": 0.03779747620613644, "GFINBURO.MX": 0.026715777611849255, "GCARSOA1.MX": 0.02572612096699164, "HERDEZ.MX": 0.024548624556712275, "FRAGUAB.MX": 0.0243010817575609, "TS.MX": 0.023500543288486313, "LALAB.MX": 0.019977559303022103, "AMXL.MX": 0.018034083956209274, "MONEXB.MX": 0.011587395526616277, "ORBIA.MX": 0.006616867738521123}}