{"allocation": {"BAFARB.MX": 908, "ACTINVRB.MX": 1457, "GNP.MX": 248, "ANB.MX": 4, "MEDICAB.MX": 335, "ALPEKA.MX": 251, "FRAGUAB.MX": 21, "ACCELSAB.MX": 222, "VALUEGFO.MX": 55, "AMXL.MX": 267, "MONEXB.MX": 286, "GISSAA.MX": 150, "LABB.MX": 97, "CYDSASAA.MX": 41}, "qty": {"BAFARB.MX": 37682.0, "ACTINVRB.MX": 18066.799444198605, "GNP.MX": 9920.0, "ANB.MX": 7676.31982421875, "MEDICAB.MX": 7165.6497955322275, "ALPEKA.MX": 5185.659961700439, "FRAGUAB.MX": 5040.0, "ACCELSAB.MX": 4728.599830627441, "VALUEGFO.MX": 4592.5, "AMXL.MX": 3599.1598777770996, "MONEXB.MX": 3432.0, "GISSAA.MX": 2850.0, "LABB.MX": 1695.5599555969238, "CYDSASAA.MX": 981.9500312805176}, "pct": {"BAFARB.MX": 0.33460550460753596, "ACTINVRB.MX": 0.16042807029003833, "GNP.MX": 0.08808679490756215, "ANB.MX": 0.068163549395243, "MEDICAB.MX": 0.06362894394339334, "ALPEKA.MX": 0.04604719410349427, "FRAGUAB.MX": 0.04475377483206786, "ACCELSAB.MX": 0.0419886293831061, "VALUEGFO.MX": 0.040780101372276126, "AMXL.MX": 0.03195952197512881, "MONEXB.MX": 0.030475189528503355, "GISSAA.MX": 0.025307194101466948, "LABB.MX": 0.015056092949812642, "CYDSASAA.MX": 0.008719438610371087}}