{"allocation": {"GNP.MX": 424, "FRAGUAB.MX": 74, "GFMULTIO.MX": 968, "ACCELSAB.MX": 511, "MEDICAB.MX": 378, "MEGACPO.MX": 114, "CERAMICB.MX": 155, "ANB.MX": 4, "ACTINVRB.MX": 542, "MONEXB.MX": 337, "AMXL.MX": 252, "BACHOCOB.MX": 44, "FRES.MX": 21, "FEMSAUBD.MX": 13, "VESTA.MX": 62, "GFINBURO.MX": 73, "PINFRA.MX": 3}, "qty": {"GNP.MX": 17384.0, "FRAGUAB.MX": 16280.739593505861, "GFMULTIO.MX": 12584.0, "ACCELSAB.MX": 10271.10019493103, "MEDICAB.MX": 7934.219913482666, "MEGACPO.MX": 7893.359756469727, "CERAMICB.MX": 7432.250118255615, "ANB.MX": 6210.1201171875, "ACTINVRB.MX": 5582.600103378296, "MONEXB.MX": 4064.2201414108276, "AMXL.MX": 3780.0, "BACHOCOB.MX": 3726.360107421875, "FRES.MX": 3077.1299743652344, "FEMSAUBD.MX": 2307.239944458008, "VESTA.MX": 2044.1400756835938, "GFINBURO.MX": 1694.329933166504, "PINFRA.MX": 560.8200073242188}, "pct": {"GNP.MX": 0.15407710044092565, "FRAGUAB.MX": 0.14429873156932568, "GFMULTIO.MX": 0.11153395259713578, "ACCELSAB.MX": 0.0910343612731937, "MEDICAB.MX": 0.07032222725092391, "MEGACPO.MX": 0.0699600773132735, "CERAMICB.MX": 0.06587319074853612, "ANB.MX": 0.05504126214025031, "ACTINVRB.MX": 0.04947945448974572, "MONEXB.MX": 0.03602181632203113, "AMXL.MX": 0.03350272892698452, "BACHOCOB.MX": 0.033027310201926986, "FRES.MX": 0.027273082382078647, "FEMSAUBD.MX": 0.020449427097536367, "VESTA.MX": 0.018117531969421445, "GFINBURO.MX": 0.01501711017559608, "PINFRA.MX": 0.004970635101114491}}