{"allocation": {"ACTINVRB.MX": 2238, "BAFARB.MX": 521, "GNP.MX": 320, "ACCELSAB.MX": 562, "FRAGUAB.MX": 38, "TEAKCPO.MX": 847, "MEDICAB.MX": 251, "RCENTROA.MX": 551, "MONEXB.MX": 265, "CYDSASAA.MX": 103, "GFMULTIO.MX": 150, "KUOB.MX": 40, "VALUEGFO.MX": 14, "GFINBURO.MX": 33, "MEGACPO.MX": 11, "MFRISCOA-1.MX": 303}, "qty": {"ACTINVRB.MX": 29071.61948776245, "BAFARB.MX": 21621.5, "GNP.MX": 12800.0, "ACCELSAB.MX": 11970.599571228027, "FRAGUAB.MX": 9689.620208740236, "TEAKCPO.MX": 8207.429644584656, "MEDICAB.MX": 5898.5, "RCENTROA.MX": 4959.0, "MONEXB.MX": 3259.5000505447388, "CYDSASAA.MX": 2734.6499214172363, "GFMULTIO.MX": 1950.0, "KUOB.MX": 1918.800048828125, "VALUEGFO.MX": 1141.0, "GFINBURO.MX": 916.0800075531007, "MEGACPO.MX": 896.9400100708008, "MFRISCOA-1.MX": 875.670031785965}, "pct": {"ACTINVRB.MX": 0.2465558084373126, "BAFARB.MX": 0.18337149790954618, "GNP.MX": 0.10855653739297418, "ACCELSAB.MX": 0.10152240937268249, "FRAGUAB.MX": 0.08217747019639278, "TEAKCPO.MX": 0.06960704243066866, "MEDICAB.MX": 0.050025057485348294, "RCENTROA.MX": 0.04205717726029366, "MONEXB.MX": 0.02764375305620009, "CYDSASAA.MX": 0.02319250987898626, "GFMULTIO.MX": 0.016537909993460907, "KUOB.MX": 0.01627330384767586, "VALUEGFO.MX": 0.009676797591045588, "GFINBURO.MX": 0.007769255749601112, "MEGACPO.MX": 0.007606929823633243, "MFRISCOA-1.MX": 0.007426539574178124}}