{"allocation": {"POCHTECB.MX": 2471, "WMT.MX": 5, "BAFARB.MX": 306, "GNP.MX": 309, "MEGACPO.MX": 144, "GFMULTIO.MX": 814, "MEDICAB.MX": 464, "FRAGUAB.MX": 26, "BACHOCOB.MX": 58, "ACCELSAB.MX": 210, "KUOB.MX": 70, "VALUEGFO.MX": 36, "MONEXB.MX": 131, "VOLARA.MX": 67, "GCARSOA1.MX": 19, "AZTECACPO.MX": 956, "CMOCTEZ.MX": 13}, "qty": {"POCHTECB.MX": 17297.0, "WMT.MX": 11714.25048828125, "BAFARB.MX": 12699.0, "GNP.MX": 12360.0, "MEGACPO.MX": 11443.68017578125, "GFMULTIO.MX": 10582.0, "MEDICAB.MX": 9836.800354003906, "FRAGUAB.MX": 5980.0, "BACHOCOB.MX": 5037.880035400391, "ACCELSAB.MX": 4200.0, "KUOB.MX": 3394.300117492676, "VALUEGFO.MX": 3348.0, "MONEXB.MX": 1572.0, "VOLARA.MX": 1317.8900051116943, "GCARSOA1.MX": 1100.6700057983398, "AZTECACPO.MX": 922.5399749279023, "CMOCTEZ.MX": 754.0}, "pct": {"POCHTECB.MX": 0.15231594135824145, "WMT.MX": 0.10315471413706413, "BAFARB.MX": 0.11182633631891706, "GNP.MX": 0.1088411305537298, "MEGACPO.MX": 0.10077209450059359, "GFMULTIO.MX": 0.09318421064074181, "MEDICAB.MX": 0.08662204462468566, "FRAGUAB.MX": 0.05265938193457154, "BACHOCOB.MX": 0.044363151994097315, "ACCELSAB.MX": 0.03698485018816061, "KUOB.MX": 0.02988992412836252, "VALUEGFO.MX": 0.02948220914999089, "MONEXB.MX": 0.01384290107042583, "VOLARA.MX": 0.011605229619888153, "GCARSOA1.MX": 0.009692408397869874, "AZTECACPO.MX": 0.00812381018221379, "CMOCTEZ.MX": 0.0066396612004459765}}