{"allocation": {"BAFARB.MX": 735, "ACTINVRB.MX": 1207, "GNP.MX": 296, "FRAGUAB.MX": 37, "BACHOCOB.MX": 79, "ANB.MX": 4, "MEDICAB.MX": 263, "ACCELSAB.MX": 235, "GFMULTIO.MX": 344, "CULTIBAB.MX": 364, "MONEXB.MX": 348, "MEGACPO.MX": 39, "ALPEKA.MX": 136, "GISSAA.MX": 110, "FRES.MX": 10, "VALUEGFO.MX": 15, "ICHB.MX": 13, "HOMEX.MX": 10608, "GRUMAB.MX": 1}, "qty": {"BAFARB.MX": 30502.5, "ACTINVRB.MX": 14230.529953956604, "GNP.MX": 12136.0, "FRAGUAB.MX": 8510.0, "BACHOCOB.MX": 6824.0197830200195, "ANB.MX": 6194.39990234375, "MEDICAB.MX": 5654.5, "ACCELSAB.MX": 4723.500089645386, "GFMULTIO.MX": 4472.0, "CULTIBAB.MX": 4368.0, "MONEXB.MX": 4176.0, "MEGACPO.MX": 3082.169952392578, "ALPEKA.MX": 2817.9199066162105, "GISSAA.MX": 2638.899974822998, "FRES.MX": 1770.0, "VALUEGFO.MX": 1275.0, "ICHB.MX": 1072.8899841308594, "HOMEX.MX": 869.8560240268707, "GRUMAB.MX": 201.8500061035156}, "pct": {"BAFARB.MX": 0.26404510566180533, "ACTINVRB.MX": 0.12318668257736111, "GNP.MX": 0.10505536930781639, "FRAGUAB.MX": 0.0736668748195054, "BACHOCOB.MX": 0.059072175219925284, "ANB.MX": 0.053621866297052116, "MEDICAB.MX": 0.048948218997284756, "ACCELSAB.MX": 0.0408890117290046, "GFMULTIO.MX": 0.03871189943511494, "CULTIBAB.MX": 0.03781162270406575, "MONEXB.MX": 0.03614957335443649, "MEGACPO.MX": 0.026680825858442416, "ALPEKA.MX": 0.0243933434796814, "GISSAA.MX": 0.022843656181725232, "FRES.MX": 0.015322017441894778, "VALUEGFO.MX": 0.01103704646238183, "ICHB.MX": 0.009287479689314823, "HOMEX.MX": 0.007529914786484156, "GRUMAB.MX": 0.0017473159967031826}}