{"allocation": {"BAFARB.MX": 710, "ACCELSAB.MX": 796, "MEDICAB.MX": 438, "GBMO.MX": 1001, "WMT.MX": 4, "CULTIBAB.MX": 444, "ORBIA.MX": 129, "VALUEGFO.MX": 52, "MEGACPO.MX": 52, "FRES.MX": 13, "AXTELCPO.MX": 849, "MONEXB.MX": 154, "RCENTROA.MX": 230, "TS.MX": 8, "CYDSASAA.MX": 67, "KUOB.MX": 2}, "qty": {"BAFARB.MX": 28755.0, "ACCELSAB.MX": 15840.399696350101, "MEDICAB.MX": 13096.199832916262, "GBMO.MX": 13013.0, "WMT.MX": 7665.83984375, "CULTIBAB.MX": 6660.0, "ORBIA.MX": 6025.589881896973, "VALUEGFO.MX": 5330.0, "MEGACPO.MX": 4578.600158691406, "FRES.MX": 2860.0, "AXTELCPO.MX": 2360.219975709915, "MONEXB.MX": 2279.200029373169, "RCENTROA.MX": 2230.9999561309814, "TS.MX": 2012.6400146484375, "CYDSASAA.MX": 1777.510046005249, "KUOB.MX": 85.5}, "pct": {"BAFARB.MX": 0.25098040023920026, "ACCELSAB.MX": 0.13825873259394383, "MEDICAB.MX": 0.11430671103035545, "GBMO.MX": 0.11358052332855896, "WMT.MX": 0.06690925237885527, "CULTIBAB.MX": 0.05813004575180225, "ORBIA.MX": 0.052592765092532696, "VALUEGFO.MX": 0.04652149307163753, "MEGACPO.MX": 0.039963098604195266, "FRES.MX": 0.02496275237990307, "AXTELCPO.MX": 0.020600554830680927, "MONEXB.MX": 0.01989339369143714, "RCENTROA.MX": 0.01947269212044486, "TS.MX": 0.017566795215228474, "CYDSASAA.MX": 0.015514525570356343, "KUOB.MX": 0.0007462641008677315}}