{"allocation": {"POCHTECB.MX": 2427, "BAFARB.MX": 365, "WMT.MX": 6, "GFMULTIO.MX": 875, "MEDICAB.MX": 550, "GNP.MX": 258, "MEGACPO.MX": 116, "FRAGUAB.MX": 22, "ACCELSAB.MX": 199, "BACHOCOB.MX": 44, "VALUEGFO.MX": 35, "LABB.MX": 125, "KUOB.MX": 44, "GCARSOA1.MX": 31, "MONEXB.MX": 138, "VOLARA.MX": 74, "AZTECACPO.MX": 515, "RCENTROA.MX": 52, "GFINBURO.MX": 10, "ICHB.MX": 1}, "qty": {"POCHTECB.MX": 16964.729444503784, "BAFARB.MX": 15147.5, "WMT.MX": 13818.0, "GFMULTIO.MX": 11375.0, "MEDICAB.MX": 11000.0, "GNP.MX": 10320.0, "MEGACPO.MX": 9491.11996459961, "FRAGUAB.MX": 4840.0, "ACCELSAB.MX": 4111.33996963501, "BACHOCOB.MX": 4032.600067138672, "VALUEGFO.MX": 3482.5, "LABB.MX": 2098.750114440918, "KUOB.MX": 2055.239959716797, "GCARSOA1.MX": 1787.150047302246, "MONEXB.MX": 1656.0, "VOLARA.MX": 1314.2400169372559, "AZTECACPO.MX": 571.6500073671341, "RCENTROA.MX": 294.3199920654297, "GFINBURO.MX": 247.70000457763672, "ICHB.MX": 68.37999725341797}, "pct": {"POCHTECB.MX": 0.1479358973099881, "BAFARB.MX": 0.13208928629445582, "WMT.MX": 0.12049577540959172, "GFMULTIO.MX": 0.09919231764973989, "MEDICAB.MX": 0.09592224124370452, "GNP.MX": 0.08999250269409369, "MEGACPO.MX": 0.08276449990156945, "FRAGUAB.MX": 0.04220578614722999, "ACCELSAB.MX": 0.035851722218383106, "BACHOCOB.MX": 0.03516509422540497, "VALUEGFO.MX": 0.030368109557381905, "LABB.MX": 0.01830152861705947, "KUOB.MX": 0.017922111202696014, "GCARSOA1.MX": 0.015584312543274907, "MONEXB.MX": 0.014440657409052243, "VOLARA.MX": 0.011460440723344161, "AZTECACPO.MX": 0.004984904537603246, "RCENTROA.MX": 0.002566530298340486, "GFINBURO.MX": 0.002159994508651162, "ICHB.MX": 0.00059628750843511}}