{"allocation": {"BAFARB.MX": 984, "WMT.MX": 6, "ACCELSAB.MX": 508, "MEDICAB.MX": 382, "GBMO.MX": 570, "VALUEGFO.MX": 53, "ORBIA.MX": 130, "HERDEZ.MX": 130, "AEROMEX.MX": 241, "ALPEKA.MX": 145, "TS.MX": 14, "GISSAA.MX": 150, "CERAMICB.MX": 60, "FRES.MX": 13, "MEGACPO.MX": 12, "ICHB.MX": 6, "LABB.MX": 17}, "qty": {"BAFARB.MX": 40344.0, "WMT.MX": 11757.3603515625, "ACCELSAB.MX": 10820.399612426758, "MEDICAB.MX": 9932.0, "GBMO.MX": 7352.999782562255, "VALUEGFO.MX": 5989.0, "ORBIA.MX": 5721.299781799316, "HERDEZ.MX": 5281.9001388549805, "AEROMEX.MX": 4682.630073547363, "ALPEKA.MX": 3381.3999557495117, "TS.MX": 3522.1200256347656, "GISSAA.MX": 3185.9999656677246, "CERAMICB.MX": 2880.0, "FRES.MX": 2702.0500793457027, "MEGACPO.MX": 1002.1200256347656, "ICHB.MX": 530.5800018310547, "LABB.MX": 259.0799961090088}, "pct": {"BAFARB.MX": 0.33804533372545326, "WMT.MX": 0.09851578434895791, "ACCELSAB.MX": 0.09066492162466708, "MEDICAB.MX": 0.0832209561412156, "GBMO.MX": 0.061611324245970725, "VALUEGFO.MX": 0.050182270069446255, "ORBIA.MX": 0.047939190315330976, "HERDEZ.MX": 0.044257428493549224, "AEROMEX.MX": 0.039236100682261604, "ALPEKA.MX": 0.028332998128608382, "TS.MX": 0.029512101910737814, "GISSAA.MX": 0.026695727286422482, "CERAMICB.MX": 0.02413173114042498, "FRES.MX": 0.02264067570928281, "MEGACPO.MX": 0.008396837162865956, "ICHB.MX": 0.004445768733567086, "LABB.MX": 0.00217085028123783}}