{"allocation": {"BAFARB.MX": 916, "WMT.MX": 5, "GFMULTIO.MX": 948, "AC.MX": 96, "GNP.MX": 179, "ACCELSAB.MX": 245, "ANB.MX": 4, "CYDSASAA.MX": 117, "AXTELCPO.MX": 916, "AEROMEX.MX": 258, "CREAL.MX": 140, "LABB.MX": 109, "SIMECB.MX": 33, "GCARSOA1.MX": 35, "BACHOCOB.MX": 24, "HOMEX.MX": 9396}, "qty": {"BAFARB.MX": 37556.0, "WMT.MX": 13500.0, "GFMULTIO.MX": 12229.199638366697, "AC.MX": 9178.56005859375, "GNP.MX": 7339.0, "ACCELSAB.MX": 4302.199869155884, "ANB.MX": 4134.64013671875, "CYDSASAA.MX": 2620.7999553680424, "AXTELCPO.MX": 2610.5999126434326, "AEROMEX.MX": 2469.059921264649, "CREAL.MX": 2462.6000213623047, "LABB.MX": 2056.8300914764404, "SIMECB.MX": 1848.0, "GCARSOA1.MX": 1629.9499893188477, "BACHOCOB.MX": 1619.5200805664062, "HOMEX.MX": 366.4440075606107}, "pct": {"BAFARB.MX": 0.3545580928706666, "WMT.MX": 0.12745058722318667, "GFMULTIO.MX": 0.11545323519847538, "AC.MX": 0.08665280513563409, "GNP.MX": 0.06928591552821978, "ACCELSAB.MX": 0.040616140716698834, "ANB.MX": 0.03903424543565641, "CYDSASAA.MX": 0.024742406911567292, "AXTELCPO.MX": 0.02464611050897817, "AEROMEX.MX": 0.02330986198921589, "CREAL.MX": 0.02324887546803391, "LABB.MX": 0.019418089109406896, "SIMECB.MX": 0.017446569273218443, "GCARSOA1.MX": 0.015388006169119554, "BACHOCOB.MX": 0.015289539650957857, "HOMEX.MX": 0.0034595188109642736}}