{"allocation": {"BAFARB.MX": 813, "FINAMEXO.MX": 878, "GFMULTIO.MX": 1804, "WMT.MX": 4, "ANB.MX": 5, "GENTERA.MX": 663, "MONEXB.MX": 262, "GISSAA.MX": 169, "SIMECB.MX": 36, "IENOVA.MX": 22, "AMXL.MX": 97, "ORBIA.MX": 30, "GNP.MX": 12, "FRAGUAB.MX": 5, "KUOB.MX": 13, "Q.MX": 6}, "qty": {"BAFARB.MX": 33333.0, "FINAMEXO.MX": 31608.0, "GFMULTIO.MX": 23271.59931182861, "WMT.MX": 12088.0, "ANB.MX": 6256.500244140625, "GENTERA.MX": 4760.339886188507, "MONEXB.MX": 3091.600049972534, "GISSAA.MX": 2873.0, "SIMECB.MX": 1667.5199890136719, "IENOVA.MX": 1409.9799194335938, "AMXL.MX": 1289.1299962997437, "ORBIA.MX": 1054.7999954223633, "GNP.MX": 1080.0, "FRAGUAB.MX": 1092.5, "KUOB.MX": 623.7399940490723, "Q.MX": 516.2400054931641}, "pct": {"BAFARB.MX": 0.2645141361936042, "FINAMEXO.MX": 0.25082539275815086, "GFMULTIO.MX": 0.1846718564129247, "WMT.MX": 0.09592436559290456, "ANB.MX": 0.04964847921501009, "GENTERA.MX": 0.03777569354642886, "MONEXB.MX": 0.024533402834265996, "GISSAA.MX": 0.0227987013855406, "SIMECB.MX": 0.013232610610491698, "IENOVA.MX": 0.011188900502184162, "AMXL.MX": 0.01022989552132994, "ORBIA.MX": 0.008370368993074853, "GNP.MX": 0.008570343716109938, "FRAGUAB.MX": 0.00866953750912047, "KUOB.MX": 0.004949690868967515, "Q.MX": 0.0040966243398915725}}