{"allocation": {"BAFARB.MX": 891, "GNP.MX": 429, "POCHTECB.MX": 1713, "FRAGUAB.MX": 51, "BACHOCOB.MX": 110, "KUOB.MX": 138, "GFMULTIO.MX": 348, "VESTA.MX": 119, "CULTIBAB.MX": 263, "HERDEZ.MX": 72, "ICHB.MX": 20, "IENOVA.MX": 11, "AC.MX": 6, "MFRISCOA-1.MX": 171}, "qty": {"BAFARB.MX": 35640.0, "GNP.MX": 19734.0, "POCHTECB.MX": 11203.019934654236, "FRAGUAB.MX": 11163.38996887207, "BACHOCOB.MX": 7431.5997314453125, "KUOB.MX": 6581.219810485839, "GFMULTIO.MX": 4489.199867248534, "VESTA.MX": 3604.510108947754, "CULTIBAB.MX": 2800.9498996734615, "HERDEZ.MX": 2527.9200439453125, "ICHB.MX": 1566.199951171875, "IENOVA.MX": 692.3399848937987, "AC.MX": 593.4600219726562, "MFRISCOA-1.MX": 256.244863986969}, "pct": {"BAFARB.MX": 0.3291343334666234, "GNP.MX": 0.18224289945651925, "POCHTECB.MX": 0.10345955384415592, "FRAGUAB.MX": 0.10309357229609144, "BACHOCOB.MX": 0.06863060112794586, "KUOB.MX": 0.060777368005656404, "GFMULTIO.MX": 0.04145762643393099, "VESTA.MX": 0.03328754299052259, "CULTIBAB.MX": 0.025866688504557533, "HERDEZ.MX": 0.02334526595737536, "ICHB.MX": 0.014463809680258507, "IENOVA.MX": 0.006393739042096312, "AC.MX": 0.0054805855435201434, "MFRISCOA-1.MX": 0.002366413650746257}}