{"allocation": {"BAFARB.MX": 1229, "ACCELSAB.MX": 654, "WMT.MX": 3, "FRAGUAB.MX": 43, "KUOB.MX": 127, "AC.MX": 57, "SORIANAB.MX": 290, "GNP.MX": 41, "ANB.MX": 3, "FRES.MX": 10, "MONEXB.MX": 306, "SIMECB.MX": 46, "MAXCOMA.MX": 1750, "AMXL.MX": 161, "BACHOCOB.MX": 30, "LABB.MX": 73, "GICSAB.MX": 384}, "qty": {"BAFARB.MX": 47931.0, "ACCELSAB.MX": 11772.0, "WMT.MX": 8789.25, "FRAGUAB.MX": 9374.0, "KUOB.MX": 5842.0, "AC.MX": 5263.949913024902, "SORIANAB.MX": 4695.100154876709, "GNP.MX": 4715.0, "ANB.MX": 3534.18017578125, "FRES.MX": 3192.9998779296875, "MONEXB.MX": 3090.600116729737, "SIMECB.MX": 2944.0, "MAXCOMA.MX": 2117.5000667572026, "AMXL.MX": 2078.5099754333496, "BACHOCOB.MX": 1992.5999450683594, "LABB.MX": 1373.129961013794, "GICSAB.MX": 1171.1999816894531}, "pct": {"BAFARB.MX": 0.3998347634326081, "ACCELSAB.MX": 0.09820063915062617, "WMT.MX": 0.07331888953913022, "FRAGUAB.MX": 0.07819680524957269, "KUOB.MX": 0.04873327675144054, "AC.MX": 0.043911250927279, "SORIANAB.MX": 0.039165973163871624, "GNP.MX": 0.03933197533088705, "ANB.MX": 0.029481715268025066, "FRES.MX": 0.026635629359545245, "MONEXB.MX": 0.025781422597847433, "SIMECB.MX": 0.02455850167001728, "MAXCOMA.MX": 0.01766393645574676, "AMXL.MX": 0.017338685700688687, "BACHOCOB.MX": 0.016622034333776375, "LABB.MX": 0.011454488600783975, "GICSAB.MX": 0.009770012468153752}}