{"allocation": {"BAFARB.MX": 790, "CMOCTEZ.MX": 232, "GNP.MX": 256, "FRAGUAB.MX": 43, "WMT.MX": 4, "GFMULTIO.MX": 495, "ACCELSAB.MX": 269, "VESTA.MX": 149, "HERDEZ.MX": 116, "ANB.MX": 3, "MONEXB.MX": 279, "ORBIA.MX": 64, "FRES.MX": 15, "CREAL.MX": 74, "BACHOCOB.MX": 12}, "qty": {"BAFARB.MX": 32390.0, "CMOCTEZ.MX": 13374.800354003906, "GNP.MX": 10496.0, "FRAGUAB.MX": 10201.75, "WMT.MX": 8687.599609375, "GFMULTIO.MX": 6435.0, "ACCELSAB.MX": 5404.210041046143, "VESTA.MX": 5144.969818115234, "HERDEZ.MX": 4351.739929199219, "ANB.MX": 4266.2999267578125, "MONEXB.MX": 3348.0, "ORBIA.MX": 2842.239990234375, "FRES.MX": 2377.4249267578125, "CREAL.MX": 1748.6199378967285, "BACHOCOB.MX": 908.5799560546875}, "pct": {"BAFARB.MX": 0.2892552235968488, "CMOCTEZ.MX": 0.11944213852919457, "GNP.MX": 0.09373333827948517, "FRAGUAB.MX": 0.09110557200769226, "WMT.MX": 0.07758362357300592, "GFMULTIO.MX": 0.05746703809341531, "ACCELSAB.MX": 0.04826168520491316, "VESTA.MX": 0.045946569778881154, "HERDEZ.MX": 0.03886272016844257, "ANB.MX": 0.03809970791125504, "MONEXB.MX": 0.029898934504546146, "ORBIA.MX": 0.025382302065179052, "FRES.MX": 0.021231323827540997, "CREAL.MX": 0.015615852149497561, "BACHOCOB.MX": 0.008113970310102305}}