{"allocation": {"BAFARB.MX": 1082, "GNP.MX": 450, "CMOCTEZ.MX": 254, "KUOB.MX": 111, "CULTIBAB.MX": 465, "FRAGUAB.MX": 22, "ANB.MX": 4, "ALPEKA.MX": 274, "AMXL.MX": 153, "LABB.MX": 103, "AC.MX": 15, "SIMECB.MX": 26, "VESTA.MX": 20, "HOMEX.MX": 10870}, "qty": {"BAFARB.MX": 43280.0, "GNP.MX": 19755.000686645508, "CMOCTEZ.MX": 13716.0, "KUOB.MX": 5305.799915313721, "CULTIBAB.MX": 5115.0, "FRAGUAB.MX": 5016.0, "ANB.MX": 4418.0, "ALPEKA.MX": 3140.0400104522705, "AMXL.MX": 2233.8000583648686, "LABB.MX": 1999.2299842834473, "AC.MX": 1392.45002746582, "SIMECB.MX": 1303.380027770996, "VESTA.MX": 660.5999755859375, "HOMEX.MX": 423.93000874668354}, "pct": {"BAFARB.MX": 0.4016361263996764, "GNP.MX": 0.18332536859536158, "CMOCTEZ.MX": 0.12728375946621906, "KUOB.MX": 0.04923754448794671, "CULTIBAB.MX": 0.047466931297004265, "FRAGUAB.MX": 0.046548216497707406, "ANB.MX": 0.040998807912055686, "ALPEKA.MX": 0.029139406343300582, "AMXL.MX": 0.020729547194848357, "LABB.MX": 0.018552749229891165, "AC.MX": 0.012921863106203673, "SIMECB.MX": 0.012095298188092548, "VESTA.MX": 0.0061303330705650815, "HOMEX.MX": 0.003934048211127516}}