{"allocation": {"BAFARB.MX": 818, "WMT.MX": 6, "GFMULTIO.MX": 776, "MEDICAB.MX": 436, "ACCELSAB.MX": 412, "GNP.MX": 193, "FRAGUAB.MX": 24, "AC.MX": 38, "AXTELCPO.MX": 833, "CREAL.MX": 151, "ANB.MX": 3, "VESTA.MX": 73, "LABB.MX": 107, "ALFAA.MX": 108, "AEROMEX.MX": 111, "SIMECB.MX": 20, "BACHOCOB.MX": 8, "CYDSASAA.MX": 16, "ICHB.MX": 3, "HOMEX.MX": 1308}, "qty": {"BAFARB.MX": 33538.0, "WMT.MX": 12480.0, "GFMULTIO.MX": 10088.0, "MEDICAB.MX": 8746.159767150879, "ACCELSAB.MX": 8198.799842834474, "GNP.MX": 7913.0, "FRAGUAB.MX": 5760.0, "AC.MX": 4103.619918823241, "AXTELCPO.MX": 3565.240174770355, "CREAL.MX": 3169.489965438843, "ANB.MX": 3528.0, "VESTA.MX": 2279.789966583252, "LABB.MX": 2131.440008163452, "ALFAA.MX": 1357.5599670410159, "AEROMEX.MX": 1316.4599618911743, "SIMECB.MX": 1235.5999755859377, "BACHOCOB.MX": 563.5999755859375, "CYDSASAA.MX": 380.9599914550781, "ICHB.MX": 251.82000732421875, "HOMEX.MX": 86.3279995322227}, "pct": {"BAFARB.MX": 0.3029797472139085, "WMT.MX": 0.11274337304638256, "GFMULTIO.MX": 0.09113422654582591, "MEDICAB.MX": 0.07901214369800913, "ACCELSAB.MX": 0.07406733567414342, "GNP.MX": 0.07148544157980971, "FRAGUAB.MX": 0.05203540294448426, "AC.MX": 0.03707179097343388, "AXTELCPO.MX": 0.03220810921667342, "CREAL.MX": 0.02863293185418571, "ANB.MX": 0.03187168430349661, "VESTA.MX": 0.020595449572908302, "LABB.MX": 0.019255267304996538, "ALFAA.MX": 0.012264093733729171, "AEROMEX.MX": 0.011892799405779106, "SIMECB.MX": 0.011162316424966873, "BACHOCOB.MX": 0.00509151941477704, "CYDSASAA.MX": 0.0034415636564396304, "ICHB.MX": 0.002274922838645608, "HOMEX.MX": 0.0007798805974045933}}