{"allocation": {"GFMULTIO.MX": 2796, "FRAGUAB.MX": 93, "WMT.MX": 6, "AC.MX": 93, "BSMXB.MX": 485, "MONEXB.MX": 666, "GISSAA.MX": 278, "KUOB.MX": 94, "BACHOCOB.MX": 57, "ANB.MX": 3, "GNP.MX": 38, "Q.MX": 31, "URBI.MX": 110, "FRES.MX": 4}, "qty": {"GFMULTIO.MX": 36068.39893341064, "FRAGUAB.MX": 20460.0, "WMT.MX": 18594.0, "AC.MX": 8906.609687805176, "BSMXB.MX": 6823.949851989747, "MONEXB.MX": 6786.539720535278, "GISSAA.MX": 5073.5, "KUOB.MX": 4482.859870910644, "BACHOCOB.MX": 3991.709930419922, "ANB.MX": 3900.0, "GNP.MX": 3649.1399536132812, "Q.MX": 2585.0899810791016, "URBI.MX": 1506.999979019165, "FRES.MX": 1316.1600341796875}, "pct": {"GFMULTIO.MX": 0.2905345455107565, "FRAGUAB.MX": 0.16480733763992392, "WMT.MX": 0.14977652180238246, "AC.MX": 0.07174362805694648, "BSMXB.MX": 0.05496759566445665, "MONEXB.MX": 0.05466625332986376, "GISSAA.MX": 0.04086754777693812, "KUOB.MX": 0.036109882714449475, "BACHOCOB.MX": 0.03215362102948941, "ANB.MX": 0.03141488840643711, "GNP.MX": 0.02939418574929034, "Q.MX": 0.020823157250307332, "URBI.MX": 0.01213903491522824, "FRES.MX": 0.010601800153530086}}