{"allocation": {"GFMULTIO.MX": 1988, "FRAGUAB.MX": 116, "GNP.MX": 422, "AMXL.MX": 641, "KUOB.MX": 162, "MONEXB.MX": 608, "CHDRAUIB.MX": 205, "MEDICAB.MX": 336, "TLEVISACPO.MX": 110, "VOLARA.MX": 163, "IENOVA.MX": 12, "DINEA.MX": 35, "GISSAA.MX": 14}, "qty": {"GFMULTIO.MX": 25645.19924163818, "FRAGUAB.MX": 25172.0, "GNP.MX": 22999.0, "AMXL.MX": 9454.75, "KUOB.MX": 8424.0, "MONEXB.MX": 7721.599884033203, "CHDRAUIB.MX": 5528.84985923767, "MEDICAB.MX": 4680.480102539062, "TLEVISACPO.MX": 2654.299907684326, "VOLARA.MX": 1957.6300373077393, "IENOVA.MX": 795.9600219726562, "DINEA.MX": 385.0, "GISSAA.MX": 233.80001068115234}, "pct": {"GFMULTIO.MX": 0.2217434463319532, "FRAGUAB.MX": 0.21765188792159187, "GNP.MX": 0.1988628543742528, "AMXL.MX": 0.08175131842232125, "KUOB.MX": 0.0728388488738078, "MONEXB.MX": 0.06676548516347415, "CHDRAUIB.MX": 0.04780568130852162, "MEDICAB.MX": 0.04047017840048755, "TLEVISACPO.MX": 0.022950635071412703, "VOLARA.MX": 0.016926818428096527, "IENOVA.MX": 0.006882337577167503, "DINEA.MX": 0.003328935994351377, "GISSAA.MX": 0.002021572132561622}}