{"allocation": {"GNP.MX": 445, "GFMULTIO.MX": 1365, "FRAGUAB.MX": 69, "CERAMICB.MX": 252, "ACCELSAB.MX": 507, "MEGACPO.MX": 100, "ANB.MX": 4, "FEMSAUBD.MX": 38, "GFINBURO.MX": 191, "BACHOCOB.MX": 51, "MONEXB.MX": 344, "FRES.MX": 21, "AMXL.MX": 177, "GRUMAB.MX": 3}, "qty": {"GNP.MX": 18245.0, "GFMULTIO.MX": 17745.0, "FRAGUAB.MX": 16905.0, "CERAMICB.MX": 12083.400192260742, "ACCELSAB.MX": 10089.29980659485, "MEGACPO.MX": 7722.0001220703125, "ANB.MX": 6265.0, "FEMSAUBD.MX": 6812.260162353516, "GFINBURO.MX": 4402.549854278564, "BACHOCOB.MX": 4252.88996887207, "MONEXB.MX": 4128.0, "FRES.MX": 3352.860076904297, "AMXL.MX": 2690.399966239929, "GRUMAB.MX": 585.6899871826171}, "pct": {"GNP.MX": 0.15826772078742463, "GFMULTIO.MX": 0.15393043054934774, "FRAGUAB.MX": 0.14664378294937863, "CERAMICB.MX": 0.10481842739333713, "ACCELSAB.MX": 0.08752044312034919, "MEGACPO.MX": 0.06698511149576777, "ANB.MX": 0.054346246683103054, "FEMSAUBD.MX": 0.059093499002831576, "GFINBURO.MX": 0.03819027301121824, "BACHOCOB.MX": 0.03689203629120766, "MONEXB.MX": 0.035808668205562555, "FRES.MX": 0.029084654562389272, "AMXL.MX": 0.023338091020189515, "GRUMAB.MX": 0.005080614927893052}}