{"allocation": {"CMOCTEZ.MX": 511, "GFMULTIO.MX": 1555, "WMT.MX": 5, "GNP.MX": 249, "ACCELSAB.MX": 535, "SIMECB.MX": 172, "FRAGUAB.MX": 34, "PINFRA.MX": 31, "KUOB.MX": 77, "CHDRAUIB.MX": 90, "GICSAB.MX": 435, "VESTA.MX": 38, "TLEVISACPO.MX": 48, "SORIANAB.MX": 53, "ALPEKA.MX": 16, "HOMEX.MX": 4608}, "qty": {"CMOCTEZ.MX": 24017.0, "GFMULTIO.MX": 20059.49940681457, "WMT.MX": 14275.0, "GNP.MX": 15064.5, "ACCELSAB.MX": 9630.0, "SIMECB.MX": 8025.519973754883, "FRAGUAB.MX": 7310.0, "PINFRA.MX": 5064.7801513671875, "KUOB.MX": 3849.2301292419434, "CHDRAUIB.MX": 2355.300006866455, "GICSAB.MX": 1396.350016593933, "VESTA.MX": 1263.1200637817383, "TLEVISACPO.MX": 1195.1999816894534, "SORIANAB.MX": 860.1899757385254, "ALPEKA.MX": 280.1600036621094, "HOMEX.MX": 230.40000343322725}, "pct": {"CMOCTEZ.MX": 0.20906845461976994, "GFMULTIO.MX": 0.17461833457254922, "WMT.MX": 0.12426415412820985, "GNP.MX": 0.13113676706580857, "ACCELSAB.MX": 0.08382933830155243, "SIMECB.MX": 0.06986230829966399, "FRAGUAB.MX": 0.06363369293710781, "PINFRA.MX": 0.04408901025253872, "KUOB.MX": 0.03350762354151103, "CHDRAUIB.MX": 0.02050293261446073, "GICSAB.MX": 0.012155254198175614, "VESTA.MX": 0.010995484853814933, "TLEVISACPO.MX": 0.010404239211116766, "SORIANAB.MX": 0.007487970558648912, "ALPEKA.MX": 0.0024387983100264935, "HOMEX.MX": 0.002005636535044948}}