{"allocation": {"PASAB.MX": 790, "CERAMICB.MX": 345, "MEGACPO.MX": 214, "GMD.MX": 299, "AUTLANB.MX": 491, "AMXL.MX": 287, "GAPB.MX": 20, "MFRISCOA-1.MX": 262, "VALUEGFO.MX": 27, "LAMOSA.MX": 47, "ORBIA.MX": 38, "GCC.MX": 20, "KUOB.MX": 32, "ASURB.MX": 3, "GNP.MX": 24, "PE&OLES.MX": 2, "TMMA.MX": 135, "AEROMEX.MX": 15, "AC.MX": 4, "VITROA.MX": 5, "AXTELCPO.MX": 65, "FEMSAUBD.MX": 2, "BBVA.MX": 2, "SORIANAB.MX": 5, "GENTERA.MX": 12, "GISSAA.MX": 5, "CYDSASAA.MX": 3, "MEDICAB.MX": 2, "TEAKCPO.MX": 5, "GFNORTEO.MX": 1, "HOMEX.MX": 101, "CMOCTEZ.MX": 1, "LABB.MX": 2, "BSMXB.MX": 1, "ACCELSAB.MX": 4, "BIMBOA.MX": 1}, "qty": {"PASAB.MX": 20145.0, "CERAMICB.MX": 17870.99973678589, "MEGACPO.MX": 16848.22071838379, "GMD.MX": 8868.33995437622, "AUTLANB.MX": 8577.769662857056, "AMXL.MX": 4589.129934310913, "GAPB.MX": 3709.8001098632817, "MFRISCOA-1.MX": 3128.279890060425, "VALUEGFO.MX": 2592.0, "LAMOSA.MX": 1951.9099426269534, "ORBIA.MX": 1841.8600463867188, "GCC.MX": 1856.1999511718752, "KUOB.MX": 1280.0, "ASURB.MX": 1001.5199890136719, "GNP.MX": 820.8000183105469, "PE&OLES.MX": 781.8800048828126, "TMMA.MX": 627.7500128746033, "AEROMEX.MX": 476.7000102996826, "AC.MX": 510.44000244140625, "VITROA.MX": 345.75000762939453, "AXTELCPO.MX": 262.5999975204468, "FEMSAUBD.MX": 336.5199890136719, "BBVA.MX": 314.0199890136719, "SORIANAB.MX": 202.60000228881836, "GENTERA.MX": 205.20000457763672, "GISSAA.MX": 164.3000030517578, "CYDSASAA.MX": 82.43999862670898, "MEDICAB.MX": 78.0, "TEAKCPO.MX": 87.44999885559082, "GFNORTEO.MX": 109.3000030517578, "HOMEX.MX": 74.63900226354599, "CMOCTEZ.MX": 72.98999786376953, "LABB.MX": 44.1599998474121, "BSMXB.MX": 30.229999542236328, "ACCELSAB.MX": 41.2400016784668, "BIMBOA.MX": 43.45000076293945}, "pct": {"PASAB.MX": 0.2015034206116682, "CERAMICB.MX": 0.1787573877742655, "MEGACPO.MX": 0.16852688537973248, "GMD.MX": 0.08870691665196992, "AUTLANB.MX": 0.08580044320102719, "AMXL.MX": 0.045903468820801645, "GAPB.MX": 0.037107838765102694, "MFRISCOA-1.MX": 0.031291094488849286, "VALUEGFO.MX": 0.02592687347855269, "LAMOSA.MX": 0.019524275510809437, "ORBIA.MX": 0.018423484717542304, "GCC.MX": 0.018566921792025036, "KUOB.MX": 0.01280339431039639, "ASURB.MX": 0.010017855725848361, "GNP.MX": 0.00821017678469571, "PE&OLES.MX": 0.007820873442132269, "TMMA.MX": 0.0062791647993671535, "AEROMEX.MX": 0.004768264218466295, "AC.MX": 0.005105753611763297, "VITROA.MX": 0.003458416937891952, "AXTELCPO.MX": 0.002626696339190152, "FEMSAUBD.MX": 0.003366092275525236, "BBVA.MX": 0.0031410326099127997, "SORIANAB.MX": 0.0020265372785866816, "GENTERA.MX": 0.0020525441961739277, "GISSAA.MX": 0.0016434357220867074, "CYDSASAA.MX": 0.0008246186010674156, "MEDICAB.MX": 0.00078020684078978, "TEAKCPO.MX": 0.0008747318888998769, "GFNORTEO.MX": 0.0010932898728118624, "HOMEX.MX": 0.0007465879507146469, "CMOCTEZ.MX": 0.0007300935338787746, "LABB.MX": 0.00044171710218239183, "BSMXB.MX": 0.00030238015948621415, "ACCELSAB.MX": 0.00041250937722720263, "BIMBOA.MX": 0.00043461522855854515}}