{"allocation": {"VALUEGFO.MX": 256, "CMOCTEZ.MX": 188, "ACCELSAB.MX": 1224, "GFMULTIO.MX": 684, "PASAB.MX": 326, "GCC.MX": 59, "LAMOSA.MX": 136, "ICHB.MX": 29, "DINEA.MX": 201, "FEMSAUBD.MX": 13, "PE&OLES.MX": 7, "HERDEZ.MX": 25, "RA.MX": 7, "ORBIA.MX": 9, "GMEXICOB.MX": 3}, "qty": {"VALUEGFO.MX": 29440.0, "CMOCTEZ.MX": 14701.599426269531, "ACCELSAB.MX": 13867.919906616213, "GFMULTIO.MX": 8892.0, "PASAB.MX": 7498.0, "GCC.MX": 7140.769927978516, "LAMOSA.MX": 5440.0, "ICHB.MX": 2561.570053100586, "DINEA.MX": 2412.0, "FEMSAUBD.MX": 2376.9199523925786, "PE&OLES.MX": 2212.070068359375, "HERDEZ.MX": 1012.2500419616699, "RA.MX": 793.2399978637695, "ORBIA.MX": 587.25, "GMEXICOB.MX": 175.79999542236325}, "pct": {"VALUEGFO.MX": 0.2970395247927147, "CMOCTEZ.MX": 0.14833410690461782, "ACCELSAB.MX": 0.1399225658602143, "GFMULTIO.MX": 0.08971723690410391, "PASAB.MX": 0.07565225397064453, "GCC.MX": 0.07204792479826243, "LAMOSA.MX": 0.05488773827691467, "ICHB.MX": 0.025845365193486652, "DINEA.MX": 0.024336254544837902, "FEMSAUBD.MX": 0.023982308869871384, "PE&OLES.MX": 0.022319029956306274, "HERDEZ.MX": 0.01021325650257133, "RA.MX": 0.008003520109104217, "ORBIA.MX": 0.005925151526308482, "GMEXICOB.MX": 0.001773761790041447}}