{"allocation": {"ACCELSAB.MX": 2030, "VALUEGFO.MX": 155, "WMT.MX": 7, "BAFARB.MX": 247, "MEDICAB.MX": 155, "RCENTROA.MX": 303, "GISSAA.MX": 151, "TS.MX": 7, "HERDEZ.MX": 48, "GFINBURO.MX": 64, "GCC.MX": 12, "GCARSOA1.MX": 19, "CMOCTEZ.MX": 17, "FRAGUAB.MX": 4, "MEGACPO.MX": 9, "IENOVA.MX": 7, "GENTERA.MX": 28, "CEMEXCPO.MX": 38, "AXTELCPO.MX": 110, "HOMEX.MX": 1594, "BACHOCOB.MX": 3, "CERAMICB.MX": 2, "ALEATIC.MX": 3, "ARA.MX": 8}, "qty": {"ACCELSAB.MX": 28825.999612808228, "VALUEGFO.MX": 18600.0, "WMT.MX": 13923.0, "BAFARB.MX": 9756.5, "MEDICAB.MX": 5345.9502601623535, "RCENTROA.MX": 4393.5, "GISSAA.MX": 3681.379873275757, "TS.MX": 2191.0, "HERDEZ.MX": 2005.9200439453125, "GFINBURO.MX": 1754.8800048828125, "GCC.MX": 1274.3999633789065, "GCARSOA1.MX": 1241.0799942016602, "CMOCTEZ.MX": 1173.0, "FRAGUAB.MX": 1060.0, "MEGACPO.MX": 838.5299835205079, "IENOVA.MX": 542.2199935913086, "GENTERA.MX": 422.52000427246094, "CEMEXCPO.MX": 397.8600101470947, "AXTELCPO.MX": 349.80000734329224, "HOMEX.MX": 337.9279960095882, "BACHOCOB.MX": 212.70000457763672, "CERAMICB.MX": 102.0, "ALEATIC.MX": 79.5, "ARA.MX": 42.63999938964844}, "pct": {"ACCELSAB.MX": 0.2924944151028017, "VALUEGFO.MX": 0.1887322623321894, "WMT.MX": 0.14127523056188565, "BAFARB.MX": 0.09899818910989279, "MEDICAB.MX": 0.054244800371817066, "RCENTROA.MX": 0.04458038680411151, "GISSAA.MX": 0.03735457806384528, "TS.MX": 0.022231848751065965, "HERDEZ.MX": 0.020353861717810947, "GFINBURO.MX": 0.01780658459371273, "GCC.MX": 0.012931203666911846, "GCARSOA1.MX": 0.012593109410801065, "CMOCTEZ.MX": 0.011902308801917106, "FRAGUAB.MX": 0.010755709573769933, "MEGACPO.MX": 0.00850847638834403, "IENOVA.MX": 0.005501849788829726, "GENTERA.MX": 0.004287266467040209, "CEMEXCPO.MX": 0.0040370440756219905, "AXTELCPO.MX": 0.003549384233855699, "HOMEX.MX": 0.003428920171627562, "BACHOCOB.MX": 0.0021582447882798074, "CERAMICB.MX": 0.0010349833740797483, "ALEATIC.MX": 0.000806678218032745, "ARA.MX": 0.0004326636317554583}}