{"allocation": {"VALUEGFO.MX": 238, "ACCELSAB.MX": 1637, "PASAB.MX": 442, "GNP.MX": 276, "KUOB.MX": 169, "CYDSASAA.MX": 205, "ALPEKA.MX": 242, "BBVA.MX": 28, "CERAMICB.MX": 62, "SIMECB.MX": 47, "PE&OLES.MX": 7, "BIMBOA.MX": 43, "GCC.MX": 19, "LABB.MX": 55, "MEDICAB.MX": 21, "TMMA.MX": 122, "CMOCTEZ.MX": 9, "GFNORTEO.MX": 5, "AXTELCPO.MX": 96, "TEAKCPO.MX": 15, "GMD.MX": 7}, "qty": {"VALUEGFO.MX": 22848.0, "ACCELSAB.MX": 16861.10031223297, "PASAB.MX": 11050.0, "GNP.MX": 9384.0, "KUOB.MX": 7148.699871063232, "CYDSASAA.MX": 6150.0, "ALPEKA.MX": 5674.900184631348, "BBVA.MX": 4704.0, "CERAMICB.MX": 3255.0, "SIMECB.MX": 2881.5700645446777, "PE&OLES.MX": 2867.5499572753906, "BIMBOA.MX": 1870.9299278259277, "GCC.MX": 1737.9300231933594, "LABB.MX": 1128.600025177002, "MEDICAB.MX": 860.3700256347656, "TMMA.MX": 668.5600023269653, "CMOCTEZ.MX": 665.9099807739258, "GFNORTEO.MX": 539.1500091552733, "AXTELCPO.MX": 362.87999725341797, "TEAKCPO.MX": 253.4999942779541, "GMD.MX": 199.5}, "pct": {"VALUEGFO.MX": 0.2259669081824455, "ACCELSAB.MX": 0.16675642096066837, "PASAB.MX": 0.10928459101085534, "GNP.MX": 0.0928078372892187, "KUOB.MX": 0.07070070060348413, "CYDSASAA.MX": 0.06082355065310049, "ALPEKA.MX": 0.05612480956605107, "BBVA.MX": 0.046522598743444665, "CERAMICB.MX": 0.032191976809080015, "SIMECB.MX": 0.028498751671754672, "PE&OLES.MX": 0.028360092695387945, "BIMBOA.MX": 0.018503512395694626, "GCC.MX": 0.017188142243454534, "LABB.MX": 0.011161863544462417, "MEDICAB.MX": 0.008509066639773256, "TMMA.MX": 0.006612063929458724, "CMOCTEZ.MX": 0.006585855194472853, "GFNORTEO.MX": 0.005332198031134204, "AXTELCPO.MX": 0.003588886161616298, "TEAKCPO.MX": 0.002507117031305012, "GMD.MX": 0.001973056643137162}}