{"allocation": {"WMT.MX": 14, "KUOB.MX": 321, "GMD.MX": 465, "CMOCTEZ.MX": 112, "GCC.MX": 65, "GFMULTIO.MX": 580, "BACHOCOB.MX": 43, "GISSAA.MX": 117, "CYDSASAA.MX": 117, "AUTLANB.MX": 179, "CREAL.MX": 92, "CERAMICB.MX": 40, "MEGACPO.MX": 18, "TS.MX": 5, "GMEXICOB.MX": 22, "ALEATIC.MX": 37, "VALUEGFO.MX": 12, "PE&OLES.MX": 1, "CEMEXCPO.MX": 31, "VITROA.MX": 6, "GAPB.MX": 2, "OMAB.MX": 2, "PINFRA.MX": 1, "AZTECACPO.MX": 35, "ACCELSAB.MX": 9, "GFNORTEO.MX": 1, "TLEVISACPO.MX": 1}, "qty": {"WMT.MX": 28107.52075195312, "KUOB.MX": 13514.09951019287, "GMD.MX": 13252.5, "CMOCTEZ.MX": 8352.960205078125, "GCC.MX": 6809.400138854981, "GFMULTIO.MX": 5800.0, "BACHOCOB.MX": 4112.950065612793, "GISSAA.MX": 3982.680107116699, "CYDSASAA.MX": 3715.9200267791753, "AUTLANB.MX": 3153.9801502227783, "CREAL.MX": 2300.0, "CERAMICB.MX": 2233.9999389648433, "MEGACPO.MX": 1532.8800659179688, "TS.MX": 1671.0000610351562, "GMEXICOB.MX": 1451.560073852539, "ALEATIC.MX": 1171.0499858856203, "VALUEGFO.MX": 1140.0, "PE&OLES.MX": 431.3500061035156, "CEMEXCPO.MX": 479.8799858093262, "VITROA.MX": 418.8000183105469, "GAPB.MX": 389.1799926757813, "OMAB.MX": 189.97999572753903, "PINFRA.MX": 190.77999877929688, "AZTECACPO.MX": 117.59999632835388, "ACCELSAB.MX": 92.7900037765503, "GFNORTEO.MX": 119.58000183105467, "TLEVISACPO.MX": 77.0199966430664}, "pct": {"WMT.MX": 0.26817732352599666, "KUOB.MX": 0.12893969085678506, "GMD.MX": 0.1264437376527174, "CMOCTEZ.MX": 0.07969662394223634, "GCC.MX": 0.0649693268990573, "GFMULTIO.MX": 0.05533851562993858, "BACHOCOB.MX": 0.03924216405018456, "GISSAA.MX": 0.037999242302883256, "CYDSASAA.MX": 0.035454051462331236, "AUTLANB.MX": 0.030092513765451592, "CREAL.MX": 0.021944583784285987, "CERAMICB.MX": 0.021314869058566863, "MEGACPO.MX": 0.014625397842521171, "TS.MX": 0.01594321775779695, "GMEXICOB.MX": 0.013849513764600608, "ALEATIC.MX": 0.011173132404719096, "VALUEGFO.MX": 0.010876880658298272, "PE&OLES.MX": 0.004115563630126466, "CEMEXCPO.MX": 0.004578594154345534, "VITROA.MX": 0.003995822648120131, "GAPB.MX": 0.003713214328887604, "OMAB.MX": 0.0018126225798179452, "PINFRA.MX": 0.001820255507642721, "AZTECACPO.MX": 0.0011220360749822984, "ACCELSAB.MX": 0.0008853208748777048, "GFNORTEO.MX": 0.0011409275517855005, "TLEVISACPO.MX": 0.0007348572910431288}}