{"allocation": {"CMOCTEZ.MX": 318, "TEAKCPO.MX": 1167, "ACCELSAB.MX": 1513, "WMT.MX": 5, "CYDSASAA.MX": 232, "SIMECB.MX": 92, "GCC.MX": 57, "MEGACPO.MX": 44, "AUTLANB.MX": 154, "MONEXB.MX": 164, "AEROMEX.MX": 45, "PASAB.MX": 35, "GMD.MX": 16, "RCENTROA.MX": 26, "DINEA.MX": 8, "BBVA.MX": 1, "VITROA.MX": 1, "FEMSAUBD.MX": 1, "GISSAA.MX": 1, "MFRISCOA-1.MX": 2}, "qty": {"CMOCTEZ.MX": 23163.11883544922, "TEAKCPO.MX": 22173.0, "ACCELSAB.MX": 15599.030634880066, "WMT.MX": 8501.649780273438, "CYDSASAA.MX": 7656.0, "SIMECB.MX": 5694.800140380859, "GCC.MX": 5681.189895629884, "MEGACPO.MX": 3671.360107421875, "AUTLANB.MX": 2833.5999412536626, "MONEXB.MX": 2378.0, "AEROMEX.MX": 1314.0000343322754, "PASAB.MX": 847.0000267028809, "GMD.MX": 412.79998779296875, "RCENTROA.MX": 271.69999504089355, "DINEA.MX": 83.76000213623047, "BBVA.MX": 155.5800018310547, "VITROA.MX": 67.87000274658203, "FEMSAUBD.MX": 174.52000427246094, "GISSAA.MX": 30.049999237060547, "MFRISCOA-1.MX": 22.979999542236328}, "pct": {"CMOCTEZ.MX": 0.2299479477870537, "TEAKCPO.MX": 0.22011871037328987, "ACCELSAB.MX": 0.1548567404691851, "WMT.MX": 0.08439869145713942, "CYDSASAA.MX": 0.07600364617408142, "SIMECB.MX": 0.05653416600073354, "GCC.MX": 0.056399052596031896, "MEGACPO.MX": 0.036446807024834084, "AUTLANB.MX": 0.028130084552500163, "MONEXB.MX": 0.02360719312982832, "AEROMEX.MX": 0.013044513281363778, "PASAB.MX": 0.008408449626301367, "GMD.MX": 0.004098002117670053, "RCENTROA.MX": 0.0026972557848207613, "DINEA.MX": 0.0008315132661836944, "BBVA.MX": 0.0015444941759313504, "VITROA.MX": 0.0006737679825738186, "FEMSAUBD.MX": 0.0017325178494022072, "GISSAA.MX": 0.0002983162891255181, "MFRISCOA-1.MX": 0.00022813006194993246}}