{"allocation": {"ACCELSAB.MX": 7174, "HERDEZ.MX": 128, "CMOCTEZ.MX": 71, "BACHOCOB.MX": 31, "CYDSASAA.MX": 66, "ALEATIC.MX": 48, "MEDICAB.MX": 36, "KUOB.MX": 23, "CREAL.MX": 35, "MONEXB.MX": 57, "GCC.MX": 8, "ICHB.MX": 6, "GMEXICOB.MX": 4, "TMMA.MX": 41, "PE&OLES.MX": 1}, "qty": {"ACCELSAB.MX": 74250.90273666383, "HERDEZ.MX": 5886.72021484375, "CMOCTEZ.MX": 5268.199783325195, "BACHOCOB.MX": 2954.3000946044917, "CYDSASAA.MX": 2079.0, "ALEATIC.MX": 1638.719970703125, "MEDICAB.MX": 1432.7999725341797, "KUOB.MX": 966.0, "CREAL.MX": 914.200029373169, "MONEXB.MX": 798.0, "GCC.MX": 782.3200073242188, "ICHB.MX": 459.11997985839844, "GMEXICOB.MX": 242.1999969482422, "TMMA.MX": 152.11000156402588, "PE&OLES.MX": 367.260009765625}, "pct": {"ACCELSAB.MX": 0.7561819094073358, "HERDEZ.MX": 0.05995120824314595, "CMOCTEZ.MX": 0.05365210690330189, "BACHOCOB.MX": 0.030087018529906598, "CYDSASAA.MX": 0.021172836042592298, "ALEATIC.MX": 0.016688960682741182, "MEDICAB.MX": 0.014591841702884528, "KUOB.MX": 0.009837883413729754, "CREAL.MX": 0.009310345037061648, "MONEXB.MX": 0.00812694716786371, "GCC.MX": 0.007967259859507114, "ICHB.MX": 0.004675744135363227, "GMEXICOB.MX": 0.0024665997233773384, "TMMA.MX": 0.0015491102085394793, "PE&OLES.MX": 0.0037402289426495547}}