{"allocation": {"VALUEGFO.MX": 222, "CMOCTEZ.MX": 157, "IENOVA.MX": 134, "MEGACPO.MX": 63, "FEMSAUBD.MX": 32, "KUOB.MX": 126, "DINEA.MX": 429, "GFMULTIO.MX": 314, "ALPEKA.MX": 133, "SIMECB.MX": 59, "GMEXICOB.MX": 69, "GNP.MX": 77, "ACCELSAB.MX": 265, "FRES.MX": 5, "PASAB.MX": 48, "TS.MX": 2, "ALEATIC.MX": 23, "VITROA.MX": 7, "PE&OLES.MX": 1, "ORBIA.MX": 4, "AUTLANB.MX": 14, "LAMOSA.MX": 1}, "qty": {"VALUEGFO.MX": 27084.0, "CMOCTEZ.MX": 11850.360527038574, "IENOVA.MX": 11167.559509277344, "MEGACPO.MX": 5355.0, "FEMSAUBD.MX": 5320.0, "KUOB.MX": 4788.0, "DINEA.MX": 4719.0, "GFMULTIO.MX": 4082.0, "ALPEKA.MX": 3956.75, "SIMECB.MX": 3659.1800270080566, "GMEXICOB.MX": 3416.8800315856934, "GNP.MX": 2772.0, "ACCELSAB.MX": 2755.999898910522, "FRES.MX": 1730.0, "PASAB.MX": 1147.1999816894534, "TS.MX": 803.0599975585938, "ALEATIC.MX": 618.6999912261964, "VITROA.MX": 380.38000106811523, "PE&OLES.MX": 336.8800048828125, "ORBIA.MX": 224.7599945068359, "AUTLANB.MX": 246.68001174926758, "LAMOSA.MX": 39.619998931884766}, "pct": {"VALUEGFO.MX": 0.28079703484487833, "CMOCTEZ.MX": 0.12286021628397656, "IENOVA.MX": 0.11578118433978743, "MEGACPO.MX": 0.05551868710656932, "FEMSAUBD.MX": 0.05515581987057867, "KUOB.MX": 0.0496402378835208, "DINEA.MX": 0.04892487104685352, "GFMULTIO.MX": 0.04232068735182371, "ALPEKA.MX": 0.04102214102874289, "SIMECB.MX": 0.03793704406836007, "GMEXICOB.MX": 0.03542496607923264, "GNP.MX": 0.028739085090459412, "ACCELSAB.MX": 0.028573201877376275, "FRES.MX": 0.017936009093252086, "PASAB.MX": 0.011893751042405008, "TS.MX": 0.008325833189964126, "ALEATIC.MX": 0.006414455877819679, "VITROA.MX": 0.003943641131820204, "PE&OLES.MX": 0.0034926490352097874, "ORBIA.MX": 0.0023302296562276864, "AUTLANB.MX": 0.0025574884010742165, "LAMOSA.MX": 0.0004107657000675856}}