{"allocation": {"VALUEGFO.MX": 324, "ACCELSAB.MX": 1512, "FEMSAUBD.MX": 49, "GFMULTIO.MX": 518, "PASAB.MX": 285, "DINEA.MX": 554, "GCC.MX": 46, "ORBIA.MX": 47, "GMEXICOB.MX": 40, "AUTLANB.MX": 99, "KUOB.MX": 17, "CMOCTEZ.MX": 8, "TS.MX": 2, "CREAL.MX": 10, "ASURB.MX": 1, "AEROMEX.MX": 3, "CYDSASAA.MX": 1}, "qty": {"VALUEGFO.MX": 37260.0, "ACCELSAB.MX": 16329.600288391113, "FEMSAUBD.MX": 8572.549850463867, "GFMULTIO.MX": 6734.0, "PASAB.MX": 6549.2998695373535, "DINEA.MX": 6371.0, "GCC.MX": 5927.100280761719, "ORBIA.MX": 2699.2100143432617, "GMEXICOB.MX": 2255.5999755859375, "AUTLANB.MX": 1675.0800075531006, "KUOB.MX": 743.9199714660645, "CMOCTEZ.MX": 627.52001953125, "TS.MX": 803.0599975585938, "CREAL.MX": 231.49999618530276, "ASURB.MX": 315.3699951171875, "AEROMEX.MX": 80.96999931335449, "CYDSASAA.MX": 30.950000762939453}, "pct": {"VALUEGFO.MX": 0.3833067926245591, "ACCELSAB.MX": 0.16798837121267507, "FEMSAUBD.MX": 0.08818885098753217, "GFMULTIO.MX": 0.06927503868850728, "PASAB.MX": 0.06737496314892126, "DINEA.MX": 0.06554072935617461, "GCC.MX": 0.060974176011349926, "ORBIA.MX": 0.027767727676274983, "GMEXICOB.MX": 0.02320415437696939, "AUTLANB.MX": 0.017232140233083768, "KUOB.MX": 0.007652967746430775, "CMOCTEZ.MX": 0.006455520289700057, "TS.MX": 0.008261362102771628, "CREAL.MX": 0.0023815223035530348, "ASURB.MX": 0.003244322633343854, "AEROMEX.MX": 0.0008329670084706029, "CYDSASAA.MX": 0.0003183935996825008}}