{"allocation": {"ACCELSAB.MX": 6028, "CMOCTEZ.MX": 143, "CYDSASAA.MX": 280, "HERDEZ.MX": 145, "FRAGUAB.MX": 11, "TS.MX": 5, "BACHOCOB.MX": 15, "ALEATIC.MX": 33, "MONEXB.MX": 52, "MEGACPO.MX": 8, "LAMOSA.MX": 15, "GFINBURO.MX": 14, "CREAL.MX": 12, "GMEXICOB.MX": 3, "TMMA.MX": 14, "GBMO.MX": 1}, "qty": {"ACCELSAB.MX": 62450.07793045044, "CMOCTEZ.MX": 10868.0, "CYDSASAA.MX": 8820.0, "HERDEZ.MX": 6491.650066375732, "FRAGUAB.MX": 2651.0, "TS.MX": 1839.6000671386719, "BACHOCOB.MX": 1445.2499771118164, "ALEATIC.MX": 923.0099773406981, "MONEXB.MX": 831.4799880981445, "MEGACPO.MX": 688.0, "LAMOSA.MX": 586.6500091552734, "GFINBURO.MX": 436.23999786376953, "CREAL.MX": 329.2800064086914, "GMEXICOB.MX": 186.50999450683594, "TMMA.MX": 56.0, "GBMO.MX": 13.300000190734863}, "pct": {"ACCELSAB.MX": 0.6332648609197858, "CMOCTEZ.MX": 0.11020518687167942, "CYDSASAA.MX": 0.08943777587488153, "HERDEZ.MX": 0.06582752196084722, "FRAGUAB.MX": 0.02688203444946836, "TS.MX": 0.018654165363284077, "BACHOCOB.MX": 0.014655322396383707, "ALEATIC.MX": 0.009359632594521184, "MONEXB.MX": 0.008431487621311906, "MEGACPO.MX": 0.00697655213173679, "LAMOSA.MX": 0.005948829029005277, "GFINBURO.MX": 0.004423620766054265, "CREAL.MX": 0.0033390103643152033, "GMEXICOB.MX": 0.0018912742729169816, "TMMA.MX": 0.0005678588944436923, "GBMO.MX": 0.00013486648936449278}}