{"allocation": {"ACCELSAB.MX": 1502, "WMT.MX": 8, "GFMULTIO.MX": 1017, "CERAMICB.MX": 178, "VALUEGFO.MX": 100, "CMOCTEZ.MX": 113, "CULTIBAB.MX": 236, "TEAKCPO.MX": 231, "FRES.MX": 12, "ALPEKA.MX": 85, "ASURB.MX": 6, "MONEXB.MX": 150, "PASAB.MX": 51, "KUOB.MX": 25, "TLEVISACPO.MX": 2, "GRUMAB.MX": 1}, "qty": {"ACCELSAB.MX": 18069.05959892273, "WMT.MX": 14688.0, "GFMULTIO.MX": 13221.0, "CERAMICB.MX": 10199.399864196777, "VALUEGFO.MX": 9800.0, "CMOCTEZ.MX": 8830.950172424316, "CULTIBAB.MX": 4399.039855957032, "TEAKCPO.MX": 3236.310052871704, "FRES.MX": 2880.0, "ALPEKA.MX": 2396.1500453948975, "ASURB.MX": 2147.5200805664062, "MONEXB.MX": 1778.999948501587, "PASAB.MX": 1224.0, "KUOB.MX": 1200.0, "TLEVISACPO.MX": 137.8800048828125, "GRUMAB.MX": 242.0500030517578}, "pct": {"ACCELSAB.MX": 0.1913074727330252, "WMT.MX": 0.15551026018366781, "GFMULTIO.MX": 0.1399782917952255, "CERAMICB.MX": 0.10798688225752363, "VALUEGFO.MX": 0.10375820736655396, "CMOCTEZ.MX": 0.09349832237082732, "CULTIBAB.MX": 0.04657515199878831, "TEAKCPO.MX": 0.0342646662824822, "FRES.MX": 0.03049220787915055, "ALPEKA.MX": 0.02536941156035321, "ASURB.MX": 0.0227370238615559, "MONEXB.MX": 0.018835290363440456, "PASAB.MX": 0.012959188348638984, "KUOB.MX": 0.012705086616312731, "TLEVISACPO.MX": 0.0014598145039114625, "GRUMAB.MX": 0.0025627218785427863}}