{"allocation": {"ACCELSAB.MX": 3673, "GFMULTIO.MX": 794, "LAMOSA.MX": 161, "GNP.MX": 130, "IENOVA.MX": 58, "FRAGUAB.MX": 13, "MEGACPO.MX": 37, "CMOCTEZ.MX": 44, "PASAB.MX": 98, "SIMECB.MX": 28, "DINEA.MX": 157, "TS.MX": 5, "ICHB.MX": 13, "ORBIA.MX": 15, "HERDEZ.MX": 15, "GCC.MX": 3, "AXTELCPO.MX": 41, "GAPB.MX": 1, "ARA.MX": 15, "LABB.MX": 5, "BOLSAA.MX": 2}, "qty": {"ACCELSAB.MX": 51605.65070056915, "GFMULTIO.MX": 10322.0, "LAMOSA.MX": 6440.0, "GNP.MX": 4680.0, "IENOVA.MX": 4618.539840698242, "FRAGUAB.MX": 3419.0, "MEGACPO.MX": 3332.589988708496, "CMOCTEZ.MX": 3256.879852294922, "PASAB.MX": 2156.0, "SIMECB.MX": 1544.2000427246094, "DINEA.MX": 1570.0, "TS.MX": 1565.0, "ICHB.MX": 947.1800079345703, "ORBIA.MX": 804.8999977111816, "HERDEZ.MX": 566.100025177002, "GCC.MX": 328.4100036621094, "AXTELCPO.MX": 135.70999765396118, "GAPB.MX": 168.0500030517578, "ARA.MX": 80.84999799728394, "LABB.MX": 65.25000095367432, "BOLSAA.MX": 61.22000122070312}, "pct": {"ACCELSAB.MX": 0.5283808288929288, "GFMULTIO.MX": 0.10568507211503216, "LAMOSA.MX": 0.06593798337733066, "GNP.MX": 0.04791766493880551, "IENOVA.MX": 0.047288385596816786, "FRAGUAB.MX": 0.03500651633029403, "MEGACPO.MX": 0.03412178001225456, "CMOCTEZ.MX": 0.03334659775816548, "PASAB.MX": 0.022074890087193308, "SIMECB.MX": 0.015810782103796366, "DINEA.MX": 0.016074943152548003, "TS.MX": 0.01602374906607492, "ICHB.MX": 0.00969800304635553, "ORBIA.MX": 0.008241224017002079, "HERDEZ.MX": 0.005796194728265159, "GCC.MX": 0.0033625300252206943, "AXTELCPO.MX": 0.001389509871031751, "GAPB.MX": 0.001720633277606704, "ARA.MX": 0.0008278083577643052, "LABB.MX": 0.0006680828382382278, "BOLSAA.MX": 0.0006268204072749821}}