{"allocation": {"GFMULTIO.MX": 2034, "ACCELSAB.MX": 1375, "CMOCTEZ.MX": 175, "IENOVA.MX": 135, "WMT.MX": 6, "LAMOSA.MX": 146, "TS.MX": 13, "GCC.MX": 20, "MEGACPO.MX": 11, "MONEXB.MX": 78, "CERAMICB.MX": 6, "GBMO.MX": 25, "PASAB.MX": 5, "AUTLANB.MX": 1}, "qty": {"GFMULTIO.MX": 26442.0, "ACCELSAB.MX": 18576.250314712524, "CMOCTEZ.MX": 13650.0, "IENOVA.MX": 12553.649711608885, "WMT.MX": 11106.0, "LAMOSA.MX": 5840.0, "TS.MX": 4069.0, "GCC.MX": 2456.1999511718755, "MEGACPO.MX": 1059.0799865722656, "MONEXB.MX": 925.0799732208252, "CERAMICB.MX": 343.7999954223633, "GBMO.MX": 329.9999952316284, "PASAB.MX": 119.94999885559082, "AUTLANB.MX": 16.360000610351562}, "pct": {"GFMULTIO.MX": 0.27123513558412704, "ACCELSAB.MX": 0.19055032799166985, "CMOCTEZ.MX": 0.14001813783841366, "IENOVA.MX": 0.12877206268829414, "WMT.MX": 0.11392244973138624, "LAMOSA.MX": 0.05990519596896233, "TS.MX": 0.04173874013659379, "GCC.MX": 0.025195058118819676, "MEGACPO.MX": 0.01086376612027698, "MONEXB.MX": 0.009489228952526706, "CERAMICB.MX": 0.003526610633545381, "GBMO.MX": 0.0033850538328950917, "PASAB.MX": 0.0012304157856029066, "AUTLANB.MX": 0.00016781661688620783}}