{"allocation": {"ACCELSAB.MX": 2395, "GNP.MX": 692, "WMT.MX": 5, "BAFARB.MX": 282, "GFMULTIO.MX": 583, "VALUEGFO.MX": 46, "BACHOCOB.MX": 12, "ICHB.MX": 14, "RCENTROA.MX": 119, "MONEXB.MX": 52, "VOLARA.MX": 9, "LABB.MX": 5, "CREAL.MX": 2}, "qty": {"ACCELSAB.MX": 49480.699634552, "GNP.MX": 27680.0, "WMT.MX": 11515.0, "BAFARB.MX": 11703.0, "GFMULTIO.MX": 7579.0, "VALUEGFO.MX": 4577.0, "BACHOCOB.MX": 1099.8000183105469, "ICHB.MX": 957.3199615478516, "RCENTROA.MX": 673.539981842041, "MONEXB.MX": 624.0, "VOLARA.MX": 159.84000205993652, "LABB.MX": 83.95000457763672, "CREAL.MX": 44.459999084472656}, "pct": {"ACCELSAB.MX": 0.4259056439883151, "GNP.MX": 0.23825589194709654, "WMT.MX": 0.09911548395125783, "BAFARB.MX": 0.1007336959341355, "GFMULTIO.MX": 0.06523632243739323, "VALUEGFO.MX": 0.0393965757746337, "BACHOCOB.MX": 0.009466540257442646, "ICHB.MX": 0.008240141666089001, "RCENTROA.MX": 0.005797502497680878, "MONEXB.MX": 0.005371086581466338, "VOLARA.MX": 0.0013758245035988413, "LABB.MX": 0.0007226005498413178, "CREAL.MX": 0.00038268991104906537}}