{"allocation": {"ACCELSAB.MX": 2716, "FRES.MX": 57, "GFMULTIO.MX": 895, "WMT.MX": 5, "POCHTECB.MX": 1424, "BAFARB.MX": 161, "GFINBURO.MX": 105, "MEGACPO.MX": 25, "TS.MX": 9, "SIMECB.MX": 37, "BSMXB.MX": 68, "GFNORTEO.MX": 9, "GISSAA.MX": 28, "BACHOCOB.MX": 8, "VOLARA.MX": 33, "ARA.MX": 96, "CYDSASAA.MX": 10, "BBVA.MX": 1, "GRUMAB.MX": 1, "MEDICAB.MX": 3, "DINEA.MX": 4, "CHDRAUIB.MX": 1, "LALAB.MX": 1}, "qty": {"ACCELSAB.MX": 55406.39896392823, "FRES.MX": 11847.450347900389, "GFMULTIO.MX": 11635.0, "WMT.MX": 9435.0, "POCHTECB.MX": 9327.200271606445, "BAFARB.MX": 6601.0, "GFINBURO.MX": 2823.4499359130864, "MEGACPO.MX": 2251.7499923706055, "TS.MX": 2264.220016479492, "SIMECB.MX": 2072.740016937256, "BSMXB.MX": 1804.0400466918945, "GFNORTEO.MX": 949.8600082397461, "GISSAA.MX": 596.3999786376953, "BACHOCOB.MX": 596.719970703125, "VOLARA.MX": 544.8300075531006, "ARA.MX": 474.24000549316406, "CYDSASAA.MX": 300.0, "BBVA.MX": 110.98999786376952, "GRUMAB.MX": 198.1999969482422, "MEDICAB.MX": 84.0, "DINEA.MX": 44.0, "CHDRAUIB.MX": 37.63999938964844, "LALAB.MX": 25.21999931335449}, "pct": {"ACCELSAB.MX": 0.4639222707621973, "FRES.MX": 0.0991996623299529, "GFMULTIO.MX": 0.09742079834194434, "WMT.MX": 0.07900001997045507, "POCHTECB.MX": 0.07809740410443489, "BAFARB.MX": 0.05527070819554573, "GFINBURO.MX": 0.023640975232932054, "MEGACPO.MX": 0.018854085253391616, "TS.MX": 0.01895849777629931, "SIMECB.MX": 0.0173552202153264, "BSMXB.MX": 0.01510537357881933, "GFNORTEO.MX": 0.00795325486169333, "GISSAA.MX": 0.00499370537602087, "BACHOCOB.MX": 0.004996384695529013, "VOLARA.MX": 0.004561905826942039, "ARA.MX": 0.003970850016401556, "CYDSASAA.MX": 0.002511924323384899, "BBVA.MX": 0.0009293282509548021, "GRUMAB.MX": 0.0016595446440970077, "MEDICAB.MX": 0.0007033388105477717, "DINEA.MX": 0.0003684155674297852, "CHDRAUIB.MX": 0.00031516276666350223, "LALAB.MX": 0.00021116909903655197}}