{"allocation": {"BAFARB.MX": 1094, "GNP.MX": 433, "GFMULTIO.MX": 919, "WMT.MX": 5, "ACCELSAB.MX": 421, "TS.MX": 25, "BACHOCOB.MX": 62, "VALUEGFO.MX": 35, "MEDICAB.MX": 144, "RCENTROA.MX": 467, "ICHB.MX": 19, "BOLSAA.MX": 14, "GCARSOA1.MX": 7, "VOLARA.MX": 16, "FRAGUAB.MX": 1, "MEGACPO.MX": 1}, "qty": {"BAFARB.MX": 45401.0, "GNP.MX": 17320.0, "GFMULTIO.MX": 11947.0, "WMT.MX": 11714.25048828125, "ACCELSAB.MX": 8420.0, "TS.MX": 5450.0, "BACHOCOB.MX": 5385.320037841797, "VALUEGFO.MX": 3255.0, "MEDICAB.MX": 3052.8001098632812, "RCENTROA.MX": 2942.100089073181, "ICHB.MX": 1519.2399826049805, "BOLSAA.MX": 519.5400085449219, "GCARSOA1.MX": 405.51000213623047, "VOLARA.MX": 314.7200012207031, "FRAGUAB.MX": 230.0, "MEGACPO.MX": 79.47000122070312}, "pct": {"BAFARB.MX": 0.38489791928741673, "GNP.MX": 0.14683447417585643, "GFMULTIO.MX": 0.10128357176552868, "WMT.MX": 0.09931038168655004, "ACCELSAB.MX": 0.07138257924715423, "TS.MX": 0.046203688467576075, "BACHOCOB.MX": 0.04565534850030043, "VALUEGFO.MX": 0.027595046965497267, "MEDICAB.MX": 0.025880848666037626, "RCENTROA.MX": 0.024942362560727536, "ICHB.MX": 0.01287972309426903, "BOLSAA.MX": 0.0044045256332571345, "GCARSOA1.MX": 0.003437808772328165, "VOLARA.MX": 0.0026681146588837666, "FRAGUAB.MX": 0.0019498804307417426, "MEGACPO.MX": 0.0006737260878750931}}