{"allocation": {"ACCELSAB.MX": 4260, "GFMULTIO.MX": 679, "FRAGUAB.MX": 25, "VALUEGFO.MX": 37, "CHDRAUIB.MX": 74, "ALPEKA.MX": 120, "LAMOSA.MX": 74, "TMMA.MX": 220, "DINEA.MX": 160, "URBI.MX": 26, "CYDSASAA.MX": 30, "CMOCTEZ.MX": 11, "PASAB.MX": 34, "AXTELCPO.MX": 64}, "qty": {"ACCELSAB.MX": 60918.00081253052, "GFMULTIO.MX": 8827.0, "FRAGUAB.MX": 6750.0, "VALUEGFO.MX": 4033.0, "CHDRAUIB.MX": 2915.600112915039, "ALPEKA.MX": 2885.9999084472656, "LAMOSA.MX": 2664.0, "TMMA.MX": 1757.799949645996, "DINEA.MX": 1728.0000305175781, "URBI.MX": 1247.8354568481445, "CYDSASAA.MX": 960.0, "CMOCTEZ.MX": 734.8000335693359, "PASAB.MX": 673.1999740600586, "AXTELCPO.MX": 190.08000183105466}, "pct": {"ACCELSAB.MX": 0.6326821489078209, "GFMULTIO.MX": 0.09167545313241131, "FRAGUAB.MX": 0.07010414734833764, "VALUEGFO.MX": 0.041885929815680845, "CHDRAUIB.MX": 0.030280838507351963, "ALPEKA.MX": 0.02997341671541867, "LAMOSA.MX": 0.027667770153477253, "TMMA.MX": 0.018256158026501244, "DINEA.MX": 0.017946662038123885, "URBI.MX": 0.01295976899753519, "CYDSASAA.MX": 0.009970367622874687, "CMOCTEZ.MX": 0.007631485899986396, "PASAB.MX": 0.006991720026133841, "AXTELCPO.MX": 0.0019741328083461547}}