{"allocation": {"GNP.MX": 1278, "GFMULTIO.MX": 3010, "ACCELSAB.MX": 670, "TS.MX": 14, "BACHOCOB.MX": 34, "VESTA.MX": 71, "FRES.MX": 13, "ANB.MX": 1, "MONEXB.MX": 117}, "qty": {"GNP.MX": 52398.0, "GFMULTIO.MX": 39130.0, "ACCELSAB.MX": 13467.000255584717, "TS.MX": 3016.2999572753906, "BACHOCOB.MX": 2879.4600830078125, "VESTA.MX": 2340.870086669922, "FRES.MX": 1904.8899841308594, "ANB.MX": 1552.530029296875, "MONEXB.MX": 1411.0200490951538}, "pct": {"GNP.MX": 0.44367458717457037, "GFMULTIO.MX": 0.3313291842463632, "ACCELSAB.MX": 0.11403041678835801, "TS.MX": 0.025540204556258505, "BACHOCOB.MX": 0.024381527226499968, "VESTA.MX": 0.019821072738130812, "FRES.MX": 0.0161294567983937, "ANB.MX": 0.013145885717478047, "MONEXB.MX": 0.011947664753947372}}