{"allocation": {"ACCELSAB.MX": 2423, "BAFARB.MX": 858, "FRAGUAB.MX": 69, "GFMULTIO.MX": 1250, "VALUEGFO.MX": 3, "VITROA.MX": 1}, "qty": {"ACCELSAB.MX": 51609.898151397705, "BAFARB.MX": 35607.0, "FRAGUAB.MX": 17594.310379028324, "GFMULTIO.MX": 16250.0, "VALUEGFO.MX": 244.5, "VITROA.MX": 49.2400016784668}, "pct": {"ACCELSAB.MX": 0.42528054088988626, "BAFARB.MX": 0.2934120151728313, "FRAGUAB.MX": 0.1449822243909052, "GFMULTIO.MX": 0.1339047166725225, "VALUEGFO.MX": 0.0020147509677804153, "VITROA.MX": 0.00040575190607443866}}