{"allocation": {"ACCELSAB.MX": 1851, "BAFARB.MX": 586, "GFMULTIO.MX": 962, "VALUEGFO.MX": 85, "FRES.MX": 34, "WMT.MX": 3, "CHDRAUIB.MX": 157, "TMMA.MX": 705, "IENOVA.MX": 51, "ORBIA.MX": 63, "HERDEZ.MX": 46, "MEGACPO.MX": 13, "GRUMAB.MX": 6, "ALPEKA.MX": 31, "ICHB.MX": 4, "AEROMEX.MX": 5, "DINEA.MX": 8, "AC.MX": 1, "ALFAA.MX": 2}, "qty": {"ACCELSAB.MX": 39426.29858779907, "BAFARB.MX": 24026.0, "GFMULTIO.MX": 12506.0, "VALUEGFO.MX": 9605.0, "FRES.MX": 7066.90020751953, "WMT.MX": 5878.68017578125, "CHDRAUIB.MX": 5881.219856262207, "TMMA.MX": 5322.750134468079, "IENOVA.MX": 4226.370140075684, "ORBIA.MX": 2772.629894256592, "HERDEZ.MX": 1868.9800491333008, "MEGACPO.MX": 1085.630027770996, "GRUMAB.MX": 1136.9400329589846, "ALPEKA.MX": 722.9199905395508, "ICHB.MX": 353.7200012207031, "AEROMEX.MX": 97.1500015258789, "DINEA.MX": 88.0, "AC.MX": 107.61000061035156, "ALFAA.MX": 38.31999969482422}, "pct": {"ACCELSAB.MX": 0.32260811355194136, "BAFARB.MX": 0.1965942229889563, "GFMULTIO.MX": 0.10233111432197983, "VALUEGFO.MX": 0.07859350336339486, "FRES.MX": 0.05782534567709132, "WMT.MX": 0.04810266217257537, "CHDRAUIB.MX": 0.04812344326434237, "TMMA.MX": 0.043553730410809725, "IENOVA.MX": 0.0345825336615294, "ORBIA.MX": 0.022687214671494493, "HERDEZ.MX": 0.015293044224640914, "MEGACPO.MX": 0.008883234486103305, "GRUMAB.MX": 0.009303081759952132, "ALPEKA.MX": 0.005915337293902714, "ICHB.MX": 0.0028943356695095646, "AEROMEX.MX": 0.0007949358637874004, "DINEA.MX": 0.0007200654134282925, "AC.MX": 0.0008805254497558136, "ALFAA.MX": 0.0003135557548048368}}