{"allocation": {"ACCELSAB.MX": 1160, "FRAGUAB.MX": 87, "GFMULTIO.MX": 1633, "BAFARB.MX": 409, "WMT.MX": 7, "GNP.MX": 350, "TS.MX": 16, "VALUEGFO.MX": 30, "MEDICAB.MX": 34, "HERDEZ.MX": 11, "OMAB.MX": 1, "GCARSOA1.MX": 1}, "qty": {"ACCELSAB.MX": 24707.999114990234, "FRAGUAB.MX": 22633.04946899414, "GFMULTIO.MX": 21229.0, "BAFARB.MX": 16769.0, "WMT.MX": 13930.0, "GNP.MX": 13684.999465942381, "TS.MX": 4025.280029296875, "VALUEGFO.MX": 3390.0, "MEDICAB.MX": 880.5999870300294, "HERDEZ.MX": 441.65001678466797, "OMAB.MX": 118.29000091552734, "GCARSOA1.MX": 72.12999725341797}, "pct": {"ACCELSAB.MX": 0.20272066017926488, "FRAGUAB.MX": 0.1856964098497486, "GFMULTIO.MX": 0.17417666541580315, "BAFARB.MX": 0.13758389478343788, "WMT.MX": 0.11429087329794799, "GNP.MX": 0.112280727928536, "TS.MX": 0.03302604234150248, "VALUEGFO.MX": 0.027813787543434578, "MEDICAB.MX": 0.007225020929204862, "HERDEZ.MX": 0.0036235869425967756, "OMAB.MX": 0.0009705288949785131, "GCARSOA1.MX": 0.0005918018935442735}}