{"allocation": {"ACCELSAB.MX": 4583, "VALUEGFO.MX": 53, "WMT.MX": 2, "FRAGUAB.MX": 11, "FRES.MX": 11, "GFNORTEO.MX": 19, "RCENTROA.MX": 192, "CYDSASAA.MX": 67, "BAFARB.MX": 37, "ORBIA.MX": 29, "KUOB.MX": 29, "ALEATIC.MX": 22, "AXTELCPO.MX": 61, "BBVA.MX": 1, "GCC.MX": 1, "MONEXB.MX": 4, "OMAB.MX": 1, "BSMXB.MX": 1}, "qty": {"ACCELSAB.MX": 91201.69825172426, "VALUEGFO.MX": 5432.5, "WMT.MX": 3832.919921875, "FRAGUAB.MX": 2860.0, "FRES.MX": 2420.0, "GFNORTEO.MX": 1992.1499710083008, "RCENTROA.MX": 1862.3999633789062, "CYDSASAA.MX": 1777.510046005249, "BAFARB.MX": 1498.5, "ORBIA.MX": 1354.589973449707, "KUOB.MX": 1239.75, "ALEATIC.MX": 426.7999916076661, "AXTELCPO.MX": 169.579998254776, "BBVA.MX": 118.4000015258789, "GCC.MX": 104.98999786376952, "MONEXB.MX": 59.20000076293945, "OMAB.MX": 109.8499984741211, "BSMXB.MX": 26.46999931335449}, "pct": {"ACCELSAB.MX": 0.7829324904778128, "VALUEGFO.MX": 0.04663598196144671, "WMT.MX": 0.03290418487551444, "FRAGUAB.MX": 0.024552031000411888, "FRES.MX": 0.020774795461886982, "GFNORTEO.MX": 0.017101862883099804, "RCENTROA.MX": 0.015988007565050654, "CYDSASAA.MX": 0.015259259354218332, "BAFARB.MX": 0.01286406239654448, "ORBIA.MX": 0.011628648608735777, "KUOB.MX": 0.010642790361105117, "ALEATIC.MX": 0.0036639184003241084, "AXTELCPO.MX": 0.0014557809000702985, "BBVA.MX": 0.0010164197580112566, "GCC.MX": 0.0009012998889106458, "MONEXB.MX": 0.0005082098790056283, "OMAB.MX": 0.0009430211775985382, "BSMXB.MX": 0.0002272350502525737}}