{"allocation": {"GNP.MX": 1936, "ACCELSAB.MX": 703, "BAFARB.MX": 297, "BACHOCOB.MX": 39, "VALUEGFO.MX": 35, "TS.MX": 13, "FRAGUAB.MX": 6, "FRES.MX": 4, "HERDEZ.MX": 12, "ICHB.MX": 3, "GCARSOA1.MX": 2, "MEDICAB.MX": 3, "BOLSAA.MX": 1, "GRUMAB.MX": 1}, "qty": {"GNP.MX": 79376.0, "ACCELSAB.MX": 14130.300268173218, "BAFARB.MX": 12325.5, "BACHOCOB.MX": 3368.819892883301, "VALUEGFO.MX": 2975.0, "TS.MX": 2553.7200317382812, "FRAGUAB.MX": 1380.0, "FRES.MX": 708.0, "HERDEZ.MX": 470.5199890136719, "ICHB.MX": 247.58999633789062, "GCARSOA1.MX": 128.8000030517578, "MEDICAB.MX": 64.5, "BOLSAA.MX": 42.18000030517578, "GRUMAB.MX": 201.8500061035156}, "pct": {"GNP.MX": 0.6728331728197972, "ACCELSAB.MX": 0.11977593683646716, "BAFARB.MX": 0.10447749031937123, "BACHOCOB.MX": 0.0285559082995757, "VALUEGFO.MX": 0.025217681530171548, "TS.MX": 0.021646688563897665, "FRAGUAB.MX": 0.011697613617356885, "FRES.MX": 0.006001384377600489, "HERDEZ.MX": 0.003988377558496334, "ICHB.MX": 0.0020987044294807616, "GCARSOA1.MX": 0.0010917772968216308, "MEDICAB.MX": 0.0005467362886373327, "BOLSAA.MX": 0.0003575401057608274, "GRUMAB.MX": 0.0017109879565652569}}