{"allocation": {"ACCELSAB.MX": 3766, "VALUEGFO.MX": 116, "BAFARB.MX": 231, "DINEA.MX": 552, "GFINBURO.MX": 184, "WMT.MX": 1, "CHDRAUIB.MX": 46, "FRAGUAB.MX": 6, "TS.MX": 5, "TMMA.MX": 137, "RCENTROA.MX": 70, "ALEATIC.MX": 26, "MONEXB.MX": 43, "AMXL.MX": 33, "MEGACPO.MX": 5, "GENTERA.MX": 22, "CYDSASAA.MX": 5, "FINAMEXO.MX": 1}, "qty": {"ACCELSAB.MX": 67411.39856338501, "VALUEGFO.MX": 12644.0, "BAFARB.MX": 9355.5, "DINEA.MX": 5961.6001052856445, "GFINBURO.MX": 5096.800140380859, "WMT.MX": 1850.0, "CHDRAUIB.MX": 1704.2999649047852, "FRAGUAB.MX": 1560.0, "TS.MX": 1565.0, "TMMA.MX": 1053.5300078392029, "RCENTROA.MX": 700.0, "ALEATIC.MX": 597.7399940490723, "MONEXB.MX": 602.0, "AMXL.MX": 505.2300138473511, "MEGACPO.MX": 429.90001678466797, "GENTERA.MX": 306.899995803833, "CYDSASAA.MX": 146.9999980926514, "FINAMEXO.MX": 40.70000076293945}, "pct": {"ACCELSAB.MX": 0.6044152445405309, "VALUEGFO.MX": 0.11336697524209806, "BAFARB.MX": 0.08388205764611265, "DINEA.MX": 0.05345211733147792, "GFINBURO.MX": 0.04569826125660224, "WMT.MX": 0.016587227475314884, "CHDRAUIB.MX": 0.015280870921106403, "FRAGUAB.MX": 0.013987067492697958, "TS.MX": 0.014031897837225835, "TMMA.MX": 0.009446022644377909, "RCENTROA.MX": 0.006276248233902929, "ALEATIC.MX": 0.0053593779742623394, "MONEXB.MX": 0.005397573481156519, "AMXL.MX": 0.004529927117320271, "MEGACPO.MX": 0.003854513172999446, "GENTERA.MX": 0.0027516865094980333, "CYDSASAA.MX": 0.001318012112018196, "FINAMEXO.MX": 0.0003649190112974952}}