{"allocation": {"ACCELSAB.MX": 2147, "BAFARB.MX": 784, "GNP.MX": 235, "LABB.MX": 421, "FRAGUAB.MX": 26, "VALUEGFO.MX": 59, "GFMULTIO.MX": 340, "ANB.MX": 2, "ALPEKA.MX": 105, "MONEXB.MX": 82, "SIMECB.MX": 5}, "qty": {"ACCELSAB.MX": 45731.098361968994, "BAFARB.MX": 32536.0, "GNP.MX": 9400.0, "LABB.MX": 7359.079807281494, "FRAGUAB.MX": 6240.0, "VALUEGFO.MX": 4926.5, "GFMULTIO.MX": 4420.0, "ANB.MX": 3838.159912109375, "ALPEKA.MX": 2169.2999839782715, "MONEXB.MX": 984.0, "SIMECB.MX": 277.04999923706055}, "pct": {"ACCELSAB.MX": 0.3879422926830152, "BAFARB.MX": 0.27600671942818233, "GNP.MX": 0.07974130694077065, "LABB.MX": 0.062427940607878825, "FRAGUAB.MX": 0.052934654820256256, "VALUEGFO.MX": 0.04179207964294751, "GFMULTIO.MX": 0.037495380497681516, "ANB.MX": 0.03255956251481649, "ALPEKA.MX": 0.01840242722010853, "MONEXB.MX": 0.008347387875501948, "SIMECB.MX": 0.002350247768840715}}