{"allocation": {"GFMULTIO.MX": 4781, "GNP.MX": 1514, "ACCELSAB.MX": 122, "FRAGUAB.MX": 1, "FRES.MX": 1, "AXTELCPO.MX": 30}, "qty": {"GFMULTIO.MX": 62153.0, "GNP.MX": 62074.0, "ACCELSAB.MX": 2450.9800186157227, "FRAGUAB.MX": 237.25, "FRES.MX": 158.4949951171875, "AXTELCPO.MX": 95.70000171661377}, "pct": {"GFMULTIO.MX": 0.48874169237180376, "GNP.MX": 0.48812047386751, "ACCELSAB.MX": 0.01927334355972718, "FRAGUAB.MX": 0.0018656213942240994, "FRES.MX": 0.0012463294152500282, "AXTELCPO.MX": 0.0007525393914849217}}