{"allocation": {"GNP.MX": 1301, "GFMULTIO.MX": 5464, "KUOB.MX": 33, "MONEXB.MX": 42, "URBI.MX": 3}, "qty": {"GNP.MX": 70904.5, "GFMULTIO.MX": 70485.5979156494, "KUOB.MX": 1716.0, "MONEXB.MX": 533.3999919891357, "URBI.MX": 51.60000228881836}, "pct": {"GNP.MX": 0.49345088896492684, "GFMULTIO.MX": 0.49053559295533555, "KUOB.MX": 0.011942284699332404, "MONEXB.MX": 0.0037121296986922393, "URBI.MX": 0.0003591036817128628}}