{"allocation": {"GNP.MX": 1551, "GFMULTIO.MX": 4628, "ACCELSAB.MX": 104, "FRAGUAB.MX": 2, "AXTELCPO.MX": 54, "LABB.MX": 6, "SIMECB.MX": 2}, "qty": {"GNP.MX": 63591.0, "GFMULTIO.MX": 60164.0, "ACCELSAB.MX": 2069.599960327149, "FRAGUAB.MX": 480.0, "AXTELCPO.MX": 231.12001132965088, "LABB.MX": 119.52000045776367, "SIMECB.MX": 123.55999755859376}, "pct": {"GNP.MX": 0.5015901713473518, "GFMULTIO.MX": 0.4745588380264829, "ACCELSAB.MX": 0.016324495584610514, "FRAGUAB.MX": 0.0037861219708249416, "AXTELCPO.MX": 0.0018230178183177097, "LABB.MX": 0.0009427443743461378, "SIMECB.MX": 0.0009746108780659751}}