{"allocation": {"GNP.MX": 1382, "WMT.MX": 5, "VALUEGFO.MX": 120, "KUOB.MX": 213, "Q.MX": 116, "BACHOCOB.MX": 56, "FRES.MX": 12, "ANB.MX": 3, "BIMBOA.MX": 88, "BOLSAA.MX": 66, "FRAGUAB.MX": 7, "GRUMAB.MX": 1}, "qty": {"GNP.MX": 132713.45831298828, "WMT.MX": 15495.0, "VALUEGFO.MX": 10381.200256347656, "KUOB.MX": 10157.969707489012, "Q.MX": 9673.239929199219, "BACHOCOB.MX": 3921.679931640625, "FRES.MX": 3948.4801025390625, "ANB.MX": 3900.0, "BIMBOA.MX": 3640.5599060058594, "BOLSAA.MX": 3307.260040283203, "FRAGUAB.MX": 1540.0, "GRUMAB.MX": 245.0500030517578}, "pct": {"GNP.MX": 0.6671569354956649, "WMT.MX": 0.07789410996377914, "VALUEGFO.MX": 0.05218679279276906, "KUOB.MX": 0.05106460209124792, "Q.MX": 0.048627842191097975, "BACHOCOB.MX": 0.01971447356166252, "FRES.MX": 0.019849199309259224, "ANB.MX": 0.019605487502984104, "BIMBOA.MX": 0.018301269677195604, "BOLSAA.MX": 0.01662575522792078, "FRAGUAB.MX": 0.007741654039639876, "GRUMAB.MX": 0.0012318781467788344}}