{"allocation": {"GNP.MX": 1564, "ACCELSAB.MX": 1750, "WMT.MX": 3, "KUOB.MX": 197, "TLEVISACPO.MX": 63, "SIMECB.MX": 16}, "qty": {"GNP.MX": 94622.0, "ACCELSAB.MX": 31500.0, "WMT.MX": 8565.0, "KUOB.MX": 9848.030330657959, "TLEVISACPO.MX": 1568.6999759674075, "SIMECB.MX": 746.5599975585938}, "pct": {"GNP.MX": 0.6443432955018414, "ACCELSAB.MX": 0.2145041724790007, "WMT.MX": 0.058324705945480664, "KUOB.MX": 0.06706170148018682, "TLEVISACPO.MX": 0.01068230762580054, "SIMECB.MX": 0.005083816967689871}}