{"allocation": {"GNP.MX": 1055, "BAFARB.MX": 766, "WMT.MX": 8, "KUOB.MX": 513, "Q.MX": 177, "FRAGUAB.MX": 26, "GISSAA.MX": 185, "MONEXB.MX": 15, "OMAB.MX": 1}, "qty": {"GNP.MX": 94950.0, "BAFARB.MX": 31406.0, "WMT.MX": 24176.0, "KUOB.MX": 24613.739765167236, "Q.MX": 15229.08016204834, "FRAGUAB.MX": 5681.0, "GISSAA.MX": 3145.0, "MONEXB.MX": 177.00000286102295, "OMAB.MX": 99.95999908447266}, "pct": {"GNP.MX": 0.47599286513875794, "BAFARB.MX": 0.1574410944976075, "WMT.MX": 0.12119645610947459, "KUOB.MX": 0.123390884808865, "Q.MX": 0.07634474459990742, "FRAGUAB.MX": 0.02847936247344164, "GISSAA.MX": 0.015766167044353803, "MONEXB.MX": 0.0008873168877449886, "OMAB.MX": 0.0005011084398471381}}