{"allocation": {"GNP.MX": 1227, "WMT.MX": 7, "KUOB.MX": 416, "BACHOCOB.MX": 279, "BAFARB.MX": 253, "VOLARA.MX": 274, "LABB.MX": 235, "ANB.MX": 3, "GICSAB.MX": 1261, "AXTELCPO.MX": 418, "ACCELSAB.MX": 117, "MAXCOMA.MX": 454, "BIMBOA.MX": 5, "FRES.MX": 1, "SIMECB.MX": 3, "MONEXB.MX": 11, "FRAGUAB.MX": 1}, "qty": {"GNP.MX": 141105.0, "WMT.MX": 20508.25, "KUOB.MX": 19136.0, "BACHOCOB.MX": 18531.179489135742, "BAFARB.MX": 9867.0, "VOLARA.MX": 4551.140167236328, "LABB.MX": 4420.34987449646, "ANB.MX": 3534.18017578125, "GICSAB.MX": 3846.0499398708344, "AXTELCPO.MX": 3306.3799362182617, "ACCELSAB.MX": 2106.0, "MAXCOMA.MX": 549.3400173187257, "BIMBOA.MX": 204.95000839233398, "FRES.MX": 319.29998779296875, "SIMECB.MX": 192.0, "MONEXB.MX": 111.100004196167, "FRAGUAB.MX": 218.0}, "pct": {"GNP.MX": 0.6068869909909865, "WMT.MX": 0.08820516730796853, "KUOB.MX": 0.08230317465436035, "BACHOCOB.MX": 0.07970186570054553, "BAFARB.MX": 0.042437574431154555, "VOLARA.MX": 0.01957427278744389, "LABB.MX": 0.01901174894199739, "ANB.MX": 0.015200368325005341, "GICSAB.MX": 0.01654170777229209, "AXTELCPO.MX": 0.014220608557914112, "ACCELSAB.MX": 0.009057822210602159, "MAXCOMA.MX": 0.002362689558424562, "BIMBOA.MX": 0.00088148183194643, "FRES.MX": 0.0013732965438158359, "SIMECB.MX": 0.0008257843610805387, "MONEXB.MX": 0.0004778366978186299, "FRAGUAB.MX": 0.0009376093266435283}}