{"allocation": {"GNP.MX": 1542, "BAFARB.MX": 1420, "MAXCOMA.MX": 637, "ANB.MX": 1, "TMMA.MX": 178, "VOLARA.MX": 85, "LABB.MX": 26, "HOMEX.MX": 4173, "TS.MX": 2, "GFMULTIO.MX": 7, "GENTERA.MX": 6, "ALPEKA.MX": 4, "BBVA.MX": 1, "GMEXICOB.MX": 1, "VESTA.MX": 1}, "qty": {"GNP.MX": 67693.80235290527, "BAFARB.MX": 56800.0, "MAXCOMA.MX": 1242.1500303745272, "ANB.MX": 1104.5, "TMMA.MX": 1025.2800407409668, "VOLARA.MX": 1008.949990272522, "LABB.MX": 504.65999603271484, "HOMEX.MX": 162.74700335785744, "TS.MX": 269.9800109863281, "GFMULTIO.MX": 90.2999973297119, "GENTERA.MX": 57.47999954223634, "ALPEKA.MX": 45.84000015258789, "BBVA.MX": 76.88999938964844, "GMEXICOB.MX": 51.400001525878906, "VESTA.MX": 33.029998779296875}, "pct": {"GNP.MX": 0.5200534502084179, "BAFARB.MX": 0.43636248733441674, "MAXCOMA.MX": 0.009542740790435739, "ANB.MX": 0.008485252944733509, "TMMA.MX": 0.007876650506902472, "VOLARA.MX": 0.007751195904073121, "LABB.MX": 0.0038770192099826114, "HOMEX.MX": 0.0012502937885819955, "TS.MX": 0.0020741047381085793, "GFMULTIO.MX": 0.0006937241450895119, "GENTERA.MX": 0.00044158654176463706, "ALPEKA.MX": 0.0003521629663026988, "BBVA.MX": 0.0005907026652255066, "GMEXICOB.MX": 0.0003948773330074883, "VESTA.MX": 0.0002537509229575129}}