{"allocation": {"GFMULTIO.MX": 5102, "GNP.MX": 1123, "ACCELSAB.MX": 338, "TS.MX": 2, "BACHOCOB.MX": 21, "ANB.MX": 1, "FEMSAUBD.MX": 8, "FRES.MX": 9, "MONEXB.MX": 85}, "qty": {"GFMULTIO.MX": 66326.0, "GNP.MX": 46043.0, "ACCELSAB.MX": 6726.199871063233, "TS.MX": 1741.6400146484375, "BACHOCOB.MX": 1751.1899871826172, "ANB.MX": 1566.25, "FEMSAUBD.MX": 1434.1600341796875, "FRES.MX": 1436.9400329589844, "MONEXB.MX": 1020.0}, "pct": {"GFMULTIO.MX": 0.5179882322272168, "GNP.MX": 0.3595834540970018, "ACCELSAB.MX": 0.05252981305700597, "TS.MX": 0.013601740378794563, "BACHOCOB.MX": 0.013676323097348345, "ANB.MX": 0.012231991507491456, "FEMSAUBD.MX": 0.011200404378911153, "FRES.MX": 0.011222115422141287, "MONEXB.MX": 0.00796592583408861}}