{"allocation": {"GNP.MX": 1626, "BAFARB.MX": 1051, "KUOB.MX": 96, "VESTA.MX": 148, "BACHOCOB.MX": 33, "MAXCOMA.MX": 433, "GFMULTIO.MX": 40, "SIMECB.MX": 6, "VOLARA.MX": 24, "TLEVISACPO.MX": 9, "ICHB.MX": 2}, "qty": {"GNP.MX": 74796.0, "BAFARB.MX": 42040.0, "KUOB.MX": 4578.239868164062, "VESTA.MX": 4482.920135498047, "BACHOCOB.MX": 2229.4799194335938, "MAXCOMA.MX": 649.5, "GFMULTIO.MX": 515.9999847412108, "SIMECB.MX": 306.2999954223633, "VOLARA.MX": 262.5599899291992, "TLEVISACPO.MX": 236.43000411987305, "ICHB.MX": 156.6199951171875}, "pct": {"GNP.MX": 0.5742316654397515, "BAFARB.MX": 0.32275388008833567, "KUOB.MX": 0.03514854142305093, "VESTA.MX": 0.034416742812990536, "BACHOCOB.MX": 0.01711639616023364, "MAXCOMA.MX": 0.004986409255884253, "GFMULTIO.MX": 0.003961488991454514, "SIMECB.MX": 0.0023515583252523117, "VOLARA.MX": 0.0020157529853854278, "TLEVISACPO.MX": 0.0018151451284250763, "ICHB.MX": 0.0012024193892361667}}