{"allocation": {"GNP.MX": 2013, "GFMULTIO.MX": 2882, "BAFARB.MX": 148, "ACCELSAB.MX": 41, "AXTELCPO.MX": 66, "LABB.MX": 10, "SIMECB.MX": 3}, "qty": {"GNP.MX": 82533.0, "GFMULTIO.MX": 37177.79890060424, "BAFARB.MX": 6068.0, "ACCELSAB.MX": 719.9599781036377, "AXTELCPO.MX": 188.0999937057495, "LABB.MX": 188.70000839233398, "SIMECB.MX": 168.0}, "pct": {"GNP.MX": 0.6496433249121556, "GFMULTIO.MX": 0.292638203999661, "BAFARB.MX": 0.047763145597118244, "ACCELSAB.MX": 0.0056670325079535445, "AXTELCPO.MX": 0.001480594493438487, "LABB.MX": 0.0014853173986520243, "SIMECB.MX": 0.001322381091021072}}